{"times":[44.702206395,35.183869088,36.690357701,34.265154031,34.53194748,34.463828772,34.338286508,35.194775811,38.872705366,34.924195687],"energies":[-0.6358502954382462,-0.6359594867438579,-0.636050586257505,-0.6361276465398462,-0.6361942316515665,-0.6362530374281993,-0.6363060549220744,-0.6363547557283313,-0.6364002615786117,-0.6364433807058604,-0.6364847783240144]}