{"times":[2511.038663329,2508.217951758,2505.900664493,2446.350542982,2412.184851665,2474.552011363,2436.877037235,2448.930397273,2406.924628641,2410.168011372],"energies":[-0.6478266004348733,-0.6486983132147083,-0.649419632437212,-0.6500146140274533,-0.6505111792650748,-0.6509324416796413,-0.6512941804969256,-0.6516092763082164,-0.6518852959853997,-0.6521298413208858,-0.6523467646123848]}