{"times":[239.726520054,240.295338644,240.744850103,240.968577557,238.810777076,239.622068517,239.313200152,240.120091388,240.486852147,240.453428372],"energies":[-0.6454299653258508,-0.6460862744276065,-0.6465701922591662,-0.6469411867990081,-0.6472294017644006,-0.6474527177509484,-0.6476253964128559,-0.6477582846170244,-0.6478597012104536,-0.6479361636871707,-0.6479928686825079]}