{"times":[388.76990574,16.436157699,15.145877676,14.773487183,14.848832631,14.681594254,15.128935971,14.915841549,14.395017034,14.485709478],"energies":[-0.6358502954382542,-0.6359625381818074,-0.6360553952234526,-0.6361331455804923,-0.636199739131799,-0.6362580910075369,-0.636310363827268,-0.6363581284633074,-0.6364026081039096,-0.6364445877939634,-0.6364847589742584]}