{"times":[88.133586926,85.930566067,86.953790563,87.076001637,85.297009856,84.933226299,85.784008584,84.553083829,86.70053298,85.916480366],"energies":[-0.6454299651814357,-0.6460785046977151,-0.6465562846180913,-0.6469226478165203,-0.6472067569878042,-0.647427116910163,-0.6475985185957317,-0.6477298938386185,-0.6478330524190778,-0.6479131009938609,-0.6479737072803963]}