{"times":[173.628843604,159.076924314,161.665503599,173.770776658,163.38407143,158.160626938,174.418520805,175.128174712,175.988717879,170.076783422],"energies":[-0.6454299651878992,-0.6460866799606868,-0.646570418861632,-0.6469409265652567,-0.6472286283599545,-0.6474522278081922,-0.6476257117666521,-0.6477597452706036,-0.6478628458609899,-0.6479414990935881,-0.6480008478466627]}