{"times":[3559.725591588,3526.562666467,3578.803753662,3568.133537617,3572.22285467,3611.05879715,3574.42886041,3562.526692657,3668.451402995,3626.101113842],"energies":[-0.6478265413650957,-0.645923600777077,-0.6466929299492548,-0.647318926129724,-0.6478354863982304,-0.6482686445489583,-0.6486254861347145,-0.6489263446882236,-0.6491880282338062,-0.6494160705082069,-0.6496254365998709]}