{"times":[361.75291372,378.801753728,379.586038876,389.238198082,398.943867046,415.498437451,420.538219778,421.281380383,412.701949813,418.328246977],"energies":[-0.6454299651866904,-0.6460773980254503,-0.6465546219123749,-0.6469195852418065,-0.6472026988254139,-0.6474241444759687,-0.6475958546687857,-0.6477300973131861,-0.6478341911282964,-0.6479140079220242,-0.6479737739404366]}