{"times":[1033.010029056,1033.55887939,1040.311943159,1060.919009427,1068.987506371,1074.809368164,1073.850018675,1081.633333193,1088.320403757,1056.473111997],"energies":[-0.6478265090097185,-0.6459212630488458,-0.646682833529544,-0.6473058286298852,-0.6478245472235252,-0.6482589723102476,-0.648624767966903,-0.6489399235117846,-0.6492153418395836,-0.6494517188970019,-0.649671754547258]}