{"times":[89.310360276,91.084123634,91.67811589,90.555149809,91.314312485,90.672519411,92.504379844,92.275083104,91.170829985,94.953770642],"energies":[-0.6454299653602723,-0.6460781425907405,-0.6465576776777631,-0.6469255534778441,-0.6472120971171151,-0.647434656462512,-0.6476064393056657,-0.6477389487357368,-0.6478413070699627,-0.6479198661649065,-0.6479785482168785]}