{"times":[385.853663191,18.772996941,18.188080244,17.091412909,17.264892793,16.926721606,17.034219064,16.474061804,15.637803504,15.860011687],"energies":[-0.6358502954382504,-0.6359625389036858,-0.6360553957837992,-0.6361331466496467,-0.6361997397102139,-0.6362580912864548,-0.6363103640451683,-0.6363581262595259,-0.6364026013802019,-0.6364445945955888,-0.6364847678495446]}