{"times":[63.250251931,66.12188727,62.429959375,62.710424082,65.516994751,66.314502183,65.601470128,64.675627689,62.474312884,65.745641817],"energies":[-0.645429965200592,-0.6460868339492848,-0.6465703839613431,-0.6469406726733733,-0.6472281573573337,-0.6474514641531225,-0.6476247826084665,-0.6477587725429346,-0.6478618813419408,-0.6479406669945825,-0.6480000592338844]}