{"times":[584.747053847,585.055406519,576.50165183,567.998933831,591.921926564,597.166387041,598.371808335,600.582062404,609.612658503,613.238045962],"energies":[-0.6478265235937423,-0.6461484178782374,-0.6468808492975674,-0.6474741293429741,-0.6479591838391646,-0.6483606109649617,-0.6486982141594718,-0.6489885164912943,-0.649242917425936,-0.649475484740721,-0.649683219880807]}