{"times":[515.279923073,519.905425546,528.766151695,553.115502482,539.027094756,543.35036718,547.907043828,553.454895366,561.013997627,561.098987083],"energies":[-0.6478265108285456,-0.6461357238480658,-0.6468688958822653,-0.6474591916612019,-0.6479395200451004,-0.6483399994481543,-0.6486778292992591,-0.6489677163483176,-0.6492217815867148,-0.6494537169240647,-0.64966442149707]}