{"times":[397.551042056,14.649195549,14.182124549,15.197065914,14.607573528,14.938852434,14.49859325,14.792565519,14.58526123,15.53350367],"energies":[-0.6358502954382509,-0.6341103483040673,-0.6342230654897201,-0.6343329166645281,-0.634442503953083,-0.6345540245421689,-0.6346693292876455,-0.6347897857501186,-0.6349161817097158,-0.6350486084112369,-0.6351863859771122]}