{"times":[382.218187417,20.630890192,19.832523378,19.753025312,19.692292861,19.714708553,19.879451825,18.885429713,19.252826771,19.555161155],"energies":[-0.6358502954382527,-0.6359625387226795,-0.6360553959041769,-0.6361331465113196,-0.6361997398454275,-0.6362580918694214,-0.6363103647295105,-0.6363581260411386,-0.6364026037571553,-0.6364445836937204,-0.6364847632519273]}