{"times":[415.103189033,45.368091009,44.001675242,43.009428993,46.914814821,44.385573583,45.287661888,42.2570979,43.151537467,42.379914149],"energies":[-0.6358502954382529,-0.6341103483958522,-0.6342230655413783,-0.6343329169388651,-0.634442504334164,-0.6345540255954132,-0.63466933127153,-0.6347897801769612,-0.6349161730956687,-0.6350485934905562,-0.6351863594966969]}