{"times":[423.758502964,82.866614916,82.023522908,82.3717326,82.703553465,84.530390644,82.118533903,84.199705719,82.742596382,83.60274088],"energies":[-0.635850295438253,-0.634110347912304,-0.6342230656731686,-0.6343329166821787,-0.6344425045574491,-0.6345540260538423,-0.6346693315483921,-0.6347897823626227,-0.6349161821830862,-0.6350485902045536,-0.6351863331314901]}