{"times":[388.599192938,42.27308184,41.643015731,39.91471721,39.752930037,39.965509432,38.985145398,39.000896879,39.23239964,39.528823982],"energies":[-0.6358502954382524,-0.6359625383046705,-0.6360553953647743,-0.6361331458922219,-0.6361997387782192,-0.6362580905633588,-0.6363103632995205,-0.6363581247645698,-0.6364026021124812,-0.6364445959060961,-0.6364847642346693]}