{"times":[431.794139209,19.548616438,16.961935752,16.899360299,17.100639225,17.415750854,16.450491154,17.176108832,16.755693838,17.004725397],"energies":[-0.6358502954382527,-0.6341103482387048,-0.6342230658654177,-0.6343329169456553,-0.6344425046151527,-0.6345540258983635,-0.6346693306906852,-0.634789782787663,-0.6349161724441514,-0.6350485826573065,-0.6351863315994641]}