{"times":[528.530507962,545.606490266,530.283275745,539.672662822,533.240715135,540.782989756,539.276341674,523.652246785,536.966685819,538.677064174],"energies":[-0.6478264791178732,-0.6459299284753124,-0.6466924006464743,-0.6473197315599513,-0.6478358333396474,-0.6482657493689433,-0.6486329263928386,-0.6489471388832004,-0.6492180798092306,-0.6494580545940187,-0.6496682748796705]}