{"times":[3971.461339504,4040.065232302,4055.004235206,4005.557860513,3937.112720431,4054.82919876,4045.78049093,4108.402803332,4124.581108371,4131.91618586],"energies":[-0.6478265376062131,-0.6461488361340695,-0.646882412089958,-0.647475084121534,-0.6479610768208393,-0.6483661829289861,-0.6487000141906759,-0.648991400625878,-0.6492511213831136,-0.6494835115559318,-0.6496929272393055]}