{"times":[1824.340744064,1763.513248822,1866.433447343,1894.763267183,1896.141115684,1920.268660582,1913.822521317,1947.210048713,1951.472715822,1963.602444686],"energies":[-0.6478264805014317,-0.6459271960016133,-0.6466976817087616,-0.6473240070443914,-0.6478363071289107,-0.648264287547477,-0.6486262459184675,-0.6489291494880882,-0.649198630338118,-0.6494368150421345,-0.649651481309359]}