{"times":[377.51210824,20.025494042,20.130089358,19.679953479,19.832142556,20.006522161,20.303529174,19.601832932,19.935401257,19.206170845],"energies":[-0.6358502954382548,-0.6341103480961604,-0.6342230662282221,-0.63433291765057,-0.6344425050066087,-0.6345540261010172,-0.6346693311986392,-0.6347897812652041,-0.6349161804375545,-0.6350485966977945,-0.6351863757260586]}