{"times":[1063.451092001,1088.167747886,1107.133117499,1102.71965093,1104.89254136,1135.271891551,1138.463761905,1155.232175011,1155.298373849,1150.898345263],"energies":[-0.6478265147244798,-0.6461472436173844,-0.646877313200246,-0.6474695881757484,-0.6479490926554198,-0.6483518221879515,-0.6486881329814939,-0.6489793361349194,-0.6492347019760939,-0.6494628191431974,-0.6496708553576989]}