{"times":[326.970052196,320.947108908,310.218554823,332.510264977,334.347122823,340.912511938,325.460946945,337.423398285,339.220962082,338.177515798],"energies":[-0.6454299651412585,-0.6460867391279598,-0.646570179491368,-0.6469404807232891,-0.6472285446325367,-0.6474524155018375,-0.647625854042031,-0.6477597538288774,-0.6478627314286669,-0.6479412996672086,-0.6480005601005208]}