{"times":[2076.59815355,2120.079091425,2188.439814778,2130.30717866,2130.375259473,2086.60893462,2121.199177341,2098.774434677,2131.030932195,2131.650021394],"energies":[-0.647826452674403,-0.6461488165772502,-0.6468816853130922,-0.6474727504240037,-0.6479553932574137,-0.64835896119073,-0.6487016570103776,-0.6489955056814475,-0.6492565494151066,-0.6494869839669518,-0.649697584479058]}