{"times":[109.020075607,106.826160396,108.842364161,110.47115694,111.165270534,110.535026649,112.722714111,109.025976726,114.108666893,113.91193699],"energies":[-0.6454299652481474,-0.6460777736824778,-0.6465549202317662,-0.6469195618670689,-0.6472033445599951,-0.6474243018490026,-0.6475973289238843,-0.647731495305074,-0.6478349420778637,-0.6479146024114675,-0.6479758610965218]}