{"times":[60.28121412,54.652878857,56.850621138,57.6437088,55.800769726,58.41430669,53.353516171,54.808940327,57.496459675,56.739542627],"energies":[-0.6454299652069306,-0.6460866848006306,-0.6465703188488205,-0.6469408750221506,-0.6472286394332519,-0.6474524578082537,-0.6476259719041806,-0.6477599483037711,-0.6478629675906054,-0.6479415152780397,-0.6480008165233363]}