{"times":[674.18002633,680.69148264,686.558469309,697.31516972,686.842435064,711.994373225,716.41348273,719.166148591,727.06529296,720.626572131],"energies":[-0.6478264703479459,-0.6461496957041797,-0.6468826574551056,-0.647473568858851,-0.6479592052434796,-0.6483629422797046,-0.6487008373101488,-0.6489928794458497,-0.6492481726700525,-0.6494818789090495,-0.6496876432349546]}