{"times":[80.366021221,75.254789623,73.994515845,74.89897031,73.964104109,75.775055362,75.347532589,74.607277086,72.588382766,74.056232787],"energies":[-0.6454299651892265,-0.6460750506011006,-0.6465536374569915,-0.6469219339021494,-0.6472088850966492,-0.6474322164935115,-0.6476057524703203,-0.6477402918512769,-0.6478431935369541,-0.6479222195282398,-0.6479814826392328]}