{"times":[99.746420153,92.218583916,89.594379342,97.24206637,98.040434151,93.526468564,94.692675052,94.862956782,98.065144963,95.612024396],"energies":[-0.645429965262127,-0.6460867766447361,-0.6465704850662103,-0.646940878495879,-0.6472287692237704,-0.6474526163254588,-0.6476261598165461,-0.6477600805750958,-0.6478629885622686,-0.6479415872693053,-0.6480008169633352]}