{"times":[62.747546405,63.783922261,63.767253867,62.965375624,62.55358675,64.8206489,64.65899189,62.974082311,66.343273864,64.55456864],"energies":[-0.6454299652899869,-0.6460754283321073,-0.6465546592304348,-0.6469233016937298,-0.6472098436669161,-0.6474324586691657,-0.6476056113956038,-0.6477392343362379,-0.647841778799659,-0.6479197753190035,-0.6479784917856557]}