{"times":[612.845264635,617.885312503,629.065764276,630.438511498,634.890025376,644.166582303,648.191903311,646.327607281,647.474646918,661.039963655],"energies":[-0.6478264596763735,-0.646143713422514,-0.646876326484046,-0.6474674642193338,-0.6479475495424374,-0.6483461484319428,-0.6486833276882641,-0.6489762146146789,-0.6492336803600515,-0.649469864101315,-0.6496813568096468]}