{"times":[384.646396111,13.158492487,13.022873267,12.311855566,13.027689043,12.265768987,12.311797166,12.64406951,12.197370128,12.120377664],"energies":[-0.6358502954382551,-0.6341103486311905,-0.6342230661626913,-0.6343329177650183,-0.6344425054895184,-0.6345540261186048,-0.634669331329386,-0.6347897824794088,-0.6349161831080452,-0.6350485968905921,-0.6351863556586193]}