{"times":[856.704921738,875.535935001,886.042015202,868.106548639,907.792239417,911.614809285,918.13697195,931.803099715,929.679004993,935.650777026],"energies":[-0.647826518717526,-0.6461394013419505,-0.6468722025353745,-0.647466334736217,-0.6479542956461427,-0.6483568550998833,-0.6486954081001614,-0.6489893834480834,-0.6492510439479412,-0.6494818012204218,-0.6496901143922729]}