{"times":[75.70232551,74.779827924,73.097217915,75.03842399,76.662711838,73.285673947,75.974250774,76.529303165,76.686153002,74.724012312],"energies":[-0.6454299651752587,-0.6460784125704748,-0.6465557190413632,-0.6469209649681902,-0.6472056729386167,-0.6474274574013623,-0.6475997918948225,-0.6477340182113406,-0.6478382734394853,-0.6479179974617061,-0.64797745141683]}