{"times":[379.999353911,26.182406094,25.85603425,23.58702937,23.566408838,23.275229737,22.860195546,22.947428887,22.709845915,22.026073697],"energies":[-0.6358502954382551,-0.6341103479382909,-0.6342230656435836,-0.6343329174821416,-0.6344425054438106,-0.6345540261382113,-0.6346693307561179,-0.63478978750781,-0.6349161824876147,-0.6350485897903458,-0.635186327622835]}