{"times":[209.784287548,208.490082181,214.468396199,215.798760929,216.272771034,219.949291093,223.019573008,221.304642926,220.855299493,219.553743137],"energies":[-0.6454299651755808,-0.646076453048098,-0.6465549415644856,-0.6469230410396792,-0.6472095348553768,-0.6474319605252415,-0.6476041099478472,-0.6477359972721771,-0.6478368050812071,-0.6479137573580158,-0.6479719830216354]}