{"times":[380.496013779,16.62977233,14.911486368,14.602482527,14.994736422,14.553242698,14.864038287,14.619760656,14.947604242,14.402197887],"energies":[-0.6358502954382537,-0.6341103483258932,-0.634223066149698,-0.6343329178417814,-0.6344425052858071,-0.6345540258267365,-0.634669330360648,-0.6347897858590295,-0.6349161785422018,-0.6350486021251049,-0.6351863842707562]}