{"times":[178.562180935,157.217534566,152.699683285,151.025706721,151.31347654,153.019376644,151.065309236,153.557740315,151.472925171,154.137196176],"energies":[-0.6358502954382462,-0.6341103469437737,-0.6342230643114414,-0.6343329156604978,-0.6344425023185946,-0.6345540222643651,-0.6346693269950104,-0.6347897820126654,-0.6349161582823614,-0.635048574830967,-0.6351863927349963]}