{"times":[7287.740424705,7518.063873842,7535.222380934,7556.150351578,7642.164552757,7826.559574794,7875.007158084,7859.439812062,8169.420819278,8145.377349003],"energies":[-0.6478266004348733,-0.6461431396740528,-0.6468790298177669,-0.6474694198192293,-0.6479506539268709,-0.6483507436053222,-0.6486922894366733,-0.6489862892824128,-0.6492494797850256,-0.6494808800961251,-0.6496917247312095]}