{"times":[761.992973202,758.38632965,737.215684453,757.935261781,752.393826074,757.84867972,749.30110929,758.858458428,760.030905114,744.452841288],"energies":[-0.6454299653258508,-0.6460791555732657,-0.6465560935538832,-0.6469209873281021,-0.6472051914284199,-0.6474268909226438,-0.6475990004580524,-0.6477322463541587,-0.6478348977765185,-0.6479132163151337,-0.6479721487541318]}