{"f_su":[[0.9368073577448088,0.9076470220209889,0.9043805905857486,0.904552895013966,0.9044654447405506,0.9044654404907188,0.9045531060114808,0.9043807088370812,0.9076570102215847,0.9368132804876323],[0.9234810767836237,0.8945290141779636,0.8921994703192706,0.8921442356523108,0.8921064033711816,0.8921064082745038,0.8921443302787273,0.8921997103444044,0.8945359222069296,0.9234838011739741],[0.9194831919348966,0.89255251628413,0.8907027371422005,0.8906946080092759,0.8906753937413665,0.8906754005336439,0.8906946537065141,0.8907029031951108,0.8925585625535515,0.9194855490840982],[0.9198038181398511,0.8925224032679548,0.8906887131813063,0.8906882579819922,0.8906690267682876,0.8906690317633232,0.8906883004873585,0.8906888557638226,0.8925282392774223,0.9198059209947642],[0.91963389608141,0.8924790806411554,0.890671150527042,0.890670484809612,0.8906521477015098,0.8906521527557314,0.8906705253275631,0.8906712892802431,0.8924848851366706,0.9196359695185916],[0.9198040900643278,0.8925224888303961,0.8906887519850262,0.8906882929391704,0.8906690597345067,0.8906690647741389,0.890688335548564,0.890688894972677,0.8925283261169482,0.9198061967423161],[0.9194832378679333,0.892552768275866,0.8907029283629859,0.8906947722028389,0.8906755535311875,0.8906755604057782,0.8906948184529837,0.8907030950466126,0.8925588175732275,0.9194855989254591],[0.9234902315522996,0.8945337398914832,0.8922034972090822,0.8921480069085076,0.8921101515770089,0.8921101571937085,0.8921481034601797,0.8922037411714978,0.8945406597002172,0.9234929749799915],[0.9368082363634399,0.9076482993918602,0.9043812841609614,0.904553606264823,0.9044661144351201,0.9044661106320101,0.9045538198783359,0.9043814053152391,0.9076582953073822,0.9368141677790198]],"f_bp":[[0.9999999999994544,0.9999999999998493,0.9999999999999181,0.9999999999999027,0.9999999999998964,0.9999999999998949,0.9999999999997922,0.9999999999985713,0.9999999999999968,0.9999999999999881],[0.99999999999943,0.9999999999998652,0.9999999999999271,0.999999999999828,0.9999999999998852,0.9999999999998886,0.9999999999998354,0.9999999999987755,0.9999999999999952,0.9999999999999867],[0.9999999999929214,0.9999999999975219,0.9999999999977972,0.9999999999980275,0.9999999999975537,0.9999999999903648,0.9999999999867335,0.9999999999730741,0.9999999999999418,0.9999999999997454],[0.9999999999958231,0.9999999999985142,0.9999999999991344,0.9999999999988956,0.9999999999989051,0.9999999999986039,0.9999999999909254,0.9999999999855855,0.9999999999999889,0.9999999999999309],[0.999999999996264,0.9999999999986311,0.9999999999991493,0.9999999999988671,0.9999999999990068,0.9999999999978831,0.9999999999956917,0.9999999999864724,0.9999999999999879,0.9999999999999476],[0.9999999999962357,0.9999999999984689,0.9999999999992102,0.999999999998878,0.9999999999989353,0.9999999999988483,0.9999999999966835,0.9999999999847403,0.9999999999999768,0.9999999999999213],[0.9999999999973623,0.9999999999989798,0.9999999999993266,0.9999999999980996,0.99999999999923,0.9999999999991481,0.9999999999969168,0.9999999999898139,0.9999999999999785,0.9999999999998578],[0.9999999999968041,0.999999999998803,0.9999999999993264,0.9999999999990483,0.9999999999991358,0.9999999999988775,0.9999999999969009,0.999999999989251,0.9999999999999901,0.9999999999999571],[0.9999999999875948,0.9999999999954435,0.9999999999974669,0.9999999999967314,0.999999999996672,0.9999999999956931,0.9999999999900602,0.9999999999462102,0.9999999999999771,0.9999999999998814]],"d_bp":[[5.48141054636242e-7,2.7287586066432334e-7,1.895080312536157e-7,2.42724576431097e-7,1.78491531298286e-7,2.1096457313019013e-7,3.4673110684696473e-7,7.915185986501205e-7,1.2827926228198283e-8,6.851526216516968e-8],[6.124016155642509e-7,2.543585175575347e-7,1.745046825721297e-7,3.923811315448278e-8,1.1635823706293569e-7,1.4073770506980998e-7,2.295043382109785e-7,7.41917930497521e-7,2.9186503297529143e-8,8.841466461045888e-8],[1.3944416097921852e-6,6.670837652197892e-7,7.071354127113905e-7,5.934257565481937e-7,5.845257016849625e-7,1.3855257821639155e-6,1.1341701247440106e-6,1.9494660451341295e-6,5.188496964708689e-8,2.3222092795927018e-7],[1.2786197928979504e-6,4.7515006542514504e-7,3.457525942218709e-7,4.714340502733061e-7,4.343307290557985e-7,5.877257251117596e-7,7.333524204775066e-7,1.560020114432098e-6,4.7454420355058646e-8,1.7347373335030447e-7],[1.2670617424853647e-6,4.7537692349913785e-7,3.7100951639709723e-7,4.454758435364081e-7,4.0221630683012766e-7,7.865971506058889e-7,1.2956582357316615e-6,1.741797718106397e-6,1.7867057871406855e-8,1.230849971667336e-7],[1.0141901809826437e-6,5.766727821862605e-7,3.0398474334947245e-7,4.76932683114023e-7,4.647538332722134e-7,4.6268464292884004e-7,9.348752721752285e-7,1.9770995412539405e-6,7.357477423489134e-8,2.0069434820274568e-7],[8.820525356570408e-7,4.016893726914439e-7,2.8983661418818807e-7,8.834588511273667e-7,3.7608380916431816e-7,4.781520384460058e-7,1.1153871093856627e-6,1.4310537555517477e-6,4.044092262456278e-8,2.619862335892509e-7],[7.334657753099716e-7,4.7143600142088293e-7,4.1028878177903905e-7,3.179581052406566e-7,4.410808645063935e-7,3.687214761467772e-7,8.835887381521135e-7,1.4151407600852817e-6,6.03636772754379e-8,1.0198750075712804e-7],[1.6625071813450298e-6,8.906593329666146e-7,6.266348157382695e-7,7.38013147656702e-7,7.999977342451614e-7,1.1667514902558018e-6,1.1664349721246525e-6,3.1598199030022367e-6,4.562698999871495e-8,2.0109905422144303e-7]],"d_su":[[0.23843544089716154,0.31391346028507305,0.31572054212228795,0.31635418095216317,0.31689104994234996,0.317520200323806,0.3181794620456656,0.3185554620221377,0.3173826142362698,0.24130735772831285],[0.28368424968116324,0.3396380707911083,0.34060866143401186,0.34095567842526436,0.34163841289218533,0.342343120186395,0.34300051244583674,0.34378754222722385,0.34359625700749297,0.28723750831601147],[0.2844380569913007,0.34089283636207124,0.34016816122697596,0.3406933126671564,0.3413097913094123,0.34202328699845524,0.3427633954284226,0.3433872696046004,0.3449164473130376,0.2880699981781751],[0.284835161351918,0.3405775067022211,0.3400323196786535,0.3405003062052019,0.34113957667539063,0.3418585264003393,0.34258616410959386,0.34327585136829747,0.34463184898121824,0.2884997796298435],[0.2845748757155545,0.3405254037224468,0.33988276492691216,0.3403760224568769,0.3410144137197381,0.3417377555853831,0.34247449178814277,0.3431458540585859,0.3446041118569609,0.2882609178558716],[0.2846554150281077,0.34035794169249994,0.33981370944972167,0.3402870017448283,0.3409331864123476,0.34165970388078715,0.34239480139105327,0.3430912983701859,0.34445471078959966,0.28835815463887193],[0.284096348021025,0.34047615352052657,0.3397526383186948,0.3402880258725177,0.3409176009691802,0.34164546082249203,0.34239973740218627,0.3430364096728439,0.3445802224606215,0.2878005894012127],[0.2832099513590155,0.33906533410157963,0.34003825693800954,0.340399614317958,0.34110038240986323,0.34182474067692437,0.3425014600184534,0.34330561446233365,0.3431335085621023,0.28686125879646146],[0.2379766177210027,0.3133119796156012,0.31511071478096214,0.31575948476843907,0.3163149651598435,0.31696475102041066,0.3176445495338065,0.3180385610770139,0.31689440690314363,0.24094145021188174]]}