{"f_su":[[0.9400380064768896,0.9011651318504641,0.8912956942474337,0.8911995647060584,0.8885761925379535,0.8886891756665443,0.8910498612718917,0.8913317176133445,0.9002091966718254,0.9403285931569941],[0.9280506248556322,0.8866669831638676,0.8788810478396067,0.8753078364897415,0.8727348370307817,0.8728468124111466,0.8752799249500314,0.8786966491276824,0.8840934940088572,0.9302047887417298],[0.9168401506714677,0.8802630765315751,0.8702080064722268,0.868876432376938,0.8661580263629163,0.8661707239088451,0.8686788845148548,0.8701431674842371,0.8776757143512365,0.9183117354128288],[0.9185926595106029,0.8770269326987203,0.8688680723812497,0.8672347107704159,0.8648913235932071,0.8650458115231271,0.8668745463363065,0.8692355717560536,0.874903947618648,0.9201807307321725],[0.9156926341424156,0.8758632911346834,0.8671073673484295,0.8659531398932194,0.8636293088360434,0.8639071268213411,0.865604558078167,0.8673693591301712,0.8736181401978599,0.9172608215796432],[0.9186032948233636,0.8769312632096411,0.8688581781069459,0.8670284327417155,0.8646350192104357,0.865038662215169,0.8667546592832451,0.8689300791639655,0.8746738705617862,0.9201613022777584],[0.9167850672928084,0.8798109560321139,0.8699508631223698,0.8688007224553568,0.8661089983548034,0.8661990707276525,0.8684066579456267,0.8698372483106807,0.8776878647272179,0.9182964719459284],[0.9283180523741241,0.8856045343326695,0.8773346395408088,0.8745726130815079,0.8719938615984634,0.8720799255798256,0.8742034637399829,0.8775644778176841,0.8837614892208504,0.9301357463298219],[0.9399739019430716,0.9016626442292832,0.8913954156054741,0.8914855310599318,0.8889940283680374,0.8891250007954521,0.8914530417619323,0.8917820770266562,0.9011488655559129,0.9405072960751044]],"f_bp":[[0.9999994083255603,0.999999961520735,0.9999998052062538,0.9999983041703733,0.9999990486529431,0.9999990430668653,0.9999993433585301,0.9999998273165744,0.9999997421138987,0.9999993223168598],[0.9999995319264097,0.9999999725134693,0.9999998561852264,0.9999987924922437,0.9999993205029674,0.999999306356121,0.9999994876956361,0.999999862053206,0.9999998124531551,0.9999994513190148],[0.9999886045729071,0.9999993319936448,0.999996455062782,0.9999690299164236,0.9999843590479155,0.9999840771825759,0.9999846085059619,0.9999964452816512,0.999995600161291,0.9999880679436444],[0.9999954731158431,0.9999997296162241,0.9999984624856686,0.999988325302404,0.9999930024999032,0.9999928905728265,0.9999928581722726,0.9999983678287716,0.9999981531985882,0.9999951204584998],[0.9999958907466728,0.9999997613012404,0.9999986783473723,0.9999892649067942,0.9999938694101689,0.9999937722650266,0.9999937347895684,0.9999985658684489,0.9999983162261414,0.9999954963750074],[0.9999940796092818,0.9999996358772549,0.999998197831826,0.9999853415699875,0.9999919416773527,0.9999918738275214,0.9999923105123492,0.9999981218061629,0.9999977398596814,0.9999936192020848],[0.9999983573964033,0.9999999087262748,0.9999994656622815,0.9999954148683775,0.9999973932225739,0.9999973656385287,0.9999969029651233,0.9999994967130195,0.9999993380460971,0.9999981901858188],[0.9999979407170664,0.9999998777486796,0.9999993193808127,0.9999941129281185,0.9999967091813847,0.9999966639213547,0.9999963794976836,0.9999993548826634,0.9999991716210418,0.9999977883298541],[0.9999965900916503,0.9999997855165086,0.9999988632657085,0.9999900920930019,0.9999944016380278,0.9999943266474313,0.9999946298905358,0.9999989664976258,0.9999986606985469,0.9999961304180627]],"d_bp":[[0.0007396210712787912,0.00018544710356913768,0.0003979234975403992,0.0011875198790848793,0.0008620864868859601,0.0008537886980079443,0.0007410544020327314,0.00037937054993312375,0.0004989772574437445,0.000779947193592867],[0.000648066423044151,0.0001603211965978818,0.00035257426244908463,0.0009296398449883808,0.0006997427306613263,0.0006909924115117982,0.000638680642538636,0.0003317496337266815,0.00041636111597793957,0.0007002784205063506],[0.0031070076803315014,0.0007103874277568367,0.0016036957900558563,0.004873841029355404,0.0034261890966195696,0.003502659370967838,0.0034256286813076978,0.0016656822196671334,0.0019231192552588428,0.0031556338716841395],[0.002022275884239623,0.0005035345049878778,0.0011490478582517616,0.0031132383040035558,0.002412113559071928,0.0024378665049056905,0.0023966927919869055,0.0011579442420079702,0.001303278356867714,0.002097818380860615],[0.0019081162922370762,0.0004597691334664103,0.0010417548567064894,0.002972008539787248,0.0022360589783540358,0.0022910327828478128,0.002260089231936588,0.0010971202699864013,0.0012219637211088666,0.001967563269195123],[0.0023636718778582075,0.0005813668033222003,0.0012525538174166725,0.0035635989961339196,0.002602628701324501,0.002645073967623854,0.002592318698629907,0.0012688408725641948,0.0014410975151185057,0.0023943543664838376],[0.001200405042583709,0.00027289034268986045,0.0006295123000101752,0.0018602485631874083,0.0013362707922513622,0.0013854751802150136,0.0015013286429933423,0.0005967863452979241,0.0007502164692528498,0.0012312500656871117],[0.0013467945795050049,0.0003345708125076785,0.0007463346081554509,0.002097994178532868,0.0015387828488531152,0.0015557686726784883,0.0016940419201042708,0.0007137195702934251,0.000859549839266123,0.001383478390386779],[0.0017031973048649077,0.0004326902398116561,0.0009781359786083035,0.002802508146842561,0.0020768293753565467,0.002129557283514008,0.0020841854384442,0.0009240191190373823,0.001107406151768263,0.0018068780899063233]],"d_su":[[0.23832524789554566,0.33613395307830274,0.3498281214468176,0.35139052706643203,0.35561875978340174,0.35544354724375443,0.35163506564090974,0.3498410103852755,0.33759132932038255,0.2363683694757646],[0.2864412434030969,0.3626787066745048,0.373705208479031,0.38000690827435224,0.3838669741884414,0.3837194361891199,0.38001371328056366,0.37414715727852726,0.3660974115750462,0.28124155130186346],[0.30403179936856845,0.373602245264415,0.3873738025760203,0.3897329135883504,0.3936243521306917,0.393598509457327,0.38997178134481286,0.38746833876987097,0.37725532249152477,0.3005677204125996],[0.30254397085234447,0.37888836405704407,0.3896681981638076,0.3921534821354079,0.39557603638091243,0.395358040896538,0.3926923635696271,0.3891854722928989,0.3818361181716632,0.29914304233897354],[0.3069620196126958,0.38086636021309805,0.3920952688688313,0.3940257866594642,0.3972786305727152,0.3969509699725251,0.39449444661713345,0.3917241646388494,0.38395577005395654,0.3035379628689905],[0.30253831687409544,0.3790569261266051,0.3897086099677556,0.39253155109202603,0.3959538900903611,0.39523425819445845,0.39289203046702825,0.3896604378463319,0.3822811189915628,0.29919862611681464],[0.30410167581187775,0.37440620579246986,0.38776479559654314,0.38988021792955935,0.3937985685177223,0.39365551601161386,0.3904531155696653,0.3879899686801145,0.3773209666802077,0.3005887181222879],[0.28574335632895315,0.3642173878456827,0.3762841862754537,0.38122492391451923,0.3850572552430792,0.38499491347457465,0.3818068103958596,0.37601825616006695,0.3665819739032878,0.28157423653007285],[0.23841356841137576,0.33506345777849356,0.3496182039514852,0.3507716340106091,0.35479717046867904,0.3546069136771735,0.3508464770172781,0.3490051117164462,0.3356172017425932,0.23626906974160564]]}