{"f_su":[[0.9304892771205555,0.8976217920223158,0.8785655190585362,0.8845148935707267,0.8820265304283188,0.8776661593237706,0.8831150952321729,0.8792068764339438,0.9056612625394483,0.927530935649847],[0.9146828943940177,0.8857970347946452,0.8585131282976832,0.8604556468418949,0.8631067322494982,0.8530315439536081,0.8606524938365836,0.8575681341523538,0.8919950692160072,0.9075541167887297],[0.8989793040181087,0.8671666114313613,0.8439714840501018,0.8404494515174415,0.8430589132448094,0.8424016808680734,0.8472432486874952,0.8437759210609079,0.8724876078840959,0.8941674976657716],[0.9012168164527582,0.8665295312361608,0.848955342619185,0.8420049957898526,0.8391043008299208,0.8397265883093022,0.840583649145814,0.8482575234901965,0.871436762271746,0.8966694319173425],[0.8984517705677606,0.8672669529244658,0.8489189502560497,0.844762120958134,0.8382453347663891,0.8383424948964535,0.8394727794277457,0.8441777711401302,0.8762939394976144,0.8936580058441551],[0.9008476386099116,0.8692441488474023,0.8492968483647517,0.8468179326097852,0.8399400382283984,0.8421196119917727,0.8445935606310819,0.8440067820598433,0.8791401275913062,0.8958488545051223],[0.9000296482489315,0.8753251221869159,0.8473787447325386,0.8461318390140776,0.8444965800782962,0.8428344807483189,0.8465228235723904,0.8445651419904451,0.8842107620487512,0.8938540024283081],[0.9132405693113872,0.8933343305690138,0.8734935738214238,0.8664514283770519,0.8616551336589151,0.8615752325590431,0.8625319674440832,0.8675430334134693,0.9021132520615179,0.9056535982742421],[0.9291442558463184,0.8878965383525628,0.8724780716268298,0.8762948443306255,0.8697964175371445,0.8717484007740444,0.8719839821258506,0.8785690298358846,0.8939883523994134,0.9267436806940961]],"f_bp":[[0.9999999964908484,0.9999999999550204,0.9999999989221471,0.9999999776989924,0.999999995051216,0.9999999951110834,0.9999999950965845,0.9999999994046006,0.9999999986656245,0.9999999927141345],[0.9999999947183742,0.9999999999799567,0.9999999992998914,0.9999999887562069,0.999999997273938,0.9999999974447922,0.9999999962203796,0.9999999991379738,0.9999999991694228,0.9999999924010952],[0.9999994241282966,0.9999999901311076,0.9999999086496744,0.9999982120191531,0.9999993715468845,0.9999994213355757,0.9999992075882246,0.9999998800601225,0.9999998621639951,0.9999993902683971],[0.9999999637204529,0.999999999090867,0.9999999903217474,0.9999998365286887,0.9999999490486191,0.9999999467678471,0.9999998542411559,0.9999999877234076,0.9999999865481938,0.9999999364048922],[0.9999999692548815,0.9999999995079075,0.9999999952709772,0.9999998352106622,0.9999999660450127,0.9999999661359836,0.9999999012392236,0.9999999887052294,0.9999999913508303,0.999999946091179],[0.999999879455873,0.9999999990635766,0.9999999870609216,0.9999996925024865,0.999999921230615,0.9999999301571831,0.9999998618440694,0.9999999826866918,0.9999999780670826,0.9999997893259929],[0.9999999811477205,0.9999999995141304,0.9999999970076262,0.9999999200083411,0.9999999804261778,0.9999999844654864,0.9999999175061187,0.9999999887321128,0.9999999929428027,0.9999999700928305],[0.9999999742530257,0.9999999993456503,0.9999999956524095,0.9999999068358297,0.9999999754663791,0.9999999770946035,0.999999911444367,0.9999999906923875,0.9999999930381528,0.9999999774015733],[0.9999999412780639,0.9999999980788508,0.9999999902676905,0.999999664395808,0.9999999450312749,0.99999994699457,0.9999998890269935,0.9999999827147443,0.9999999882649467,0.9999999436263657]],"d_bp":[[5.529884394622764e-5,6.709123134607253e-6,2.80802255827467e-5,0.0001308663863169371,6.467166813055314e-5,6.395941521658566e-5,6.461087005935756e-5,1.8468489400354227e-5,3.515431640510602e-5,7.453482301751635e-5],[7.085232139571185e-5,3.0663762995153387e-6,2.3867377923106337e-5,8.758818154179504e-5,4.476765108810121e-5,4.587914102912455e-5,5.406619691364356e-5,2.4993001169058837e-5,2.6701941213416736e-5,7.867344537076937e-5],[0.0007044783781549185,9.453003254925041e-5,0.0002699235469308253,0.0011505492445156723,0.000685859400881797,0.0006634476540362533,0.000793505465261142,0.00031607941705311116,0.0003544512577743422,0.0006798723022866868],[0.0001738490905758422,2.4918858217211348e-5,8.718116284787969e-5,0.0003511967860387183,0.00019695610536512448,0.00020312558986417678,0.0003239980652875035,9.652618335277002e-5,0.00010442924755253019,0.00022216154813359257],[0.00016781639989530556,2.002605272747454e-5,6.306277668750859e-5,0.0003642113140045755,0.00016315889859373767,0.0001622051870966701,0.0002715820297200591,8.478511215051499e-5,8.55054312487516e-5,0.00019858887595138736],[0.0003254148396453632,2.7863647109237222e-5,0.00010192417632110679,0.00049893285971013,0.0002530164687497838,0.00023974102731218888,0.00035744894229620267,0.00012218666078242513,0.00013934345218304112,0.0003931045139653408],[0.00012949184084152382,1.758260238930026e-5,4.4872491512998325e-5,0.00025119681384910136,0.00012021998687550273,0.00010769016740799081,0.0002509026678502377,7.670898804198328e-5,7.742062259018245e-5,0.00014410821635094107],[0.00015133023212220847,2.0798594273167825e-5,5.8271958227072707e-5,0.00026604058476727144,0.0001361265191249031,0.00013402724443430103,0.0002653011754281259,7.714482381109694e-5,7.858006817650087e-5,0.00013455339653425935],[0.00022026437797594695,3.1423501355577754e-5,8.303432508445507e-5,0.0004787072845388249,0.00019733075923436538,0.00019889704982280904,0.00029529336689738256,8.295516006200793e-5,9.960339366685972e-5,0.00017856765963844556]],"d_su":[[0.2558145092384754,0.3358813070805341,0.36889968253210287,0.36011451311499976,0.36413751926402194,0.3726566683397783,0.3623347454541446,0.36830841148728233,0.32146193757825925,0.26391628435125003],[0.3061291463291811,0.3633244140992381,0.399949027064449,0.3997301851336298,0.39475494229526165,0.4104428232457189,0.3988479261174618,0.4025032615065005,0.35144393443485483,0.32348630957599095],[0.33125607231162213,0.38952058849677346,0.42131164967297774,0.42811042034969465,0.4250646692317053,0.42573915814581564,0.4197037621748056,0.4231761263398565,0.3847768861534202,0.34047487612169147],[0.33011454116938593,0.39161422258297174,0.4159731363242747,0.4247942687802592,0.4297805033877601,0.4293110356642987,0.4287941283743651,0.41718446281835,0.38445356782148676,0.3384469362322243],[0.33304376082266807,0.39132844800230926,0.41616589860573866,0.42178730708110856,0.4305928367468493,0.4311758886709952,0.4299000403807311,0.42289190091549356,0.3776433475458558,0.34274883689268815],[0.33008147706945895,0.3873708483229988,0.4162691930343694,0.41909602349651043,0.4288089966758597,0.42638589266258187,0.42336537785740763,0.42325462131762864,0.3717724217868428,0.34024709807364834],[0.32887813777188263,0.37670560422547417,0.4169648656843516,0.41987291917012004,0.4225963096713074,0.4251337086090145,0.4203862937538025,0.42180025903333274,0.36365431060350584,0.34183040694778577],[0.3083539450275363,0.3427641479762402,0.37833130044186414,0.3875799697550253,0.3962861861764425,0.3963581805834597,0.39465327595235256,0.38667316478333913,0.3267652034415625,0.3251365590426591],[0.2652884370269657,0.3561381543730836,0.37935812167548744,0.37542919018046705,0.38591455832780164,0.38291777009272765,0.38272903210856485,0.3703812718615379,0.34627675480125386,0.2677840062807698]]}