{"parameters":[[2000,-0.05,1.0e-6],[2000,-0.005,1.0e-8],[500,-0.0005,1.0e-8],[500,-5.0e-5,1.0e-8]],"runtime":229.043059368,"energies":[-1.9450654048721236,-2.9770023947795097,-2.9852304989174425,-2.986042288042302,-2.986295860686601,-2.9864016521665278,-2.986464002113511,-2.9865198100833834,-2.9865840769665186,-2.9866621560211746,-2.986753814784876,-2.986853865797275,-2.9870790654679116,-2.9883757966108946,-2.988841155728885,-2.9890294155630723,-2.989115741233716,-2.9891610180034114,-2.9891886093818187,-2.98920779925167,-2.9892224466376294,-2.98923437110457,-2.989244558191089,-2.9892536007487056,-2.9892618725749074,-2.989269603821464,-2.989269914759064,-2.989272883138619,-2.989275615785603,-2.989278139585605,-2.9892804784997256,-2.9892826538031216,-2.9892846842704994,-2.989286586362471,-2.9892883744325984,-2.9892900609544935,-2.9892900788119516,-2.9892902567565787,-2.989290433566089,-2.9892906092540743,-2.9892907838339347,-2.989290957318867,-2.9892911297218965,-2.989291301055855,-2.989291471333394,-2.989291640566986]}