{"parameters":[[100,-0.005,1.0e-9],[1000,-0.001,1.0e-9],[200,-0.0001,1.0e-9]],"runtime":170909.654427354,"energies":[-2.452194025885307,-2.4521927220786495,-2.452191347044014,-2.4521903821181774,-2.45218977561012,-2.45218940974412,-2.4521891924379853,-2.452189064137103,-2.4521889878914425,-2.45218894206795,-2.4521889142715745,-2.4521898144620455,-2.452190543322992,-2.4521911356057955,-2.4521916186850974,-2.452192014187758,-2.452192339236981,-2.4521926074315608,-2.452192829586133,-2.4521930143319515,-2.452193168583156,-2.452193297873867,-2.452193406667713,-2.452193498565952,-2.4521935764849996,-2.4521936427945064,-2.4521936994299294,-2.4521937479728955,-2.4521937897174526,-2.4521938257309923,-2.4521938568967117,-2.452193883946021,-2.4521939074884864,-2.4521939280328815,-2.4521939460066964,-2.4521939617696638,-2.4521939756264013,-2.452193987833899,-2.452193998610012,-2.4521940081397418,-2.4521940165823324,-2.4521940240736226,-2.4521940307304853,-2.452194036654967,-2.45219404193603,-2.4521940466492453,-2.452194050862807,-2.452194054636718,-2.4521940580186468,-2.4521940610515585,-2.452194063778843,-2.4521940662349984,-2.4521940684464885,-2.45219407044346,-2.4521940722485063,-2.4521940738779424,-2.452194075351653,-2.452194076685354,-2.4521940778938123,-2.4521940789896006,-2.452194079985184,-2.452194080888596,-2.452194081714392,-2.4521940824673454,-2.452194083154312,-2.452194083782747,-2.452194084357198,-2.452194084879837,-2.4521940853413313,-2.452194089900324,-2.4521940943575777,-2.4521940987157858,-2.452194102977579,-2.4521941071447477,-2.452194111219608,-2.4521941152045788,-2.452194119101324,-2.4521941229124793,-2.4521941266395335,-2.452194130284487,-2.452194133849498,-2.452194137336241,-2.452194140746516,-2.452194144082525,-2.4521941473453706,-2.452194150537152,-2.4521941536593608,-2.45219415671358]}