{"parameters":[[5000,-0.001,1.0e-8],[1000,-0.0001,1.0e-9],[1000,-1.0e-5,1.0e-9]],"runtime":2442.168672099,"energies":[-0.6128010689011767,-0.6128377548140865,-0.6128696192926675,-0.6128973538363824,-0.6129215395979457,-0.6129426671711481,-0.6129611523989066,-0.612977349134035,-0.6129915595335325,-0.6130040424448819,-0.6130150202488573,-0.6130246846184227,-0.6130332010075089,-0.6130407127262311,-0.6130473440368691,-0.6130532029973687,-0.6130583836781752,-0.6130629680717252,-0.6130670278253675,-0.6130706255876018,-0.6130738161600345,-0.613076647618397,-0.6130791621564987,-0.6130813967905224,-0.6130833840714436,-0.6130851526301315,-0.6130867277048268,-0.6130881314758586,-0.6130893835273596,-0.6130905011265619,-0.6130914995174622,-0.6130923921692785,-0.6130931909815052,-0.613093906448741,-0.6130945478912967,-0.6130951235346456,-0.6130956406548613,-0.6130961057204313,-0.6130965244281288,-0.6130969018512319,-0.6130972424993384,-0.6130975503459141,-0.6130978289387055,-0.6130980814219288,-0.6130983105693725,-0.6130985188781629,-0.6130987085555958,-0.6130988815384746,-0.6130990395823931,-0.6130991842469549,-0.6130993169025565,-0.6130994387853614,-0.6130995510002224,-0.6130996545010656,-0.6130997501887265,-0.61309983882451,-0.6130999210954312,-0.613099997635302,-0.6131000689844099,-0.6131001356476246,-0.6131001980692876,-0.6131002566405843,-0.6131003117062379,-0.6131003636019883,-0.6131004125962299,-0.6131004589508424,-0.6131005029055768,-0.6131005446381738,-0.6131005843617656,-0.6131006222313345,-0.6131006583880617,-0.613100692979657,-0.6131007261122992,-0.6131007579013337,-0.6131007884515215,-0.6131008178509666,-0.6131008461640697,-0.6131008734917889,-0.613100899874205,-0.6131009253850676,-0.6131009500773034,-0.6131009739965835,-0.6131009971790371,-0.6131010196882327,-0.613101041542227,-0.6131010627805296,-0.6131010834424717,-0.6131011035496827,-0.6131011231235999,-0.613101142202236,-0.613101160791917,-0.6131011789195009,-0.6131011966117056,-0.6131012138793154,-0.6131012307318333,-0.6131012472039081,-0.6131012632942621,-0.6131012790181893,-0.6131012943948407,-0.6131013094341371,-0.6131013241298294,-0.6131013251721495,-0.6131013261748809,-0.6131013271398018,-0.6131013280683792,-0.6131013289622075,-0.6131013298227146,-0.613101330651174,-0.6131013314487628,-0.6131013322169594,-0.6131013329567963,-0.6131013336697275,-0.6131013343566437,-0.6131013350187916,-0.613101335657428,-0.6131013362740034,-0.6131013368695168,-0.6131013374447265,-0.6131013380006594,-0.6131013385381497,-0.61310133905834,-0.613101339099116,-0.6131013391396631,-0.6131013391800056,-0.6131013392201244,-0.6131013392600436,-0.6131013392997504,-0.6131013393392414,-0.6131013393785276,-0.6131013394176109,-0.6131013394564638]}