{"parameters":[[2000,-0.05,1.0e-6],[2000,-0.005,1.0e-8],[500,-0.0005,1.0e-8],[500,-5.0e-5,1.0e-8]],"runtime":54.356359828,"energies":[-1.7093615818167387,-2.671364650768204,-2.685158371145809,-2.6860494958630143,-2.6861528722426398,-2.6861780661711587,-2.686188997563672,-2.686194744186792,-2.686197901681837,-2.686199653619192,-2.6862006278661723,-2.686201169929636,-2.6863598153956327,-2.687320034064157,-2.6876978123798496,-2.6878610325081485,-2.6879351202395387,-2.687971826888537,-2.6879916200195204,-2.6880031048330455,-2.6880102003824646,-2.6880148175822876,-2.688017951913787,-2.688020155510918,-2.6880217517275957,-2.6880219384790918,-2.688023714887892,-2.6880253368048592,-2.688026818802598,-2.6880281740524983,-2.688029414454612,-2.6880305507564777,-2.688031592661846,-2.688032548930179,-2.6880334274675795,-2.688033437021285,-2.6880335320808997,-2.6880336262849376,-2.6880337196419224,-2.6880338121603216,-2.688033903848515,-2.6880339947147958,-2.68803408476737,-2.6880341740143603,-2.688034262463803]}