{"parameters":[[1000,-0.01,1.0e-6],[1000,-0.001,1.0e-8],[200,-0.0001,1.0e-8],[200,-1.0e-5,1.0e-8]],"runtime":61834.400009108,"energies":[-3.0806800890775587,-3.0806422294479963,-3.080624511756581,-3.080621052941335,-3.080621896102191,-3.080623600404775,-3.080625141213708,-3.0806263095065853,-3.080627057510704,-3.0806274177519057,-3.080627446697645,-3.080629724417135,-3.0806497319320147,-3.0806655206531897,-3.0806780279048036,-3.080687970420147,-3.080695899224385,-3.0807022441383776,-3.080707339209231,-3.080711445317416,-3.080714767055955,-3.080714805929712,-3.080715188958162,-3.080715563156587,-3.0807159283120105,-3.080716284878259,-3.0807166334886866,-3.080716972538231,-3.0807173046350482,-3.0807176289900715,-3.080717945795308,-3.080717949013554,-3.08071798108528,-3.080718013075971,-3.080718044990434,-3.0807180768287608,-3.0807181085911006,-3.080718140277627,-3.0807181718885195,-3.0807182034239626,-3.08071823488414]}