{"parameters":[[1000,-0.01,1.0e-6],[1000,-0.001,1.0e-8],[200,-0.0001,1.0e-8],[200,-1.0e-5,1.0e-8]],"runtime":144.330891723,"energies":[-3.2413164657199274,-3.24140802477419,-3.2414127162132975,-3.241415223471987,-3.241416894307243,-3.2414177873634924,-3.241418299749562,-3.2414185647780323,-3.2414185443705366,-3.2414186156843257,-3.2414186903267437,-3.2414211950082397,-3.2414430768135185,-3.241460224210149,-3.2414736818909695,-3.241484249653638,-3.2414925775686827,-3.2414991399741115,-3.241504351643927,-3.241508484430249,-3.241511784923033,-3.2415118239338967,-3.2415122069912594,-3.2415125792613195,-3.241512943010897,-3.2415132977966836,-3.2415136440925307,-3.2415139819525223,-3.241514311634904,-3.2415146332094027,-3.2415149469966513,-3.2415149501781557,-3.241514981951933,-3.241515013620509,-3.241515045163905,-3.2415150767040175,-3.2415151082065576,-3.241515139574848,-3.241515170830923,-3.241515202032425,-3.241515233151962]}