{"parameters":[[1000,-0.01,1.0e-6],[1000,-0.001,1.0e-8],[200,-0.0001,1.0e-8],[200,-1.0e-5,1.0e-8]],"runtime":3805.441171623,"energies":[-3.0794394026052374,-3.079986994889516,-3.0801916315992406,-3.080321219704617,-3.080407768995633,-3.080466583770024,-3.080507220719288,-3.080535855918883,-3.0805561972454227,-3.080570877972342,-3.0805816714903713,-3.0805840115406955,-3.080604833365459,-3.080621510534513,-3.080634889871988,-3.080645636184916,-3.080654327474689,-3.080661402912968,-3.0806672022356,-3.0806719937929756,-3.0806759871671967,-3.080676031361945,-3.0806764716865853,-3.0806769073622386,-3.0806773355074704,-3.0806777553465037,-3.0806781670312873,-3.080678570834497,-3.0806789669665577,-3.080679355966482,-3.0806797375515296,-3.0806797413819855,-3.0806797796656924,-3.0806798179389996,-3.0806798562076647,-3.080679894433125,-3.080679932664286,-3.0806799708280246,-3.0806800089147313,-3.08068004693921,-3.0806800848947575]}