{"parameters":[[2000,-0.05,1.0e-6],[2000,-0.005,1.0e-8],[500,-0.0005,1.0e-8],[500,-5.0e-5,1.0e-8]],"runtime":6075.435864273,"energies":[-0.004821445495087478,-0.2939406428293985,-0.4724123346149609,-0.5394628413011113,-0.5689929946571168,-0.5864887722849871,-0.5979541307032582,-0.6044477784572794,-0.6076801662412827,-0.609643114517557,-0.6114606048074296,-0.6138910210187662,-0.616810695901923,-0.6190071477858755,-0.6202306763739331,-0.62098974840502,-0.6215618449439823,-0.6220381918440265,-0.6224507943476201,-0.6228141538038031,-0.6231367862001137,-0.62342460844696,-0.6236821551028299,-0.6239130818398546,-0.6241204427450515,-0.624306837369927,-0.6244745180012903,-0.62462545493758,-0.6247613848562836,-0.6248838433678742,-0.6249941978615124,-0.6250936707323785,-0.6251833503037328,-0.6252642168541537,-0.6253371462754632,-0.6254029266690085,-0.6254622673053154,-0.6255158025727791,-0.6255641065750227,-0.6256076915035163,-0.6256470238589746,-0.6256825195707001,-0.6257145533795121,-0.625743466836281,-0.6257695645383626,-0.6257931221888992,-0.625814387501543,-0.6258335859554737,-0.6258509182303367,-0.6258665660743261,-0.6258806935189706,-0.6258934480818567,-0.6259049643724383,-0.6259153631718065,-0.6259247521206799,-0.6259332299935798,-0.6259408853538764,-0.6259477978817061,-0.6259540404722614,-0.6259596772420429,-0.6259647677929008,-0.625969364618604,-0.6259735162659447,-0.625977265174724,-0.6259806510100929,-0.625983708934317,-0.6259864699871809,-0.6259889641323843,-0.6259912164023915,-0.625993250855632,-0.6259950880172539,-0.6259967472008516,-0.6259982458301432,-0.6259995994154389,-0.6260008219402559,-0.6260019261066895,-0.6260029232863392,-0.6260038239823926,-0.6260046375050735,-0.6260053723193059,-0.6260060359935367,-0.6260066354875206,-0.62600717694116,-0.6260076660390999,-0.6260081077902218,-0.6260085067294606,-0.6260088670235,-0.6260091924808225,-0.6260094864924243,-0.6260097520704913,-0.6260099918823728,-0.6260102084831499,-0.626010404194747,-0.6260105809832258,-0.6260107406408844,-0.626010884810034,-0.6260110150426595,-0.6260189319413911,-0.6260871044558187,-0.6261388179638573,-0.626178129645829,-0.626208083309596,-0.6262309645403807,-0.6262484913501946,-0.6262619566098472,-0.626272334532502,-0.6262803602742365,-0.6262865894837031,-0.6262914428581567,-0.6262952395420566,-0.6262982221402175,-0.6263005754938957,-0.6263024407788295,-0.626303926105044,-0.6263051144957504,-0.626306069902342,-0.626306841742938,-0.6263074683375341,-0.6263079795060293,-0.6263083985422667,-0.6263087437133849,-0.6263090293990652,-0.6263092669702951,-0.626309465455227,-0.6263096320530299,-0.6263097725291336,-0.6263098915209045,-0.6263099927754201,-0.6263100793299439,-0.6263101536597545,-0.6263102177897938,-0.6263102733807787,-0.6263103218039835,-0.6263103641902185,-0.6263104014787855,-0.6263104344519819,-0.6263104637625095,-0.6263104899566266,-0.6263105134937909,-0.6263105347620309,-0.6263105540840731,-0.6263105717351234,-0.6263105879483359,-0.6263106029219406,-0.6263106168249897,-0.6263106297991197,-0.6263106419667882,-0.6263106534315891,-0.6263106642829829,-0.6263106745965925,-0.6263106844396086,-0.6263106938666909,-0.6263107029254487,-0.6263107116566705,-0.6263107200960157,-0.6263107282754555,-0.6263107362206327,-0.626310743954837,-0.6263107514976378,-0.6263107588662337,-0.6263107660752918,-0.6263107731381808,-0.6263107800657164,-0.6263107868677957,-0.6263107935526149,-0.6263108001285517,-0.6263108066011274,-0.6263108129753244,-0.6263108192580342,-0.6263108254528124,-0.626310831564426,-0.6263108375957946,-0.6263108435504978,-0.6263108494306849,-0.6263108552389438,-0.6263108609770012,-0.6263108666486058,-0.6263108722539171,-0.6263108777952748,-0.6263108832747135,-0.6263108886912752,-0.6263108940490782,-0.6263108993479973,-0.6263109045890504,-0.6263109097731497,-0.6263109149023096,-0.6263109199767254,-0.6263109249970674,-0.6263109299648345,-0.6263109348801178,-0.6263109397445732,-0.6263109445584503,-0.6263109493218867,-0.6263109540358267,-0.6263109587014464,-0.6263109633191559,-0.6263109678897892,-0.626310972412812,-0.6263109768893487,-0.6263109813195079,-0.6263109857040436,-0.626310990044294,-0.6263109943402201,-0.626310998592222,-0.626311002800749,-0.6263110069662274,-0.6263110110889509,-0.626311015169463,-0.6263110192108874,-0.6263110232109622,-0.6263110271700952,-0.626311031088558,-0.6263110349672502,-0.6263110388069635,-0.62631104260783,-0.6263110463701406,-0.6263110500943635,-0.6263110537808092,-0.6263110574299805,-0.6263110610421846,-0.6263110646175648,-0.6263110681565144,-0.6263110716600959,-0.6263110751282076,-0.6263110785612807,-0.6263110819598381,-0.6263110853246947,-0.6263110886556098,-0.6263110919529533,-0.626311095216976,-0.6263110984471011,-0.6263111016444048,-0.6263111048100258,-0.6263111079438404,-0.6263111110459619,-0.6263111141164149,-0.6263111171560044,-0.6263111201650826,-0.6263111231436124,-0.6263111260920572,-0.6263111290113317,-0.6263111319010988,-0.626311134761739,-0.6263111375933633,-0.6263111403965282,-0.6263111431713887,-0.6263111459179456,-0.6263111486373741,-0.6263111513290391,-0.6263111539933794,-0.626311156630913,-0.6263111592421835,-0.6263111618270386,-0.6263111643852572,-0.6263111669184269,-0.6263111694259117,-0.6263111719081561,-0.6263111743653904,-0.6263111767979403,-0.6263111792060395,-0.6263111815898805,-0.6263111839495548,-0.6263111862851491,-0.6263111885970204,-0.6263111908857649,-0.6263111931515766,-0.62631119539448,-0.6263111976150062,-0.6263111998127588,-0.6263112019887379,-0.62631120414223,-0.6263112062747206,-0.626311208385547,-0.6263112104754336,-0.6263112125441282,-0.6263112145916138,-0.6263112166185849,-0.6263112186253675,-0.6263112206115,-0.6263112225778934,-0.6263112291196409,-0.6263112934241502,-0.6263113557471327,-0.6263114161473017,-0.6263114746816484,-0.6263115314054958,-0.6263115863725426,-0.6263116396348737,-0.6263116912432924,-0.6263117412467618,-0.6263117896929937,-0.6263118366282848,-0.6263118820975747,-0.6263119261444864,-0.6263119688113653,-0.6263120101393169,-0.6263120501682437,-0.6263120889368832,-0.6263121264828211,-0.6263121628425515,-0.6263121980514952,-0.6263122321440201,-0.6263122651535001,-0.6263122971125636,-0.6263123280524957,-0.6263123580037966,-0.6263123869960496,-0.6263124150580014,-0.6263124422177139,-0.6263124685022048,-0.6263124939378726,-0.6263125185501596,-0.6263125423638455,-0.6263125654030643,-0.626312587691255,-0.6263126092509815,-0.6263126301042078,-0.626312650272284,-0.6263126697759244,-0.6263126886352158,-0.6263127068698167,-0.6263127244986023,-0.626312741539955,-0.6263127580117253,-0.6263127739312365,-0.6263127893153086,-0.6263128041802597,-0.6263128185419228,-0.6263128324156334,-0.6263128458162792,-0.6263128576399183,-0.6263128591911714,-0.6263128607364111,-0.626312862275657,-0.6263128638089279,-0.6263128653362435,-0.6263128668576232,-0.6263128683730861,-0.626312869882651,-0.6263128713863375]}