{"parameters":[[2000,-0.05,1.0e-6],[2000,-0.005,1.0e-8],[500,-0.0005,1.0e-8],[500,-5.0e-5,1.0e-8]],"runtime":224.940677893,"energies":[-2.153920762181799,-3.255010051889409,-3.2607228686857375,-3.2610954901786666,-3.2611556516833287,-3.261167053816456,-3.2611694450109145,-3.261170027577172,-3.2611702003202736,-3.261170261745372,-3.2611702863326535,-3.261170296777977,-3.2614693295001334,-3.2631128894068815,-3.2636429787062315,-3.263831866333283,-3.2639069643180565,-3.2639404130109755,-3.2639570933822624,-3.2639660087503666,-3.2639708688888236,-3.263973604120664,-3.2639752208707526,-3.263976223520146,-3.2639768702369634,-3.2639771903300243,-3.2639801927213092,-3.263982863523922,-3.2639852407111234,-3.263987357827485,-3.263989244683006,-3.263990927870637,-3.263992431134805,-3.2639937756263375,-3.2639949800901116,-3.2639949935116546,-3.2639951268619396,-3.2639952586537073,-3.2639953889071243,-3.263995517642069,-3.26399564487816,-3.2639957706347404,-3.263995894930888,-3.2639960177854097,-3.263996139216859]}