{"parameters":[[1000,-0.01,1.0e-6],[1000,-0.001,1.0e-8],[200,-0.0001,1.0e-8],[200,-1.0e-5,1.0e-8]],"runtime":1688.803542014,"energies":[-3.241515232618799,-3.241456413740602,-3.241431178258016,-3.241423389862455,-3.241421041723081,-3.2414204132474898,-3.241420246787022,-3.2414201464096277,-3.241420169719896,-3.2414202061121102,-3.24142018763783,-3.24142270196781,-3.2414446779105095,-3.2414618345123745,-3.241475267345793,-3.2414858171446226,-3.2414941299682014,-3.2415007022730435,-3.24150591650906,-3.241510068695709,-3.2415133881459446,-3.2415134273154353,-3.2415138135681496,-3.2415141902107054,-3.2415145575040145,-3.2415149156881067,-3.2415152649956447,-3.2415156056527734,-3.241515937879518,-3.2415162618900437,-3.241516577892858,-3.241516581098716,-3.241516613109342,-3.2415166450382564,-3.2415166768862833,-3.2415167086536405,-3.2415167403405354,-3.241516771947177,-3.2415168034737714,-3.241516834920526,-3.2415168662876472]}