{"parameters":[[5000,-0.001,1.0e-8],[1000,-0.0001,1.0e-9],[200,-1.0e-5,1.0e-9]],"runtime":151977.182798103,"energies":[-0.6311934658885966,-0.6316084603707665,-0.6319265989498613,-0.6321697579900539,-0.6323530655258705,-0.6324899886027276,-0.6325908080291093,-0.6326631474842599,-0.6327132099279569,-0.6327460980850452,-0.6327660389414529,-0.6327755092602301,-0.6327768163006497,-0.6327717692484792,-0.6327615302447746,-0.6327472081360175,-0.6327296898549377,-0.6327100466958554,-0.6326888839821011,-0.6326665271308012,-0.6326434106957152,-0.6326199609504903,-0.632595914873452,-0.6325718520705887,-0.6325475519837747,-0.6325233772047972,-0.6324994883938407,-0.6324760703477943,-0.6324530242085905,-0.6324302695148338,-0.6324078379741624,-0.6323853444667126,-0.6323632805958379,-0.6323417763079875,-0.6323206711097025,-0.6323001123139864,-0.6322800533713936,-0.6322605922914388,-0.632241794640538,-0.6322234977211789,-0.6322056318075412,-0.6321882051309884,-0.6321712261912925,-0.6321542639924933,-0.6321373895795557,-0.6321209178828554,-0.6321047486626881,-0.632088694801927,-0.6320731012265073,-0.6320579503411234,-0.6320433909387401,-0.6320297290865794,-0.6320168903247231,-0.6320051751651604,-0.6319944448029582,-0.6319846394863341,-0.6319751562346243,-0.6319665322814821,-0.6319588096964803,-0.6319518347096386,-0.6319455352980297,-0.6319401951951495,-0.6319356869757178,-0.6319315740395421,-0.6319273499147516,-0.6319230967171805,-0.6319191045579803,-0.6319155755387883,-0.6319121698550774,-0.6319088931677801,-0.6319062876091811,-0.631904194695341,-0.6319024382609771,-0.6319009910217495,-0.6318993941194133,-0.631897771216199,-0.6318964606558964,-0.6318947877380533,-0.6318930213504745,-0.6318913186968768,-0.631889904232832,-0.6318888194555616,-0.6318880575949253,-0.6318876270315885,-0.6318872030459796,-0.6318863330868061,-0.6318858881534903,-0.631885266028508,-0.6318851838699858,-0.6318855785591279,-0.6318856198217385,-0.6318852131890772,-0.6318850831021171,-0.6318849527993927,-0.6318849717793557,-0.6318849710016383,-0.631884711655895,-0.6318842706027771,-0.6318839389400775,-0.6318836506910241,-0.6318833470017623,-0.6318832958539707,-0.6318832437227961,-0.6318831907091271,-0.6318831417498428,-0.6318830935320892,-0.6318830431067569,-0.6318829981030737,-0.6318829581075065,-0.6318829333845423,-0.631882910259515,-0.6318828898664952,-0.6318828631759127,-0.6318828269026066,-0.6318828055686704,-0.6318827990826171,-0.631882800187498,-0.631882806539196,-0.631882819659434,-0.6318828381330535,-0.6318828382562325,-0.6318828375017461,-0.6318828371886239,-0.6318828354311566,-0.6318828334027105]}