{"parameters":[[10000,-0.001,1.0e-8],[2000,-0.0001,1.0e-9],[1000,-1.0e-5,1.0e-9]],"runtime":1240.169210163,"energies":[-0.5743965199453902,-0.5749241487281281,-0.5753550569027859,-0.5757096558180141,-0.5760016358402129,-0.5762421906430347,-0.57644258617194,-0.5766108779107971,-0.576753817888238,-0.5768749508193785,-0.5769771915228282,-0.5770642099586437,-0.5771390172265087,-0.5772016406184524,-0.577253300365621,-0.5772970005427465,-0.577334010773503,-0.5773642745891883,-0.5773896096728639,-0.5774055253089732,-0.5774179887360819,-0.5774280020175361,-0.5774351792286911,-0.5774384994722105,-0.5774371026439059,-0.5774323810988671,-0.5774256336486144,-0.5774256180167692,-0.5774248167472309,-0.5774239808399437,-0.5774231156802955,-0.5774222273519478,-0.5774213261827861,-0.5774204809819133,-0.5774195814404652,-0.57741861922164,-0.5774176308719026,-0.5774176288912092,-0.5774175298652326,-0.5774174306819309,-0.5774173313441961,-0.5774172304151166,-0.5774171301943656,-0.5774170300917736,-0.577416929944002,-0.577416829702145,-0.5774167293443405]}