{"parameters":[[5000,-0.001,1.0e-9],[500,-0.0001,1.0e-9],[200,-1.0e-5,1.0e-9]],"runtime":11964.046312085,"energies":[-3.005635159344816,-3.005718103620303,-3.005799430782059,-3.0058787036280337,-3.005955241796535,-3.006028647614482,-3.0060990345934333,-3.0061655840944836,-3.006228744486221,-3.006287332046261,-3.0063429474600274,-3.0063939821475483,-3.0064410441393115,-3.006484474862671,-3.006525094326418,-3.0065618940443475,-3.0065948201443446,-3.0066246876733693,-3.0066518237743405,-3.0066766855445968,-3.006700561462566,-3.006724606497012,-3.006765218788285,-3.0068176683133654,-3.006850175578335,-3.0068727752660367,-3.0068895839578333,-3.006903597801424,-3.006916891720304,-3.006927657869861,-3.006936881959323,-3.0069450789463636,-3.0069523914922898,-3.006958899038126,-3.0069646579336946,-3.006969698358607,-3.0069740248644705,-3.006977859365542,-3.0069817944080324,-3.0069856249238196,-3.0069879856082147,-3.0069907802585116,-3.0069936774902444,-3.006995359897641,-3.0069966773420136,-3.00699781347093,-3.0069987870392385,-3.0070000150992846,-3.007001374681341,-3.0070022101086815,-3.007003673934804,-3.007004230801779,-3.0070044012586075,-3.0070045275299977,-3.0070052202956603,-3.0070053163409374,-3.0070066148510723,-3.0070066346059448,-3.007006453107735,-3.007006429419231,-3.007006774604674,-3.007007258457127,-3.0070076529721956,-3.007007830796738,-3.007007449951694,-3.007007114194794,-3.007006995445691,-3.0070075145869537,-3.0070073282318885,-3.007007740815257,-3.00700751811956,-3.0070084554544585,-3.0070078386059773,-3.0070074606100623,-3.0070080003286517,-3.007007723038918,-3.007007396136871,-3.0070077046317834,-3.007007843297942,-3.007007799933819,-3.0070082366051225,-3.0070082020727726,-3.0070078173137262,-3.0070074237277638,-3.0070071495533375,-3.007008041262176,-3.0070081646975013,-3.007007795636419,-3.0070074414424393,-3.0070073314465975,-3.007007759834093,-3.0070074250901264,-3.007008366726951,-3.0070079894209307,-3.0070075001911065,-3.0070073300232814,-3.0070080954797853,-3.007007888271541,-3.0070075223929544,-3.007007215012469,-3.0070072667814953,-3.0070074986909416,-3.007007757381241,-3.0070079359106487,-3.0070080456874377,-3.0070081014102583,-3.007008111661235,-3.007008086814056,-3.0070080453132673,-3.007008008427696,-3.0070079839898485,-3.0070079822692537,-3.0070079806489813,-3.0070079791149613,-3.0070079776406167]}