{"parameters":[[300,-0.005],[300,-0.0005],[100,-5.0e-5]],"energies":[-0.6200255693180119,-0.6215066210387521,-0.6225644496446769,-0.6233290517097454,-0.6238907552294122,-0.624310942960637,-0.6246309877390566,-0.6248789237570729,-0.6250741141810826,-0.6252301150674165,-0.6253566243701596,-0.6254606521257877,-0.6255473739041474,-0.6256205849996971,-0.6256831432252562,-0.6257372382140014,-0.6257844807651215,-0.6258261458626204,-0.6258631742933248,-0.6258963903367891,-0.6259263823080546,-0.6259536220625381,-0.6259785106864095,-0.6260013667235782,-0.626022424886326,-0.6260419362894799,-0.6260600322511831,-0.6260768796477543,-0.6260925881509882,-0.6261072661862476,-0.6261210174848489,-0.6261224998489098,-0.6261239241517672,-0.6261253626112234,-0.6261267982281086,-0.6261282056297222,-0.6261296136336416,-0.6261309889248835,-0.6261323576461889,-0.6261337299210168,-0.6261350854107937,-0.6261364297494215,-0.6261377453427429,-0.6261390782356362,-0.6261403851719126,-0.6261416683309475,-0.6261429692133856,-0.6261442423133298,-0.6261455017735319,-0.6261467716350577,-0.6261480117081881,-0.6261492772222058,-0.6261505221559718,-0.6261517213008478,-0.6261529459448902,-0.6261541690892649,-0.6261553433301195,-0.6261565567884235,-0.6261577372064022,-0.6261588958721264,-0.6261600612384859,-0.626160188863824,-0.6261603035477572,-0.6261604350209505,-0.6261605078777417,-0.6261606344665697,-0.6261607642026032,-0.6261608961252894,-0.6261609863059487,-0.6261611226299099,-0.626161230204579]}