{"parameters":[[2000,-0.05,1.0e-6],[2000,-0.005,1.0e-8],[500,-0.0005,1.0e-8],[500,-5.0e-5,1.0e-8]],"runtime":225.411785481,"energies":[-2.014683857308682,-3.068826902327113,-3.07606986405642,-3.076692161989435,-3.0768433167685605,-3.0768857852679172,-3.0768979487092047,-3.0769014402854946,-3.07690247177934,-3.0769028256739825,-3.0769030034090927,-3.0769031397647604,-3.077153727929002,-3.0785758955721585,-3.0790680611933796,-3.079256248994038,-3.0793359639073876,-3.0793734227612304,-3.0793930617160052,-3.0794044589352354,-3.0794115396776904,-3.0794161002688027,-3.0794191122138375,-3.0794211459746257,-3.0794225445463943,-3.079422810880297,-3.07942532400021,-3.0794275848643506,-3.0794296208677596,-3.079431456621927,-3.0794331141751248,-3.079434613202203,-3.0794359711864336,-3.0794372036028075,-3.0794383241043364,-3.0794383365113394,-3.079438459880673,-3.079438581987224,-3.0794387028459353,-3.0794388224715536,-3.0794389408786347,-3.0794390580815447,-3.0794391740944715,-3.07943928893141,-3.0794394026061793]}