{"parameters":[[1000,-0.01,1.0e-6],[1000,-0.001,1.0e-8],[200,-0.0001,1.0e-8],[200,-1.0e-5,1.0e-8]],"runtime":62840.542191629,"energies":[-3.1720788152597654,-3.172027054778409,-3.1720033947398654,-3.1719963975513648,-3.171994632037368,-3.1719943401195017,-3.171994345191134,-3.1719942903225222,-3.1719940891676424,-3.171993765897061,-3.171993406760399,-3.171995906069976,-3.17201777579978,-3.1720349134647936,-3.172048394643954,-3.1720590381542895,-3.172067470207199,-3.1720741724466475,-3.17207951871852,-3.172083797635835,-3.172087236770963,-3.1720872772476563,-3.1720876762042787,-3.1720880654834933,-3.172088445418142,-3.172088816108881,-3.1720891778623814,-3.172089530894636,-3.172089875452436,-3.172090211692171,-3.1720905399893042,-3.172090543321021,-3.172090576556807,-3.1720906097083468,-3.1720906427782727,-3.172090675766789,-3.1720907086741,-3.1720907415004165,-3.1720907742459388,-3.1720908069108766,-3.172090839495434]}