{"parameters":[[1000,-0.001,1.0e-8],[100,-0.0001,1.0e-9],[100,-1.0e-5,1.0e-9]],"runtime":126254.827665109,"energies":[-3.6487300056634164,-3.648731099884495,-3.648731231346174,-3.648731252027616,-3.6487312577180484,-3.6487312595346513,-3.648731258391221,-3.6487312559563536,-3.648731253032423,-3.6487312492807686,-3.648731245414491,-3.6487312405220633,-3.6487312442973843,-3.648731420501328,-3.648731571244601,-3.6487315871257993]}