{"parameters":[[2000,-0.05,1.0e-6],[2000,-0.005,1.0e-8],[500,-0.0005,1.0e-8],[500,-5.0e-5,1.0e-8]],"runtime":226.312872723,"energies":[-2.084302309745241,-3.1615493129682424,-3.1679796783784893,-3.1684635130656664,-3.1685600349219687,-3.1685827120906724,-3.168588576092744,-3.168590364361473,-3.1685910679985403,-3.16859142277545,-3.1685916306628665,-3.168591760579156,-3.1688665480501705,-3.170401157558809,-3.170913684113407,-3.17110262011617,-3.1711800769505394,-3.1712154200470404,-3.1712334828253446,-3.171243554702884,-3.171249375828617,-3.171252823742,-3.1712549488871797,-3.1712563160625744,-3.1712572269635633,-3.171257520420199,-3.1712602807396624,-3.1712627490003698,-3.1712649574991696,-3.1712669350998013,-3.171268707654302,-3.171270298300703,-3.17127172768559,-3.1712730141504477,-3.171274173907873,-3.1712741868118512,-3.171274315063665,-3.1712744418955356,-3.171274567324953,-3.1712746913691556,-3.1712748140451694,-3.171274935369785,-3.1712750553595765,-3.171275174030889,-3.171275291399852]}