{"parameters":[[1000,-0.01,1.0e-6],[1000,-0.001,1.0e-8],[200,-0.0001,1.0e-8],[200,-1.0e-5,1.0e-8]],"runtime":1671.953073136,"energies":[-3.1474115460338754,-3.1473576662645995,-3.1473337637612575,-3.1473261101316434,-3.147323740809851,-3.1473229920844426,-3.147322706132585,-3.1473226658905924,-3.14732268241248,-3.147322610972558,-3.147322472449839,-3.147324803930395,-3.147345236543572,-3.1473612978135828,-3.1473739590437653,-3.1473839679096254,-3.1473919060630293,-3.1473982218836567,-3.147403262894284,-3.147407300390022,-3.1474105480720356,-3.147410586315424,-3.1474109626688085,-3.1474113298874973,-3.1474116881973693,-3.147412037823142,-3.1474123789849875,-3.147412711897401,-3.1474130367688384,-3.147413353801804,-3.1474136631930594,-3.1474136663381667,-3.14741369766931,-3.147413728920469,-3.1474137600945573,-3.1474137911917337,-3.1474138222121866,-3.1474138531561118,-3.1474138840237025,-3.147413914815154,-3.147413945530659]}