{"parameters":[[5000,-0.001,1.0e-8],[500,-0.0001,1.0e-9],[200,-1.0e-5,1.0e-9]],"runtime":89665.800007143,"energies":[-3.182426346652069,-3.18242654997157,-3.182426778953204,-3.1824270195474664,-3.182427267223718,-3.1824275059705043,-3.182427732320794,-3.1824279631776493,-3.182428179235072,-3.182428382750302,-3.182428586591928,-3.1824287820872343,-3.1824289685447287,-3.182429152758706,-3.182429327902068,-3.1824295017648887,-3.182429664806082,-3.18242981301525,-3.182429951724562,-3.1824300941063894,-3.1824302255516153,-3.182430361062897,-3.1824304856710968,-3.1824306064693473,-3.1824307295842185,-3.182430850245342,-3.182430961588209,-3.1824310678415735,-3.1824311672802734,-3.182431262404644,-3.182431362568776,-3.1824314618103786,-3.1824315549340274,-3.18243165323231,-3.1824317451554833,-3.1824318335474637,-3.1824319115538304,-3.1824319915817303,-3.18243206667919,-3.182432133071799,-3.1824321974949656,-3.18243226355806,-3.1824323260758156,-3.1824323767166756,-3.1824324226506198,-3.182432465052705,-3.182432517947134,-3.1824325655995924,-3.1824326086529524,-3.1824326577858577,-3.1824327001777566,-3.1824327467721343,-3.182432800724901,-3.182432856098626,-3.1824329044259336,-3.182432953060828,-3.182433009339436,-3.1824330556018197,-3.1824331024464025,-3.1824331404396613,-3.1824331703131916,-3.1824332027701208,-3.182433238075751,-3.182433275422431,-3.1824333068734285,-3.1824333363059947,-3.1824333655951604,-3.182433392233148,-3.182433423333932,-3.1824334545802992,-3.182433492366242,-3.1824335253184826,-3.182433558383115,-3.1824335901943597,-3.182433616575132,-3.182433643097821,-3.1824336639516426,-3.1824336878440826,-3.1824337184474594,-3.1824337436535215,-3.1824337699876053,-3.1824337991516227,-3.1824338236719987,-3.1824338507878718,-3.1824338778814254,-3.1824339147920733,-3.1824339377199182,-3.182433960212556,-3.1824339899055425,-3.1824340120398076,-3.182434033954065,-3.1824340586694184,-3.1824340830078515,-3.182434114336317,-3.182434148349224,-3.1824341834516865,-3.1824342128150405,-3.1824342455589023,-3.1824342776488703,-3.1824343106469293,-3.1824343473825567,-3.1824344715403576,-3.1824345893894117,-3.182434690043631,-3.1824347789279765,-3.1824348588031044,-3.182434930180188,-3.1824349944427053,-3.1824350516562823,-3.182435102741925,-3.182435147977685,-3.1824351520342513,-3.1824351568016214,-3.182435161590741,-3.1824351662179824]}