{"parameters":[[20000,-0.001,1.0e-8],[2000,-0.0001,1.0e-9],[500,-1.0e-5,1.0e-9]],"runtime":106.828333609,"energies":[-0.5666198025213309,-0.5666665555960012,-0.5667075143967988,-0.5667434760214554,-0.5667751134726917,-0.5668029976054467,-0.5668276147254804,-0.5668493807847603,-0.5668686528937169,-0.566885738710238,-0.5669009041402294,-0.5669143796849077,-0.566926365699474,-0.5669370367751512,-0.5669465454019386,-0.5669550250552967,-0.5669625927860444,-0.5669693514382685,-0.5669753915126481,-0.5669807927800126,-0.566985625644634,-0.5669856347550284,-0.566986087700965,-0.566986535639764,-0.5669869786295761,-0.5669874167278283,-0.5669878499912336,-0.5669882784758018,-0.5669887022368468,-0.5669891213289988,-0.5669895358062121,-0.5669895366302565,-0.5669895778092099,-0.5669896189425692,-0.5669896600303876,-0.5669897010727184,-0.5669897420696141,-0.5669897830211277,-0.5669898239273117,-0.5669898647882191,-0.5669899056039026]}