{"parameters":[[2000,-0.05,1.0e-6],[2000,-0.005,1.0e-8],[500,-0.0005,1.0e-8],[500,-5.0e-5,1.0e-8]],"runtime":224.055387108,"energies":[-2.432394571928031,-3.6340532538205785,-3.637486049877922,-3.63759343529345,-3.6376004288103525,-3.637600948106657,-3.637600989297037,-3.637600992834293,-3.63760099317028,-3.637600993205821,-3.6376009932099476,-3.637600993210458,-3.6380002512059346,-3.6400603298924143,-3.6406399307355772,-3.6408228423431024,-3.6408890719627443,-3.6409163451380238,-3.6409286641110654,-3.6409345513836877,-3.640937447824863,-3.6409389711197195,-3.6409398093504595,-3.6409402843517724,-3.6409405594132007,-3.64094099416003,-3.6409450302423516,-3.640948554753657,-3.640951637902388,-3.6409543401729363,-3.6409567120716213,-3.640958795516052,-3.6409606264031567,-3.6409622361383054,-3.6409636524291393,-3.6409636682043067,-3.640963824771493,-3.640963979207082,-3.6409641315421855,-3.6409642818074635,-3.6409644300331414,-3.640964576249003,-3.6409647204844,-3.6409648627682523,-3.6409650031290575]}