{"parameters":[[100,-0.01,1.0e-6],[1000,-0.001,1.0e-8],[200,-0.0001,1.0e-8],[200,-1.0e-5,1.0e-8]],"runtime":25856.439574678,"energies":[-0.6131017829894554,-0.6157177780019778,-0.6172688179134838,-0.6182703197495772,-0.618944080730762,-0.619404313641081,-0.6197184871093208,-0.6199292950762755,-0.6200653276722358,-0.6201478641475143,-0.6201924414993898,-0.6201954347093854,-0.6201981269382063,-0.6202005458159406,-0.6202026786658208,-0.6202045372927955,-0.6202061464132668,-0.6202075415063415,-0.620208693031746,-0.6202096322443114,-0.6202103393165223,-0.6202107980256201,-0.62021102569386,-0.620211093055499,-0.6202109509650569,-0.6202106266194316,-0.620210152749018,-0.6202095199270109,-0.6202087438965515,-0.6202078017457062,-0.6202066655766458,-0.6202053931514869,-0.6202040091417932,-0.6202025525727188,-0.6202010393819017,-0.6201993466720199,-0.6201974963488468,-0.6201955291153523,-0.6201934720434125,-0.6201913306578958,-0.6201891247825033,-0.6201868044375095,-0.6201843727968843,-0.6201818304556709,-0.6201791649181676,-0.6201763844635314,-0.6201735095519763,-0.6201705233801321,-0.620167419199727,-0.6201642095339028,-0.6201609068568747,-0.6201575223427862,-0.6201540477970454,-0.6201504915126521,-0.6201468778962119,-0.6201431855899181,-0.6201394481383258,-0.6201356432376415,-0.6201318027175398,-0.620127972856249,-0.6201240981942958,-0.6201202045871373,-0.6201163103783518,-0.6201124416447762,-0.6201085412735587,-0.6201045872827771,-0.6201006142400257,-0.6200966515737583,-0.6200926551741105,-0.6200886061974856,-0.6200845234903024,-0.6200804286335411,-0.6200763179409947,-0.6200722125171535,-0.6200681391321393,-0.6200640347876885,-0.6200598863133179,-0.6200557024506707,-0.6200514456868542,-0.6200471576753541,-0.6200429350356927,-0.6200387141392898,-0.6200344976533877,-0.6200303011630561,-0.6200261163036239,-0.6200219529620064,-0.6200178046636599,-0.6200136714541903,-0.6200096310796244,-0.6200055960008634,-0.6200015562711092,-0.6199975061307551,-0.6199934714283033,-0.6199893748002134,-0.6199852546553756,-0.6199811100534472,-0.6199769603795086,-0.6199728295020013,-0.6199686823262549,-0.6199644910190706,-0.6199603053546033,-0.619956136126529,-0.6199519690378377,-0.6199478207175048,-0.619943701617862,-0.6199396112796183,-0.6199355503909263,-0.6199315389030715,-0.6199275072758451,-0.6199234311348306,-0.6199193331801413,-0.6199189191134836,-0.6199185052856012,-0.6199180917455211,-0.6199176786322655,-0.6199172658032989,-0.6199168531450759,-0.6199164414592617,-0.6199160308409176,-0.6199156212867785,-0.6199152125901221,-0.6199148041631495,-0.6199143952568691,-0.6199139856164053,-0.6199135754079778,-0.6199131648296975,-0.6199127540385082,-0.6199123431234725,-0.6199119322818148,-0.6199115215160635,-0.6199111108941824,-0.6199110698031639,-0.6199110287173678,-0.6199109876311151,-0.6199109465412174,-0.6199109054682376,-0.6199108643979596,-0.6199108233193859,-0.6199107822514749,-0.619910741186597,-0.619910700125676,-0.6199106590572079,-0.619910617984978,-0.6199105769414217,-0.6199105358688908,-0.6199104948192998,-0.6199104537426386,-0.6199104127078262,-0.6199103716716361,-0.6199103306254335,-0.6199102895971933]}