{"parameters":[[500,-0.001,1.0e-8],[100,-0.0001,1.0e-9],[100,-1.0e-5,1.0e-9]],"runtime":10420.533818564,"energies":[-2.773463395296035,-2.773463305509097,-2.7734632531548344,-2.7734632225367313,-2.7734632043179737,-2.773463193901112,-2.7734631878721734,-2.773463183970301,-2.773463181305941,-2.7734631791123503,-2.773463177635781,-2.773463232253333,-2.7734632807377007,-2.7734632857744694,-2.7734632907593615]}