{"parameters":[[2000,-0.05,1.0e-6],[2000,-0.005,1.0e-8],[500,-0.0005,1.0e-8],[500,-5.0e-5,1.0e-8]],"runtime":12.903331581,"energies":[-2.1314490241633557,-3.232942546708574,-3.2385427423930566,-3.2386815086104424,-3.2386877293347127,-3.2386882142148967,-3.238688267483717,-3.2386882740464005,-3.23868827487847,-3.238688274984672,-3.238688274998248,-3.2386882749999844,-3.2389677660737823,-3.2405052240489636,-3.2409983676468523,-3.2411718386015083,-3.2412397964382036,-3.241269281105872,-3.2412833427203567,-3.2412905437463064,-3.2412943789733424,-3.2412964610869466,-3.241297604544199,-3.2412982382341733,-3.2412985921574076,-3.24129889060246,-3.2413016877764993,-3.241304172955316,-3.2413063830174567,-3.2413083502403617,-3.2413101027063185,-3.2413116648150533,-3.2413130578866878,-3.241314300719645,-3.2413154100124046,-3.241315422260402,-3.241315543923589,-3.2413156641145964,-3.2413157828515513,-3.2413159001523524,-3.2413160160346757,-3.2413161305159734,-3.2413162436134804,-3.2413163553442166,-3.2413164657249878]}