{"parameters":[[1000,-0.01,1.0e-6],[1000,-0.001,1.0e-8],[200,-0.0001,1.0e-8],[200,-1.0e-5,1.0e-8]],"runtime":62139.022799981,"energies":[-2.7424200493031825,-2.7423920375147106,-2.742378654274392,-2.7423740075518497,-2.7423724484939433,-2.7423719284987333,-2.7423717517797144,-2.742371690158623,-2.7423716683252652,-2.7423716641830356,-2.742371659670847,-2.7423728956063904,-2.74238382575229,-2.7423925501434487,-2.7423995337137703,-2.74240514007421,-2.742409654106669,-2.7424132998335944,-2.7424162537034706,-2.7424186547969733,-2.7424206131739624,-2.7424206359099585,-2.7424208604542955,-2.7424210799542497,-2.7424212945486337,-2.7424215043216043,-2.7424217093986685,-2.742421909889017,-2.742422105899101,-2.7424222975338512,-2.742422484892339,-2.7424224867904115,-2.7424225057484937,-2.742422524662758,-2.7424225435339022,-2.7424225623620058,-2.7424225811471707,-2.7424225998894944,-2.742422618589084,-2.742422637246064,-2.7424226558604787]}