{"parameters":[[2000,-0.05,1.0e-6],[2000,-0.005,1.0e-8],[500,-0.0005,1.0e-8],[500,-5.0e-5,1.0e-8]],"runtime":6247.841107039,"energies":[0.020275579664774727,-0.2776909198726025,-0.47315435612451856,-0.5479428719645111,-0.5830214288049264,-0.6001563323657693,-0.6070014102559566,-0.6096173947689231,-0.6107282399534967,-0.6113166922837274,-0.6116903907436231,-0.6119532879852239,-0.6121482376093086,-0.6122970395942667,-0.6124126443820616,-0.6125034838427716,-0.6125754865262566,-0.6126329459655365,-0.6126790247728727,-0.6127161148746181,-0.612746085130366,-0.6127703807288957,-0.6127901080382295,-0.6128061758795886,-0.6128192666588185,-0.6128299566870571,-0.6128386898954676,-0.6128458402216449,-0.6128516951434204,-0.6128564892471253,-0.6128604282456606,-0.6128636593076793,-0.6128663142396789,-0.6128684966265638,-0.6128702870717012,-0.6128717598509085,-0.6128729688360387,-0.6128739650997188,-0.6128747840740749,-0.6128754558355017,-0.6128760086932966,-0.6128764652106067,-0.6128768390286825,-0.6128771491558179,-0.6128774025882998,-0.6128776112413289,-0.612877783212252,-0.6128779243202112,-0.6128780408493195,-0.6128781370313269,-0.6128782157507128,-0.6128850372206973,-0.6129434292960052,-0.6129871212262352,-0.6130197506106373,-0.6130440568498284,-0.6130621037229994,-0.613075446176184,-0.6130852562164602,-0.6130924172895754,-0.6130975950691752,-0.6131012914612108,-0.6131038847559807,-0.6131056597658542,-0.6131068308775243,-0.6131075593384011,-0.6131079661173626,-0.613108141889956,-0.6131081543722275,-0.6131080541008004,-0.6131078782791992,-0.6131076544968983,-0.6131074028249678,-0.6131071378285484,-0.6131068699125494,-0.613106606275074,-0.6131063518418945,-0.6131061097316268,-0.6131058819970341,-0.6131056696095571,-0.6131054728275006,-0.6131052916052364,-0.6131051255030654,-0.6131049738866828,-0.6131048358483124,-0.6131047106488093,-0.613104597352088,-0.6131044950265147,-0.613104402803327,-0.6131043198497782,-0.6131042453680536,-0.6131041785831086,-0.613104118768049,-0.6131040652895204,-0.6131040175572774,-0.6131039748610367,-0.6131039369285175,-0.6131039031836245,-0.6131038732315482,-0.6131038466543806,-0.6131038231336017,-0.6131038022906572,-0.6131037838907747,-0.6131037676926896,-0.6131037533799858,-0.6131037408579053,-0.61310372992772,-0.6131037204073739,-0.6131037120576827,-0.6131037048536147,-0.6131036986626823,-0.6131036933246873,-0.613103688753571,-0.6131036849081782,-0.6131036816142804,-0.613103678868604,-0.6131036766473539,-0.6131036748084469,-0.6131036733005771,-0.6131036721881674,-0.6131036713863571,-0.613103670866328,-0.6131036686547796,-0.613103646004795,-0.6131036224124807,-0.613103597916924,-0.613103572566255,-0.6131035464037018,-0.6131035194640669,-0.6131034917874587,-0.6131034634120209,-0.6131034343788644,-0.613103404712191,-0.613103374452206,-0.6131033436308222,-0.6131033122806673,-0.6131032804232543,-0.6131032481016252,-0.6131032153384947,-0.6131031821592589,-0.6131031485963744,-0.6131031146697425,-0.6131030804003375,-0.6131030458227454,-0.6131030109566759,-0.6131029758198114,-0.6131029404356412,-0.6131029048287345,-0.6131028690147432,-0.6131028330143544,-0.6131027968432283,-0.6131027605238473,-0.6131027240664522,-0.6131026874964124,-0.6131026508244691,-0.6131026140638359,-0.6131025772320726,-0.6131025403496635,-0.6131025034240034,-0.613102466471632,-0.6131024295006832,-0.6131023925237616,-0.6131023555556421,-0.6131023186065108,-0.6131022816863834,-0.6131022448071736,-0.613102207979759,-0.6131021712105222,-0.6131021345110734,-0.6131020978901945,-0.6131020613572719,-0.6131020249146587,-0.6131019917834789,-0.6131019875827023,-0.6131019833820053,-0.6131019791821337,-0.6131019749825155,-0.6131019707836597,-0.6131019665852172,-0.613101962387036,-0.6131019581896676,-0.6131019539932442,-0.613101949797453,-0.6131019456020295,-0.6131019414071042,-0.6131019372129743,-0.6131019330195283,-0.6131019288267647,-0.6131019246344633,-0.6131019204432151,-0.6131019162525453,-0.6131019120625874,-0.6131019078731289,-0.6131019036842091,-0.6131018994959476,-0.6131018953086784,-0.6131018911219559,-0.6131018869362888,-0.6131018827514226,-0.6131018785671458,-0.6131018743838113,-0.6131018702011815,-0.6131018660201042,-0.6131018618390561,-0.6131018576590965,-0.6131018534800657,-0.6131018493020279,-0.6131018451246135,-0.613101840948103,-0.6131018367714672,-0.6131018325968725,-0.6131018284228167,-0.6131018242497526,-0.6131018200779192,-0.6131018159068974,-0.6131018117365292,-0.6131018075671777,-0.613101803399463,-0.613101799232245,-0.6131017950660363,-0.6131017909008775,-0.6131017867365631]}