{"parameters":[[500,-0.001,1.0e-8],[100,-0.0001,1.0e-9],[100,-1.0e-5,1.0e-9]],"runtime":6125.151002365,"energies":[-0.6195482657009513,-0.6195431721334308,-0.619537637269158,-0.6195316214846333,-0.6195257393295137,-0.6195201346734669,-0.6195148963339908,-0.6195103803049543,-0.6195068813575376,-0.619504436784942,-0.6195021437949642,-0.619501897817719,-0.6195016610080579,-0.619501636254593,-0.6195016171422523]}