{"parameters":[[2000,-0.05,1.0e-6],[2000,-0.005,1.0e-8],[500,-0.0005,1.0e-8],[500,-5.0e-5,1.0e-8]],"runtime":239.015864026,"energies":[-1.7362100475624498,-2.709112073684715,-2.723394992663755,-2.7293136481168476,-2.73710925590729,-2.7401642724923576,-2.7407368032524,-2.74083400109947,-2.740851529899716,-2.740855319322349,-2.7408563533252055,-2.7408566918470973,-2.740856814112057,-2.7408568601714958,-2.740856877800198,-2.74099626315412,-2.7417996892418772,-2.742083739571797,-2.7421934788051496,-2.742239801819575,-2.7422611803197627,-2.7422719109263824,-2.742277695266612,-2.742281001868944,-2.742282974236764,-2.7422841890211918,-2.742284954583978,-2.742285444831111,-2.742285598391688,-2.742287044889084,-2.7422883421631936,-2.742289506506703,-2.742290552356392,-2.7422914926558515,-2.7422923388619522,-2.7422931011107226,-2.742293788338436,-2.7422944084398555,-2.7422944152737094,-2.7422944831999807,-2.7422945503828555,-2.7422946168309803,-2.7422946825528904,-2.742294747557011,-2.7422948118516537,-2.742294875445027,-2.7422949383452213,-2.7422950005602162]}