{"parameters":[[2000,-0.05,1.0e-6],[2000,-0.005,1.0e-8],[500,-0.0005,1.0e-8],[500,-5.0e-5,1.0e-8]],"runtime":215.990121044,"energies":[-1.3881177853796587,-2.306574892208709,-2.372599820038883,-2.3992696195584653,-2.4000855186416166,-2.4001263406167155,-2.4001289356886093,-2.400129168679125,-2.40012920113987,-2.400129207213221,-2.400129208499557,-2.400129208785125,-2.4001292088498616,-2.4001863932252863,-2.4005236595506894,-2.400648323346721,-2.4006981726984526,-2.4007198802800445,-2.400730152646651,-2.400735400780307,-2.4007382585485595,-2.4007398953980092,-2.4007408708348543,-2.4007414695844234,-2.4007418461467505,-2.4007419122257225,-2.400742536350085,-2.400743098827507,-2.400743605916966,-2.400744063358533,-2.4007444763543004,-2.4007448495813417,-2.400745187147339,-2.400745492689323,-2.4007457694625205,-2.4007457725020878,-2.4007458027218482,-2.4007458326241955,-2.400745862212601,-2.4007458914905007,-2.400745920461291,-2.4007459491283347,-2.4007459774949584,-2.400746005564454,-2.4007460333400754]}