{"parameters":[[100,-0.01,1.0e-6],[1000,-0.001,1.0e-8],[200,-0.0001,1.0e-8],[200,-1.0e-5,1.0e-8]],"runtime":62159.456059427,"energies":[-0.6263137234009719,-0.6288193148743623,-0.6302671828952608,-0.6311804815195373,-0.6317779093570804,-0.6321708654141414,-0.632425411926821,-0.6325842516892305,-0.6326757042904234,-0.6327195762115827,-0.6327298823024889,-0.632729747217184,-0.6327293465578085,-0.6327287033087086,-0.632727832151294,-0.6327267342784463,-0.6327254303449531,-0.6327239322697409,-0.6327222604968531,-0.6327204138902977,-0.6327184087044266,-0.6327162489069175,-0.6327139283213162,-0.6327114564429029,-0.6327088252150324,-0.632706045715424,-0.6327031271891008,-0.6327000744228619,-0.6326968990133027,-0.6326936078144381,-0.6326902073702041,-0.6326866945862807,-0.6326830741737303,-0.6326793629474341,-0.6326755489740776,-0.6326716306333131,-0.6326676297272892,-0.6326635365895131,-0.632659360032024,-0.632655101726066,-0.6326507900632726,-0.6326464274265792,-0.632642000954563,-0.632637510756996,-0.6326329428072355,-0.6326283212689111,-0.6326236553672488,-0.6326189654819695,-0.6326142504965804,-0.6326095141609338,-0.6326047311004365,-0.6325999119681104,-0.6325950634530619,-0.6325901853176719,-0.6325852821973298,-0.6325803563714077,-0.6325754065074762,-0.6325704404690256,-0.6325654753155745,-0.6325604904844889,-0.6325554818141277,-0.6325504624859715,-0.6325454325008044,-0.6325404012357749,-0.63253537573897,-0.6325303671242277,-0.6325253776268177,-0.6325203895302075,-0.63251540970133,-0.632510433797528,-0.6325054590345512,-0.6325005015331301,-0.6324955810150789,-0.632490671751568,-0.6324857733320697,-0.6324808872413697,-0.6324759924447068,-0.6324711078364532,-0.6324662409109018,-0.6324613868815735,-0.6324565440259955,-0.6324517090801196,-0.6324468973341625,-0.6324420869769021,-0.6324372914360101,-0.6324325255318033,-0.6324277820284077,-0.6324230732088476,-0.6324184121166877,-0.6324137742570624,-0.6324091540754743,-0.632404553288918,-0.6323999588942611,-0.6323953955581443,-0.6323908724715193,-0.6323863689526833,-0.6323818765466239,-0.6323773953598989,-0.6323729282128218,-0.6323684804467093,-0.6323640607489072,-0.6323596769428016,-0.6323553202845197,-0.6323509870928361,-0.6323466718497754,-0.6323423640270741,-0.6323380615060761,-0.632333769412873,-0.6323295010638845,-0.6323252482532015,-0.6323210227469663,-0.6323205956950279,-0.6323201693697615,-0.632319743113615,-0.6323193175416293,-0.6323188925849627,-0.6323184674316498,-0.632318042069077,-0.6323176167549859,-0.6323171912870356,-0.6323167659470831,-0.6323163407291995,-0.6323159156664674,-0.6323154905723524,-0.6323150657986759,-0.6323146412506152,-0.6323142174260327,-0.6323137939873911,-0.6323133709311967,-0.6323129483310751,-0.6323125261767617,-0.6323124839304108,-0.6323124416786012,-0.6323123994166749,-0.6323123571810269,-0.6323123149533979,-0.6323122727455007,-0.6323122305121627,-0.6323121882938313,-0.6323121460586465,-0.6323121038119562,-0.6323120615867185,-0.6323120193588735,-0.6323119771189522,-0.6323119348332362,-0.632311892574903,-0.6323118503282024,-0.6323118081008677,-0.6323117658577402,-0.6323117236171275,-0.6323116813916534]}