{"parameters":[[100,-0.01,1.0e-6],[1000,-0.001,1.0e-8],[200,-0.0001,1.0e-8],[200,-1.0e-5,1.0e-8]],"runtime":45489.09733388,"energies":[-0.6263128713863376,-0.6288187707882325,-0.6302681435414536,-0.6311817652594879,-0.6317777071154843,-0.6321673914146998,-0.6324170968511137,-0.6325700690270011,-0.6326559669108078,-0.6326946115712302,-0.6327004113949647,-0.6327004828353756,-0.6327002699612244,-0.6326998014255104,-0.6326990913430626,-0.6326981434513409,-0.6326969598242447,-0.6326955519741154,-0.6326939303939925,-0.6326921069531891,-0.6326900700265408,-0.6326878344494651,-0.6326854697380536,-0.6326829957255926,-0.6326804026911492,-0.6326776268562979,-0.6326746828770828,-0.6326715868387621,-0.6326683467160349,-0.6326649707753506,-0.6326614706274346,-0.6326578752565855,-0.6326541789847057,-0.632650394273684,-0.632646528737912,-0.6326425403953223,-0.632638438627277,-0.6326342438941599,-0.632629961180302,-0.6326255997939141,-0.6326211843649113,-0.632616723005889,-0.6326121799471197,-0.6326075408643143,-0.6326028417126768,-0.6325981111986384,-0.6325933761665736,-0.6325886046818027,-0.6325837849092428,-0.632578940358079,-0.6325740808918644,-0.6325692316085701,-0.6325643382861175,-0.632559397822797,-0.6325544644666272,-0.6325495322254904,-0.6325445504067982,-0.6325395477997805,-0.6325345598319077,-0.6325295473889027,-0.6325245364711785,-0.6325195221852894,-0.6325144903556588,-0.6325094812964703,-0.6325044855424453,-0.6324994719778276,-0.6324944983753593,-0.6324895502992222,-0.6324846126495642,-0.6324796840954112,-0.6324747339809121,-0.6324697928486386,-0.6324648322368182,-0.6324598318718705,-0.6324548165455585,-0.6324498121187667,-0.6324448261985113,-0.6324398438066166,-0.632434848999229,-0.6324298548554482,-0.6324248787784797,-0.6324198844599128,-0.632414915876212,-0.6324099600454345,-0.6324050117494446,-0.6324000753475358,-0.6323951629202266,-0.632390304150918,-0.6323855094854345,-0.6323807494066233,-0.6323760062561605,-0.6323712629226529,-0.6323665247817004,-0.6323618165809316,-0.6323571548988008,-0.6323525244843012,-0.6323479281608356,-0.6323433342717698,-0.63233873455859,-0.6323341433928775,-0.6323295770396301,-0.6323250219581336,-0.6323204871574997,-0.6323159776806802,-0.6323114969184179,-0.6323070540663853,-0.6323026368530446,-0.6322982587480127,-0.6322939369360702,-0.6322896406527144,-0.6322853929068604,-0.632284971990022,-0.6322845512477369,-0.6322841299009089,-0.6322837090931949,-0.6322832898016303,-0.6322828701319263,-0.6322824500722343,-0.6322820303444311,-0.632281611959526,-0.6322811956030926,-0.632280777475685,-0.6322803591162467,-0.6322799411067637,-0.6322795237595304,-0.6322791071892483,-0.6322786910073104,-0.632278274578351,-0.6322778578059758,-0.6322774408642745,-0.6322770239184525,-0.6322769822504797,-0.6322769405800246,-0.6322768989067258,-0.6322768572421468,-0.6322768155764213,-0.6322767739221812,-0.6322767322545564,-0.6322766905936996,-0.632276648946845,-0.6322766072906977,-0.6322765656342509,-0.6322765239863352,-0.632276482333096,-0.6322764406873521,-0.6322763990517593,-0.6322763574065646,-0.6322763157653458,-0.632276274135525,-0.632276232500858,-0.6322761908814665]}