{"parameters":[[2000,-0.001,1.0e-8],[200,-0.0001,1.0e-9],[200,-1.0e-5,1.0e-9]],"runtime":5214.090448153,"energies":[-0.6195765265240197,-0.6195637748431442,-0.6195518043445063,-0.6195396916528734,-0.6195280688797729,-0.6195164879432884,-0.6195057913764246,-0.619494578740733,-0.6194841788468475,-0.6194746543835196,-0.6194661112686279,-0.6194581680348908,-0.6194506776432419,-0.6194439633494685,-0.6194368798117165,-0.6194297540408051,-0.6194229810495864,-0.6194173878884972,-0.6194122808913447,-0.6194070846472566,-0.6194019669589719,-0.6193966429617636,-0.619392181539028,-0.6193882826904678,-0.619385048514541,-0.619382715054948,-0.6193803806859041,-0.6193778381632666,-0.6193751280010061,-0.619372420267983,-0.6193703197603583,-0.6193673142129098,-0.6193644543115038,-0.6193608096987178,-0.6193575194148869,-0.6193543742546216,-0.6193510415467314,-0.6193473054913732,-0.6193442650825484,-0.6193411599296141,-0.6193383057660659,-0.6193380774398701,-0.619337874397154,-0.6193376929770099,-0.6193375247533268,-0.6193375051831569,-0.6193374911052979,-0.6193374754130206,-0.6193374612570266]}