{"parameters":[[10000,-0.001,1.0e-8],[1000,-0.0001,1.0e-9],[1000,-1.0e-5,1.0e-9]],"runtime":12594.532767845,"energies":[0.12685850299384188,-0.5945521015903681,-1.284925712148838,-1.9406488151293664,-2.5087763749393095,-2.923303581884026,-3.195677567933831,-3.365160075975116,-3.4679903886921135,-3.530212006317849,-3.5681179241840653,-3.591853659418059,-3.607415060809885,-3.6180253945919985,-3.6254570914071746,-3.6308691184408666,-3.6348091010435044,-3.637767835941372,-3.6400735850299917,-3.641923833991339,-3.6433947156158166,-3.644476532872993,-3.6452620390547406,-3.6458520792319615,-3.6463122585236434,-3.6466875631281637,-3.647012803340463,-3.6473117776059167,-3.6475573195018347,-3.6477302034947705,-3.647866945857443,-3.6479804820641863,-3.648079485306618,-3.648154515836156,-3.648210505535475,-3.6482539393592996,-3.648288484577721,-3.6483162582846207,-3.6483386613273345,-3.6483567078125763,-3.648371187474751,-3.6483827444670665,-3.6483919154759636,-3.6483991531893656,-3.6484048389381565,-3.648409292209604,-3.6484127764047276,-3.648415505604488,-3.6484176516278803,-3.648419350623498,-3.648420709019134,-3.648421808916105,-3.6484227127570024,-3.648423467109893,-3.648424106051987,-3.6484246541350935,-3.648425128701095,-3.6484255418051297,-3.6484259018853393,-3.6484262150041022,-3.6484264856727586,-3.6484267174533587,-3.648426913459894,-3.648427076699872,-3.6484272101921125,-3.6484273170156243,-3.648427400361672,-3.6484274634637655,-3.648427509476786,-3.64842754139951,-3.6484275620201676,-3.648427573872548,-3.648427579206494,-3.648427579962354,-3.64842757772634,-3.64842757370241,-3.6484275688185406,-3.648427563851163,-3.6484275678084703,-3.6484277525621858,-3.648427914440724,-3.6484280569492915,-3.6484281831203322,-3.648428295548492,-3.6484283964277378,-3.648428487594071,-3.6484285705729977,-3.648428646629089,-3.648428716813669,-3.6484287820061634,-3.6484288429457856,-3.648428900251986,-3.648428954434891,-3.6484290058991005,-3.648429054945769,-3.6484291017778023,-3.6484291465113876,-3.6484291891940135,-3.648429229129523,-3.648429233889412,-3.6484292386194817,-3.6484292433198195,-3.648429247990517,-3.648429252631641,-3.648429257243267,-3.6484292618254632,-3.648429266378301,-3.6484292709018447,-3.6484292753961625,-3.648429279861318,-3.648429284297376,-3.6484292887044014,-3.648429293082459,-3.6484292974316035,-3.6484293017519063,-3.6484293060434303,-3.6484293103062293,-3.6484293145403757]}