{"parameters":[[2000,-0.05,1.0e-6],[2000,-0.005,1.0e-8],[500,-0.0005,1.0e-8],[500,-5.0e-5,1.0e-8]],"runtime":138.388848069,"energies":[0.008340850592140221,-0.587363126978779,-0.6101245057081396,-0.6119331507740366,-0.6124479895783848,-0.6126284938695516,-0.6126962097312645,-0.6127222848980913,-0.612732430914503,-0.6127363951727446,-0.6127379465769386,-0.6127385540786014,-0.6127387920144186,-0.6127388852106914,-0.6127389217147737,-0.6127389360129883,-0.6127389416133808,-0.6127389438069528,-0.6127389446661302,-0.6127389450026512,-0.6127440799233326,-0.6128463373651993,-0.6128519876438299,-0.6128425875630624,-0.6128342988390993,-0.612828944727164,-0.6128257847209531,-0.6128239795428072,-0.6128229598317473,-0.612822385037592,-0.6128220603985334,-0.6128218763487163,-0.6128217715307375,-0.612821711554345,-0.6128216770782761,-0.6128216571750936,-0.6128216456399325,-0.61282163893153,-0.6128216350187761,-0.612821632731258,-0.6128216313916128,-0.6128216306062897,-0.6128216301458411,-0.6128216298760948,-0.6128216297183984,-0.6128216296265542,-0.6128216174152539,-0.6128206789730113,-0.6128197794920962,-0.6128189189815275,-0.6128180972652948,-0.6128173138740638,-0.6128165681046763,-0.6128158590703652,-0.6128151857430201,-0.61281454698865,-0.6128139520525312,-0.6128138820697103,-0.6128138124559672,-0.6128137432082658,-0.6128136743253568,-0.6128136058059843,-0.6128135376488832,-0.6128134698527827,-0.6128134024164038,-0.6128133353384623]}