{"parameters":[[1000,-0.01,1.0e-6],[1000,-0.001,1.0e-8],[200,-0.0001,1.0e-8],[200,-1.0e-5,1.0e-8]],"runtime":3808.628583086,"energies":[-3.1712752913994913,-3.1716649497956824,-3.171790098023951,-3.171862676670064,-3.1719076059350377,-3.171935248109241,-3.171952685210877,-3.1719637963532183,-3.1719710224630817,-3.1719758695392595,-3.1719791497061083,-3.1719816632602122,-3.1720037400276184,-3.1720212063050313,-3.172035017187598,-3.1720459288960345,-3.1720545826268234,-3.1720614763661352,-3.1720670014876506,-3.1720714568997717,-3.1720750706768985,-3.172075112090502,-3.172075521840379,-3.1720759230032938,-3.172076316239015,-3.1720767008885207,-3.172077077011483,-3.1720774447442603,-3.1720778041217095,-3.1720781558746936,-3.172078499833922,-3.1720785033159404,-3.172078538099323,-3.1720785728006993,-3.1720786074129212,-3.1720786419213667,-3.172078676329667,-3.1720787106643615,-3.172078744927506,-3.172078779140608,-3.172078813282163]}