{"parameters":[[10000,-0.001,1.0e-8],[2000,-0.0001,1.0e-9],[1000,-1.0e-5,1.0e-9]],"runtime":11766.42286385,"energies":[-0.6184587302641941,-0.6188935546720954,-0.6192321508035339,-0.6194957667979036,-0.6196976871177321,-0.6198510897275711,-0.6199669734337491,-0.6200539174616125,-0.6201176332819385,-0.6201630368796214,-0.6201943617239712,-0.6202145354208588,-0.620225617902914,-0.6202291849689232,-0.6202271362339744,-0.6202204452054114,-0.6202100548321761,-0.6201965429510886,-0.6201807023554864,-0.6201806689704724,-0.6201789907704968,-0.6201772955984424,-0.6201755816051749,-0.6201738483477114,-0.6201720996315322,-0.6201703342017748,-0.6201685510193972,-0.6201667566759267,-0.6201649567529859,-0.6201649531483983,-0.6201647728736792,-0.6201645925246547,-0.6201644120889351,-0.6201642315527689,-0.6201640509017746,-0.6201638701216133,-0.6201636891986627,-0.6201635081206222,-0.6201633268769889]}