{"parameters":[[2000,-0.05,1.0e-6],[2000,-0.005,1.0e-8],[500,-0.0005,1.0e-8],[500,-5.0e-5,1.0e-8]],"runtime":12061.001278292,"energies":[-0.004821445495087478,-0.29337760640166505,-0.4721144638875328,-0.5386127287209107,-0.5673990133919506,-0.5835027205449058,-0.593602108218026,-0.601413906353207,-0.6102727276512553,-0.6154731019222613,-0.6176926178048298,-0.6189124627579411,-0.6198189586326368,-0.6205536493880535,-0.6211711529292414,-0.6217009063755435,-0.6221615365771589,-0.6225656792560186,-0.6229226617328465,-0.6232395417647386,-0.623521983159396,-0.6237743781418309,-0.624000569534609,-0.624203444393341,-0.6243857827691763,-0.624549780213217,-0.6246974025584041,-0.6248303355999537,-0.6249501406599193,-0.6250581620631649,-0.6251556017871924,-0.6252435234143433,-0.6253228427421675,-0.6253944127709236,-0.6254589955913472,-0.6255172786062657,-0.6255699192252825,-0.6256174391127837,-0.6256603519538568,-0.6256991134614739,-0.6257340939955336,-0.6257656850623697,-0.6257942136135232,-0.6258199871721057,-0.6258432764158574,-0.6258642899415334,-0.6258832649358506,-0.6259004251580498,-0.6259158944046648,-0.625929864447518,-0.6259424946878793,-0.6259538973564848,-0.6259641997537538,-0.6259734985247808,-0.6259819048570774,-0.625989497416312,-0.6259963466431926,-0.6260025390397137,-0.6260081336214411,-0.6260131982847694,-0.6260177741927615,-0.6260219007041543,-0.6260256241260141,-0.6260289929395095,-0.6260320360386343,-0.626034784330343,-0.6260372553450707,-0.6260395020631921,-0.6260415283403368,-0.626043360113658,-0.6260450150982766,-0.626046511048008,-0.6260478604578158,-0.6260490784675546,-0.6260501829306794,-0.626051175158817,-0.6260520756522213,-0.6260528869574816,-0.6260536190000635,-0.6260542815463374,-0.6260548817961484,-0.626055419871174,-0.6260559091077925,-0.6260563501041484,-0.6260567493430779,-0.6260571103778159,-0.6260574365322222,-0.6260577308044513,-0.6260579979179909,-0.6260582339493154,-0.6260584513595558,-0.6260586485865726,-0.6260588267328425,-0.6260589850087802,-0.6260591319748939,-0.6260592612130184,-0.6260667924171178,-0.6261312333826128,-0.6261794418247807,-0.6262154736149285,-0.6262423708638478,-0.626262415913081,-0.6262773214265783,-0.6262883735200012,-0.6262965375771573,-0.6263025387950805,-0.626306921726884,-0.6263100968478509,-0.6263123711359219,-0.6263139756468215,-0.626315084202991,-0.6263158268343969,-0.6263163011138762,-0.6263165805576776,-0.6263167191234335,-0.6263167588826688,-0.6263167295451099,-0.626316653409332,-0.6263165470743942,-0.6263164225715092,-0.6263162886684192,-0.6263161516495422,-0.6263160158548007,-0.6263158842617118,-0.6263157587489878,-0.6263156409011699,-0.6263155309328634,-0.6263154295725353,-0.6263153367209745,-0.626315251655351,-0.6263151747031679,-0.6263151052746095,-0.6263150425133831,-0.6263149865304063,-0.6263149365890571,-0.6263148921967061,-0.6263148526790732,-0.6263148177053761,-0.6263147871113761,-0.6263147603544684,-0.6263147370195918,-0.6263147164662995,-0.6263146987474321,-0.6263146838939855,-0.6263146711164029,-0.6263146605855577,-0.6263146515665948,-0.6263146444100929,-0.6263146388506294,-0.6263146342367287,-0.626314630704823,-0.6263146284786913,-0.6263146269934037,-0.6263146267327049,-0.6263146271473785,-0.6263146282162885,-0.6263146296348747,-0.6263146299949809,-0.6263146328121201,-0.6263146342695167,-0.6263146344304984,-0.626314633333222,-0.6263146310892024,-0.6263146276793875,-0.6263146231894992,-0.6263146176526377,-0.6263146110983543,-0.6263146035523542,-0.6263145951023441,-0.6263145857664355,-0.6263145755459509,-0.6263145645469342,-0.6263145527696687,-0.6263145402478258,-0.6263145270170903,-0.6263145130767177,-0.6263144985156363,-0.6263144833600096,-0.6263144676125192,-0.6263144513016377,-0.6263144344628032,-0.6263144170997391,-0.6263143992703293,-0.6263143809990402,-0.6263143622694062,-0.6263143431676021,-0.6263143236469924,-0.6263143037720372,-0.626314283586497,-0.6263142630745983,-0.6263142422591119,-0.626314221160755,-0.6263141998000938,-0.6263141781912875,-0.6263141563370006,-0.6263141342666859,-0.6263141120092097,-0.6263140895447593,-0.6263140669211937,-0.6263140441637979,-0.6263140212594034,-0.6263139982127639,-0.6263139750439417,-0.6263139517178687,-0.6263139283522796,-0.626313904937702,-0.6263138814488991,-0.6263138599568495,-0.6263138572463882,-0.6263138545390878,-0.6263138518299097,-0.626313849119347,-0.6263138464034347,-0.6263138436899095,-0.626313840975169,-0.6263138382573554,-0.6263138355374845,-0.6263138328188536,-0.6263138300961109,-0.6263138273726077,-0.6263138246502237,-0.6263138219201944,-0.6263138191952478,-0.6263138164694317,-0.6263138137424699,-0.6263138110090345,-0.6263138082793002,-0.6263138055494328,-0.6263138028168866,-0.6263138000834524,-0.6263137973483736,-0.626313794613323,-0.6263137918774621,-0.6263137891353138,-0.6263137863969178,-0.6263137836546592,-0.6263137809101962,-0.6263137781657845,-0.6263137754231994,-0.6263137726800889,-0.6263137699303774,-0.6263137671842537,-0.6263137644383224,-0.6263137616905047,-0.6263137589415901,-0.6263137561904464,-0.6263137534400391,-0.6263137506842664,-0.6263137479333422,-0.6263137451810511,-0.6263137424275675,-0.6263137396733016,-0.626313736917611,-0.6263137341617612,-0.6263137314041334,-0.6263137286458103,-0.6263137258867213]}