{"parameters":[[1000,-0.01,1.0e-6],[1000,-0.001,1.0e-8],[200,-0.0001,1.0e-8],[200,-1.0e-5,1.0e-8]],"runtime":141.819754327,"energies":[-2.6880342622780247,-2.6886591283542556,-2.688848871012443,-2.6889516247109633,-2.689012033414924,-2.689047931877958,-2.6890701896981897,-2.689083885133689,-2.689092222931744,-2.689097416946492,-2.6891002553900325,-2.689101698028336,-2.689114513548152,-2.6891249157135104,-2.689133454609834,-2.6891404709232067,-2.6891462350585993,-2.689150991417196,-2.689154898291189,-2.6891581616376454,-2.6891608506514943,-2.6891608800730773,-2.6891611812148675,-2.689161472812896,-2.689161763634942,-2.6891620485082592,-2.689162327871436,-2.6891625989559134,-2.689162865508026,-2.68916312811096,-2.6891633840894893,-2.6891633866826363,-2.689163412664888,-2.689163438452384,-2.689163463646862,-2.68916348892933,-2.689163514455937,-2.6891635393887743,-2.6891635645380085,-2.689163589838797,-2.6891636149018825]}