{"parameters":[[100,-0.01,1.0e-6],[1000,-0.001,1.0e-8],[200,-0.0001,1.0e-8],[200,-1.0e-5,1.0e-8]],"runtime":257.510119072,"energies":[-0.6128132699485902,-0.6176952194931765,-0.6182536933495735,-0.6182785988492081,-0.6183000380678721,-0.6183186085060015,-0.6183347694992283,-0.618348887782187,-0.618361260928187,-0.6183721337164992,-0.6183817098271074,-0.6183901603839073,-0.6183976303268268,-0.6184042432574912,-0.618410105189271,-0.6184153074960581,-0.618419929263903,-0.618424039190359,-0.6184276971351905,-0.6184309553992311,-0.6184338597876884,-0.6184364505012426,-0.618438762887664,-0.6184389676132492,-0.6184391698400354,-0.6184393697111964,-0.6184395672581432,-0.6184395867580669,-0.618439606233967,-0.6184396256870024,-0.6184396451172073]}