{"parameters":[[5000,-0.05,1.0e-7],[5000,-0.005,1.0e-9],[500,-0.001,1.0e-9],[500,-0.0001,1.0e-9]],"runtime":6075.082161207,"energies":[-0.06485302854327066,-2.205791687985217,-2.4289081206783827,-2.451584822108461,-2.4516510070114204,-2.451652969927573,-2.4516531348042028,-2.4516531685184466,-2.4516531773099293,-2.4516531795910903,-2.4516531801638437,-2.4516531803039476,-2.4516531803376105,-2.451653180345602,-2.4516531803474844,-2.451705374152085,-2.4520053458473687,-2.4521103176290113,-2.45215028834254,-2.4521669847284033,-2.452174614202207,-2.4521784153791937,-2.452180443641445,-2.45218158238323,-2.4521822447718757,-2.4521826377981877,-2.4521828761889384,-2.452183025426166,-2.4521831211817573,-2.4521831840898285,-2.4521832269394994,-2.452183257053502,-2.4521832777377095,-2.4521832929248357,-2.4521833038974146,-2.4521833120394323,-2.452183318101548,-2.452183322822904,-2.452183326389022,-2.4521833291765196,-2.45218333135797,-2.4521833331047755,-2.4521833346026427,-2.4521833356380736,-2.452183336642814,-2.4521833373140467,-2.452183337974216,-2.4521833384171967,-2.4521833388236027,-2.452183339182365,-2.4521833394214894,-2.4521834385199166,-2.4521843232173106,-2.45218503952468,-2.4521856211655,-2.4521860954724923,-2.4521864837281866,-2.452186802834421,-2.4521870662020024,-2.4521872844839683,-2.4521874661621044,-2.4521876180089714,-2.452187745449436,-2.4521878528432213,-2.452187943705965,-2.4521880208825015,-2.4521880866830292,-2.452188142990348,-2.4521881913445522,-2.452188233010072,-2.4521882690288974,-2.4521883002629288,-2.4521883274277974,-2.452188351119919,-2.4521883718382167,-2.4521883900016106,-2.452188405963133,-2.4521884200213653,-2.4521884324297196,-2.4521884434040127,-2.4521884531286453,-2.452188461761677,-2.452188469439001,-2.452188476277782,-2.452188482379322,-2.45218848783142,-2.4521884927103654,-2.452188497082592,-2.452188501006078,-2.45218850453153,-2.4521885077034002,-2.4521885105607697,-2.452188513138235,-2.4521885154667418,-2.452188517575123,-2.4521885194833777,-2.4521885212106254,-2.452188522775419,-2.4521885241965244,-2.452188525482643,-2.452188526647542,-2.452188528073175,-2.452188532720763,-2.4521885372654095,-2.4521885417095097,-2.4521885460554027,-2.4521885503053715,-2.4521885544616446,-2.452188558526398,-2.452188562501754,-2.4521885663897853,-2.4521885701925137,-2.452188573911915,-2.452188577549917,-2.4521885811084,-2.452188584589202,-2.4521885879941143,-2.4521885913248873,-2.4521885945832302,-2.452188597770808,-2.452188600889251,-2.4521886039401455,-2.452188606925044,-2.4521886098454595,-2.452188612702871,-2.4521886154987205,-2.452188618234415,-2.4521886209113313,-2.452188623530809,-2.452188626094161,-2.452188628602664,-2.4521886310575685,-2.4521886334600915,-2.452188635811424,-2.4521886381127276,-2.452188640365137,-2.4521886425697583,-2.452188644727674,-2.4521886468399403,-2.452188648907586,-2.4521886509316175,-2.45218865291302,-2.4521886548527503,-2.4521886567517455,-2.4521886586109227,-2.4521886604311725,-2.4521886622133686,-2.452188663958361,-2.4521886656669842,-2.4521886673400495,-2.452188668978349]}