{"parameters":[[5000,-0.05,1.0e-7],[5000,-0.005,1.0e-9],[500,-0.001,1.0e-9],[500,-0.0001,1.0e-9]],"runtime":16005.262392382,"energies":[-0.06485302854327066,-2.1970019876018707,-2.4157748352685697,-2.45148262838845,-2.4516016513708334,-2.4516063488840545,-2.45160675527981,-2.4516068170276974,-2.4516068227353855,-2.4516068268003535,-2.4516068298083735,-2.451606831025756,-2.451606829894228,-2.451606829436784,-2.451606830553049,-2.4516632084347334,-2.451988045084014,-2.452102488708955,-2.452146348697143,-2.4521647739579286,-2.4521732418910247,-2.4521774707443917,-2.452179727898826,-2.452180996410946,-2.4521817378355912,-2.452182182758734,-2.45218245593033,-2.452182628321626,-2.452182739300105,-2.4521828124979184,-2.452182861873303,-2.452182895625507,-2.4521829194833042,-2.452182936275298,-2.452182948472985,-2.452182957338114,-2.4521829638030215,-2.4521829687612295,-2.4521829724693283,-2.4521829754194004,-2.4521829774638197,-2.4521829793368792,-2.4521829806373154,-2.452182981595028,-2.452182982538853,-2.4521829832546134,-2.4521829837932665,-2.4521829842701193,-2.452182984664224,-2.452182984879143,-2.452182985258654,-2.4521830902826545,-2.4521840275935176,-2.452184787194374,-2.452185404819983,-2.4521859089601317,-2.452186322183416,-2.4521866619885784,-2.4521869426075003,-2.4521871753027837,-2.452187369046494,-2.452187531018016,-2.452187666992298,-2.4521877816231705,-2.452187878654948,-2.452187961086502,-2.4521880313962616,-2.4521880916171437,-2.4521881433851234,-2.4521881880026974,-2.452188226617398,-2.4521882601342266,-2.4521882893201874,-2.452188314812879,-2.4521883371385576,-2.452188356733443,-2.4521883739969477,-2.4521883892084104,-2.4521884026577454,-2.4521884145914243,-2.4521884251742225,-2.4521884345926352,-2.452188442981757,-2.4521884504624487,-2.452188457145699,-2.4521884631330235,-2.4521884685093767,-2.4521884733428316,-2.4521884777121628,-2.4521884816162918,-2.4521884851314812,-2.452188488294648,-2.452188491161461,-2.4521884937569443,-2.452188496090364,-2.4521884982117843,-2.452188500151512,-2.452188501894826,-2.4521885034702007,-2.452188504884873,-2.4521885061678312,-2.452188507716926,-2.452188512626512,-2.452188517427714,-2.4521885221229005,-2.4521885267125665,-2.452188531202614,-2.452188535590575,-2.4521885398815453,-2.4521885440783304,-2.4521885481823675,-2.4521885521964015,-2.4521885561203196,-2.452188559959465,-2.45218856371313,-2.452188567385167,-2.4521885709771385,-2.4521885744902616,-2.452188577927207,-2.4521885812884294,-2.4521885845763487,-2.45218858779388,-2.452188590941548,-2.4521885940206407,-2.452188597032023,-2.452188599979945,-2.452188602863179,-2.4521886056837316,-2.452188608445478,-2.4521886111498183,-2.4521886137926625,-2.4521886163780446,-2.4521886189089335,-2.4521886213861808,-2.4521886238122743,-2.4521886261848684,-2.4521886285082615,-2.452188630780803,-2.452188633007401,-2.452188635185393,-2.452188637316212,-2.4521886394027583,-2.452188641445246,-2.452188643445373,-2.4521886454031057,-2.4521886473211505,-2.452188649197632,-2.4521886510349042,-2.4521886528331045,-2.452188654593427,-2.452188656323858]}