{"parameters":[[1000,-0.001,1.0e-8],[100,-0.0001,1.0e-9],[100,-1.0e-5,1.0e-9]],"runtime":88929.689263415,"energies":[-0.6263625670312494,-0.6263625776444848,-0.626362600545577,-0.6263626188334988,-0.6263626151625526,-0.6263626237137906,-0.6263626102730726,-0.62636261179203,-0.6263626065496339,-0.6263626210164841,-0.626362637310615,-0.6263626308240312,-0.626362629818425,-0.6263626204844783,-0.6263626094457682,-0.62636258860159,-0.626362586144828,-0.6263625757853197,-0.6263625572042034,-0.6263625322265066,-0.6263625243086302,-0.6263625226227741,-0.6263625272174294,-0.6263625221995501,-0.6263625229165691]}