{"parameters":[[1000,-0.01,1.0e-6],[1000,-0.001,1.0e-8],[200,-0.0001,1.0e-8],[200,-1.0e-5,1.0e-8]],"runtime":3757.268239993,"energies":[-2.9892916405642795,-2.989819290689923,-2.9900188597609616,-2.9901493815845193,-2.9902414482017896,-2.9903088652785206,-2.9903602591914686,-2.9904008743554793,-2.990434112753476,-2.9904620883716353,-2.990486267367814,-2.9904885190929984,-2.990508613449955,-2.990525187685685,-2.990538989481777,-2.9905505584689394,-2.990560319929795,-2.9905686272382934,-2.9905757832299535,-2.9905820145276105,-2.9905875075004054,-2.990587566764431,-2.990588155183283,-2.990588736289369,-2.9905893104963406,-2.990589878128781,-2.990590438776953,-2.9905909927147563,-2.990591539525167,-2.9905920794881466,-2.9905926129068505,-2.990592618267927,-2.990592671841126,-2.990592725353186,-2.990592778837541,-2.9905928322802495,-2.990592885648801,-2.9905929389284767,-2.990592992160447,-2.990593045303884,-2.990593098404594]}