{"parameters":[[1000,-0.001,1.0e-8],[100,-0.0001,1.0e-9],[100,-1.0e-5,1.0e-9]],"runtime":571431.588817794,"energies":[-3.182423675683063,-3.182432657209047,-3.1824355349403795,-3.18243696196167,-3.182438053340337,-3.1824390303521293,-3.1824399444495124,-3.1824408271039584,-3.182441686193718,-3.182442506968051,-3.1824432660825672,-3.1824439386327144,-3.1824444978094575,-3.1824449376435533,-3.1824452406737898,-3.1824453996298376,-3.1824454261251263,-3.182445312954099,-3.182445080941585,-3.1824447486215486,-3.1824443328619907,-3.1824444264155716,-3.18244451006667,-3.182444518094939,-3.1824445228858167]}