{"parameters":[[5000,-0.001,1.0e-9],[500,-0.0001,1.0e-9],[200,-1.0e-5,1.0e-9]],"runtime":3342.73530627,"energies":[-2.7733978727822675,-2.77339773907718,-2.7733976501031954,-2.773397597097637,-2.7733975676834253,-2.7733975511539635,-2.7733975418711707,-2.7733975371554203,-2.7733975350850066,-2.773397534392575,-2.7733975343143893,-2.7733975346629642,-2.773397535132401,-2.7733975360148495,-2.773397537103544,-2.7733975379010603,-2.7733975390172345,-2.773397591544381,-2.7733976381468732,-2.773397679510165,-2.7733977162746237,-2.7733977490162207,-2.7733977782235573,-2.7733978043282232,-2.7733978276608724,-2.773397848532763,-2.7733978668608117,-2.773397868954906,-2.773397871024077,-2.773397873068582]}