{"parameters":[[2000,-0.001,1.0e-8],[200,-0.0001,1.0e-9]],"runtime":225135.869001281,"energies":[-0.6362015714582553,-0.636385066342845,-0.6365479512459964,-0.6366934718377991,-0.6368240249201642,-0.6369416042132108,-0.6370478476671649,-0.6371441230615531,-0.6372315833967417,-0.6373112086663971,-0.6373838576436186,-0.637450263188796,-0.6375110708033547,-0.6375668471767115,-0.6376180833257319,-0.6376652216679639,-0.6377086664848287,-0.637748738412874,-0.6377857515703067,-0.6378199918519456,-0.6378517036082879,-0.6378810977225422,-0.6379083819687982,-0.6379337374256986,-0.6379573094831539,-0.6379792542734933,-0.6379996967172505,-0.6380187735593658,-0.6380365659289942,-0.6380531902914537,-0.6380687264013466,-0.6380832517245645,-0.6380968491444134,-0.6381095878303198,-0.6381215301637235,-0.6381327453281944,-0.6381432741874328,-0.638153171284114,-0.6381624662370031,-0.6381712076546207,-0.6381794420964905,-0.6381802392955049,-0.6381810315904027,-0.6381818196310771,-0.6381826017310479]}