{"parameters":[[5000,-0.001,1.0e-8],[500,-0.0001,1.0e-9],[200,-1.0e-5,1.0e-9]],"runtime":11443.748824255,"energies":[-3.1812355970033734,-3.181235928164924,-3.1812363263874945,-3.1812367533251757,-3.181237193637177,-3.1812376408226415,-3.1812380918484124,-3.1812385454071372,-3.1812390009191094,-3.1812394578197734,-3.1812399156282556,-3.1812403745458573,-3.1812408351882078,-3.1812412978624383,-3.1812417625181,-3.181242229048574,-3.181242697290257,-3.181243167043018,-3.1812436378664204,-3.181244108952314,-3.1812445794781086,-3.1812450489454296,-3.181245517072255,-3.181245983760372,-3.1812464494236257,-3.181246914817016,-3.1812473806177732,-3.18124784742314,-3.1812483156825793,-3.1812487854437426,-3.181249256184868,-3.1812497271914366,-3.181250198139634,-3.1812506692362077,-3.1812511409120474,-3.1812516131991844,-3.181252085693825,-3.1812525579294944,-3.1812530294181722,-3.1812534996188675,-3.18125396839347,-3.1812544362657467,-3.181254903568878,-3.181255370031596,-3.181255835125606,-3.1812562984135093,-3.1812567598688872,-3.1812572198859264,-3.1812576784778774,-3.1812581347836897,-3.181258587848222,-3.1812590376300967,-3.18125948471841,-3.1812599295898467,-3.181260372435297,-3.181260813174332,-3.181261251501135,-3.18126168711997,-3.181262120013136,-3.18126255046743,-3.1812629788679683,-3.1812634054709203,-3.1812638302870497,-3.1812642531351836,-3.181264673850159,-3.181265092418868,-3.1812655089448447,-3.181265923442533,-3.181266335566474,-3.1812667448025462,-3.181267150863458,-3.1812675535327113,-3.181267952594786,-3.181268348093599,-3.1812687404909483,-3.1812691304052665,-3.181269518135344,-3.1812699034584706,-3.1812702858655775,-3.181270664972599,-3.1812710407086673,-3.1812714131589273,-3.1812717823037033,-3.1812721479141763,-3.1812725096517465,-3.1812728672576163,-3.1812732206690075,-3.1812735699916845,-3.1812739154247773,-3.1812742572072,-3.1812745955476958,-3.1812749306068016,-3.181275262513676,-3.1812755912993187,-3.1812759168395934,-3.1812762389534197,-3.1812765575321045,-3.1812768725422327,-3.1812771839772083,-3.1812774918190874,-3.181277796011752,-3.1812779707802488,-3.1812781297590793,-3.1812782751974185,-3.1812784090049124,-3.1812785327908855,-3.181278647904798,-3.181278755476816,-3.181278856455441,-3.1812789516400817,-3.181279041708063,-3.1812790512018574,-3.1812790606404797,-3.1812790700246287,-3.181279079355012]}