{"parameters":[[100,-0.01,1.0e-6],[1000,-0.001,1.0e-8],[200,-0.0001,1.0e-8],[200,-1.0e-5,1.0e-8]],"runtime":19389.681383841,"energies":[-0.6131018112155914,-0.615714601440833,-0.6172605556818777,-0.6182591532384343,-0.6189318579953776,-0.619391062581349,-0.6197030934211188,-0.6199108727585427,-0.6200437250124855,-0.6201237146908412,-0.6201648324263799,-0.6201678558112443,-0.6201705990826923,-0.6201730990820097,-0.6201753041340973,-0.6201772275775247,-0.6201789076914586,-0.6201803375549285,-0.6201814946563832,-0.6201823884162853,-0.6201830500372093,-0.6201835009386927,-0.6201837548951749,-0.620183822441468,-0.6201837223492723,-0.6201834345815085,-0.6201829545823775,-0.6201823067871048,-0.620181471432165,-0.6201804582561884,-0.620179275198884,-0.620177924543899,-0.6201764175981714,-0.6201747776657675,-0.620173022560371,-0.6201711414729335,-0.6201691406959314,-0.620167054732335,-0.620164890014955,-0.6201626000063076,-0.6201601487503343,-0.6201575512197922,-0.6201548269814809,-0.6201519879746502,-0.6201490416304416,-0.6201459925360797,-0.6201428469458738,-0.6201396337235332,-0.6201363643081763,-0.6201330313140535,-0.6201296423132638,-0.6201261791620365,-0.6201226513414642,-0.6201190659498382,-0.6201154840657833,-0.6201118876006542,-0.6201082350756772,-0.6201045337136727,-0.6201007437154861,-0.620096901964226,-0.6200929937636349,-0.6200890485117958,-0.6200850518140752,-0.6200810016721467,-0.6200769010645638,-0.6200727571582906,-0.6200685875400634,-0.6200643780010227,-0.6200601279985407,-0.6200558499746468,-0.6200515542513217,-0.620047249627766,-0.6200429392994523,-0.620038637745817,-0.6200343189410689,-0.6200299512675419,-0.620025533345396,-0.6200210745050245,-0.620016603139907,-0.6200121443580341,-0.620007662554949,-0.6200031959063123,-0.619998798945404,-0.6199943234910554,-0.6199898178607124,-0.6199853322773354,-0.6199807667156899,-0.619976191063446,-0.6199716097454423,-0.619967076826563,-0.6199625373747509,-0.6199580106573298,-0.6199534913094656,-0.6199489680309039,-0.6199444208270332,-0.6199398559405236,-0.6199352974635335,-0.6199307542051591,-0.6199261544200996,-0.6199215217084219,-0.619916881678483,-0.6199122299577678,-0.6199075666192926,-0.6199029153819784,-0.6198982528366832,-0.6198935906389268,-0.6198889311433855,-0.6198842704053871,-0.619879609515304,-0.6198749496069919,-0.619870319115437,-0.6198698569974765,-0.6198693952012294,-0.6198689340928077,-0.6198684744113979,-0.6198680183315892,-0.6198675633165139,-0.6198671052043412,-0.6198666459616154,-0.6198661863834524,-0.6198657267535432,-0.6198652671986423,-0.6198648077664598,-0.6198643485296543,-0.6198638894596279,-0.619863430613579,-0.6198629719582983,-0.6198625135206993,-0.6198620553045204,-0.6198615992286122,-0.619861144041668,-0.6198610983041233,-0.6198610525515068,-0.6198610067835978,-0.6198609610476131,-0.6198609153020663,-0.6198608695486617,-0.6198608238117387,-0.6198607780467588,-0.6198607323107597,-0.6198606865444907,-0.6198606408363762,-0.619860595080363,-0.6198605493570217,-0.6198605036217653,-0.6198604578865934,-0.6198604121589194,-0.6198603664316035,-0.6198603206948576,-0.6198602749640141,-0.6198602292356266]}