{"parameters":[[1000,-0.01,1.0e-6],[1000,-0.001,1.0e-8],[200,-0.0001,1.0e-8],[200,-1.0e-5,1.0e-8]],"runtime":63382.313971768,"energies":[-3.2645511390364694,-3.264490815224111,-3.264464522183347,-3.2644565698949024,-3.264454271790743,-3.2644536190710656,-3.2644533749541442,-3.264453156860982,-3.264452907680953,-3.2644526810735073,-3.264452498065729,-3.264455220895539,-3.2644789814038604,-3.264497480060294,-3.264511938541052,-3.264523280419236,-3.264532206258391,-3.2645392562137605,-3.2645448453638175,-3.2645492925370663,-3.2645528470001164,-3.2645528890510747,-3.2645533033224976,-3.2645537073718676,-3.2645541012985237,-3.264554485059098,-3.264554859570391,-3.2645552247782543,-3.2645555811571185,-3.2645559284858305,-3.264556267220537,-3.264556270661238,-3.2645563049834054,-3.2645563392127266,-3.2645563733551692,-3.2645564074111184,-3.264556441380624,-3.2645564752642526,-3.26455650906184,-3.264556542774035,-3.264556576400935]}