{"parameters":[[1000,-0.001,1.0e-8],[100,-0.0001,1.0e-9],[100,-1.0e-5,1.0e-9]],"runtime":8396.774274277,"energies":[-3.648427795096675,-3.648427607402888,-3.648427513618159,-3.6484274677453676,-3.6484274454763153,-3.648427434502088,-3.6484274285142195,-3.6484274247549697,-3.648427422240657,-3.648427420506979,-3.6484274192879074,-3.6484274185495886,-3.648427422404156,-3.648427602889772,-3.648427759646202,-3.6484277762076416]}