{"parameters":[[1000,-0.01,1.0e-6],[1000,-0.001,1.0e-8],[200,-0.0001,1.0e-8],[200,-1.0e-5,1.0e-8]],"runtime":3812.563686652,"energies":[-3.640965003129048,-3.641020419308355,-3.6410159396768575,-3.6410166947613627,-3.6410177713948886,-3.6410184576839404,-3.6410188466925177,-3.641019091824069,-3.641019222249044,-3.641019246176824,-3.641019267085694,-3.641022882613745,-3.6410540088155416,-3.6410776506059688,-3.6410956694097356,-3.6411094336780208,-3.641119976852093,-3.641128072169396,-3.6411343193827195,-3.641139166564559,-3.641142954129931,-3.6411429997751874,-3.6411434497470507,-3.641143887045366,-3.641144312524075,-3.641144726707112,-3.6411451296757336,-3.6411455216073945,-3.641145903015795,-3.64114627416181,-3.64114663517245,-3.641146638842533,-3.641146675472507,-3.641146711974091,-3.6411467483610744,-3.641146784640018,-3.6411468208140554,-3.6411468568820853,-3.641146892843809,-3.6411469287059517,-3.6411469644649466]}