{"parameters":[[1000,-0.01,1.0e-6],[1000,-0.001,1.0e-8],[200,-0.0001,1.0e-8],[200,-1.0e-5,1.0e-8]],"runtime":61722.141388916,"energies":[-2.9905931037685236,-2.990583083411058,-2.990584120850097,-2.9905959371106343,-2.9906107137083593,-2.990625644405805,-2.9906399186458246,-2.9906533935088624,-2.99066608183752,-2.99067803164705,-2.990689292402299,-2.9906914232946575,-2.9907103230752528,-2.990725544741083,-2.9907378832463665,-2.9907479493669675,-2.9907562233752025,-2.9907630762841033,-2.9907687993996057,-2.990773624174175,-2.9907777303308842,-2.990777776509484,-2.990778232823352,-2.9907786809613803,-2.990779121095616,-2.9907795534393093,-2.990779978146062,-2.9907803954026706,-2.990780806595509,-2.9907812095060797,-2.9907816054833205,-2.9907816094917083,-2.9907816494404433,-2.9907816893179766,-2.9907817291255148,-2.9907817689815657,-2.9907818086497877,-2.99078184796709,-2.9907818874962886,-2.990781926956367,-2.9907819663474924]}