{"parameters":[[100,-0.005,1.0e-9],[1000,-0.001,1.0e-9],[200,-0.0001,1.0e-9]],"runtime":41076.063939488,"energies":[-2.4521886578481773,-2.452190526327599,-2.452190161957771,-2.452189577613907,-2.452189136127315,-2.45218884870462,-2.4521886704154,-2.4521885609606,-2.4521884934752336,-2.45218844923066,-2.452188419620704,-2.4521893795037886,-2.4521901564706545,-2.4521907875306477,-2.452191302071973,-2.4521917233176214,-2.4521920696222606,-2.452192355543929,-2.452192592571768,-2.4521927898788625,-2.4521929547967285,-2.452193093150901,-2.4521932096636063,-2.452193308140906,-2.452193391691587,-2.4521934628242197,-2.4521935236189703,-2.4521935757649738,-2.452193620582628,-2.4521936592221976,-2.4521936926491597,-2.452193721617859,-2.452193746808077,-2.4521937687413438,-2.4521937878968285,-2.4521938046236413,-2.4521938192415558,-2.4521938321049315,-2.4521938433928683,-2.452193853306572,-2.452193862019437,-2.4521938696991583,-2.452193876462517,-2.4521938824006204,-2.4521938876418052,-2.4521938923061666,-2.4521938964441086,-2.4521939001395863,-2.4521939034269398,-2.4521939063499127,-2.4521939089484626,-2.452193911262811,-2.4521939133306896,-2.4521939151756977,-2.452193916814077,-2.4521939182401242,-2.4521939195009566,-2.4521939206250236,-2.452193921626168,-2.4521939225233855,-2.4521939233451904,-2.4521939241021453,-2.4521939248139253,-2.4521939254769025,-2.4521939261069865,-2.4521939267024186,-2.452193927197949,-2.45219393209127,-2.452193936875744,-2.4521939415535385,-2.4521939461274633,-2.4521939506002117,-2.4521939549738687,-2.452193959250747,-2.452193963433705,-2.4521939675241895,-2.4521939715245624,-2.452193975437445,-2.452193979264743,-2.452193983008049,-2.4521939866696947,-2.4521939902518297,-2.4521939937556407,-2.45219399718363,-2.452194000537288,-2.4521940038194585]}