{"parameters":[[1000,-0.001,1.0e-8],[200,-0.0001,1.0e-9],[200,-1.0e-5,1.0e-9]],"runtime":2480.993119903,"energies":[-0.6131017914907247,-0.6131015114294601,-0.6131012505236083,-0.613101009352669,-0.6131007878061098,-0.6131005853034135,-0.6131004009621575,-0.6131002337157622,-0.6131000824029122,-0.6130999458262905,-0.6130998227949235,-0.6130997121521705,-0.6130996127947776,-0.6130995236828871,-0.6130994438495921,-0.6130993723974026,-0.6130993085013258,-0.6130992514058654,-0.6130992004235406,-0.613099154930459,-0.6130991143599868,-0.6130990938074942,-0.6130990734267683,-0.6130990532174954,-0.6130990331793257,-0.6130990310156558,-0.6130990288537729,-0.6130990266936809,-0.6130990245354134]}