{"parameters":[[1000,-0.001,1.0e-8],[100,-0.0001,1.0e-9],[100,-1.0e-5,1.0e-9]],"runtime":19101.237103967,"energies":[-3.6484293186620884,-3.648608847422129,-3.648666418223893,-3.648692971257598,-3.6487074481673427,-3.648715892300488,-3.648720971799126,-3.648724075802912,-3.6487260063973763,-3.648727234041599,-3.648728026953155,-3.648728545494919,-3.6487288883910947,-3.648729118026142,-3.648729277131942,-3.6487293878424087,-3.648729467644712,-3.648729526444633,-3.6487295705166365,-3.6487296052228877,-3.6487296310940622,-3.6487298137388424,-3.6487299733070744,-3.648729989566802,-3.648730005674511]}