{"parameters":[[1000,-0.001,1.0e-8],[100,-0.0001,1.0e-9],[100,-1.0e-5,1.0e-9]],"runtime":26702.998041036,"energies":[-3.6487299532291533,-3.648729756935348,-3.6487296628790036,-3.6487296179442774,-3.648729596311824,-3.648729584953103,-3.648729578935009,-3.64872957464275,-3.6487295730931937,-3.6487295747707535,-3.648729572820037,-3.6487295719702924,-3.6487295758980824,-3.6487297707404522,-3.648729937865779,-3.648729955321042]}