{"parameters":[[1000,-0.01,1.0e-6],[1000,-0.001,1.0e-8],[200,-0.0001,1.0e-8],[200,-1.0e-5,1.0e-8]],"runtime":3817.387432361,"energies":[-3.2639961392167094,-3.2642745841648653,-3.2643499129927567,-3.26439109346315,-3.2644148662099597,-3.2644283469539173,-3.264436180315918,-3.2644408311912176,-3.2644435739871587,-3.264445272597789,-3.2644464660241006,-3.264449185811026,-3.264472958860684,-3.2644915930229637,-3.2645062126096582,-3.2645176674044745,-3.264526667039098,-3.26453375589805,-3.2645393634173074,-3.2645438307211,-3.2645474088580797,-3.2645474505335996,-3.2645478628538647,-3.264548265439732,-3.264548658498447,-3.264549042196803,-3.264549416801147,-3.264549782609817,-3.264550139610966,-3.2645504881734757,-3.264550828542565,-3.264550831990488,-3.264550866428249,-3.264550900770399,-3.26455093503199,-3.2645509692206294,-3.2645510033298386,-3.2645510373593565,-3.2645510713119283,-3.2645511051810856,-3.264551138967081]}