{"parameters":[[2000,-0.05,1.0e-6],[2000,-0.005,1.0e-8],[500,-0.0005,1.0e-8],[500,-5.0e-5,1.0e-8]],"runtime":12.938447978,"energies":[-2.061101117105587,-3.1379713425274507,-3.1444481482619357,-3.1446391859828395,-3.1446496173686374,-3.144650642220951,-3.144650785590408,-3.144650808016312,-3.14465081161846,-3.144650812200467,-3.144650812294626,-3.1446508123098647,-3.1449093599870266,-3.146354450498957,-3.1468337943761435,-3.147007691050868,-3.1470775791886934,-3.147108512282711,-3.14712351508772,-3.1471313303085253,-3.1471355641966965,-3.147137907340924,-3.147139226533026,-3.147139981297829,-3.1471404200638102,-3.147140696245393,-3.1471432907052446,-3.1471456056006075,-3.147147672831035,-3.147149520272684,-3.1471511722910033,-3.1471526502852067,-3.147153973180191,-3.1471551578118304,-3.1471562192060922,-3.147156230912707,-3.1471563472251107,-3.1471564621786685,-3.1471565757895967,-3.1471566880739124,-3.147156799047445,-3.1471569087258313,-3.147157017124522,-3.1471571242587824,-3.1471572301436925]}