{"parameters":[[10000,-0.001,1.0e-8],[2000,-0.0001,1.0e-9],[1000,-1.0e-5,1.0e-9]],"runtime":396764.562744967,"energies":[-0.6238208341327985,-0.6240235601792238,-0.6242050690993938,-0.624368520772635,-0.6245162976297004,-0.6246503776604189,-0.6247724023798361,-0.6248837505109458,-0.6249856033564914,-0.625078968402638,-0.6251647180840821,-0.6252436032790285,-0.6253163038079413,-0.6253834097071601,-0.6254454401069431,-0.6255028581440999,-0.6255560737251049,-0.6256054520681321,-0.6256513392076363,-0.6256940188463139,-0.6257337574934858,-0.6257707978550776,-0.6258053630234417,-0.6258376682187664,-0.6258678788639803,-0.6258961447868421,-0.6259225995607196,-0.6259473982341973,-0.6259706651055643,-0.6259925122100742,-0.6260130372797876,-0.6260323282265057,-0.6260504547419337,-0.6260675572274343,-0.6260836472335618,-0.6260988311936727,-0.6261131481625918,-0.6261266763869595,-0.6261394490961838,-0.6261515308505318,-0.6261629419093768,-0.6261737476954895,-0.6261839937555987,-0.6261937018489578,-0.6262028692791372,-0.6262115803826578,-0.6262198223517701,-0.6262276618267615,-0.6262350776239721,-0.6262421306385637,-0.6262488095560932,-0.6262488226449077,-0.6262494732663474,-0.6262501209248412,-0.6262507659651746,-0.6262514073481679,-0.6262520448651672,-0.6262526789667394,-0.6262533107365318,-0.6262539400349063,-0.6262545674524835,-0.6262545687021221,-0.6262546309844216,-0.6262546932206756,-0.6262547554305437,-0.6262548177598168,-0.6262548801334377,-0.6262549425834056,-0.6262550050371898,-0.6262550674808809,-0.626255129934679]}