{"parameters":[[1000,-0.01,1.0e-6],[1000,-0.001,1.0e-8],[200,-0.0001,1.0e-8],[200,-1.0e-5,1.0e-8]],"runtime":63167.686551365,"energies":[-3.357834940434451,-3.3577679056102085,-3.3577398893785606,-3.357731624020973,-3.3577292609807214,-3.3577285743876137,-3.357728370698996,-3.357728292552348,-3.3577282129996613,-3.357728109711554,-3.3577279883905535,-3.3577309274915996,-3.35775648362067,-3.357776255487502,-3.3577916107161023,-3.3578035782673767,-3.357812937986264,-3.3578202842172713,-3.357826074076138,-3.3578306536605056,-3.3578342930944736,-3.357834336382391,-3.357834762523568,-3.3578351780398576,-3.357835582512296,-3.357835976656289,-3.357836360767995,-3.357836735141553,-3.35783709995207,-3.3578374553391397,-3.3578378018699357,-3.3578378053949556,-3.357837840522556,-3.3578378755497194,-3.3578379104857996,-3.357837945331168,-3.357837980086049,-3.3578380147506683,-3.3578380493591298,-3.357838083843655,-3.3578381182384613]}