{"parameters":[[300,-0.005],[300,-0.0005],[100,-5.0e-5]],"energies":[-0.6131003938727211,-0.6146057037668613,-0.6157331566264898,-0.6166006951143197,-0.6172866528810824,-0.6178388144580507,-0.6182886055817521,-0.6186579765646976,-0.6189626334076095,-0.6192146052657721,-0.6194228063887924,-0.6195945958020427,-0.6197353582497209,-0.6198498736817346,-0.6199421077037413,-0.6200156065223916,-0.6200732809728636,-0.6201172307001077,-0.6201494725093225,-0.620172419146651,-0.6201871798145082,-0.6201950370033024,-0.6201969647594797,-0.6201939587877899,-0.620187169258906,-0.6201769877282879,-0.6201637463937701,-0.6201483173551767,-0.6201309243499966,-0.6201115792612213,-0.6200910547832802,-0.620089081178696,-0.6200870921227054,-0.6200850737750463,-0.6200830418094783,-0.620080979600867,-0.620078915159727,-0.6200768396816835,-0.6200747487817029,-0.6200726514447013,-0.6200705578357331,-0.6200684651650669,-0.6200663790831464,-0.6200642904248492,-0.6200621708575715,-0.6200600599597805,-0.6200579247070992,-0.6200558008758297,-0.6200536721527148,-0.6200515327758283,-0.6200493874348837,-0.6200472318964594,-0.6200450829410484,-0.6200429255088185,-0.6200407571362395,-0.6200385826142447,-0.6200364168327223,-0.6200342316691239,-0.620032054891764,-0.6200298509771037,-0.6200276511465966,-0.6200274366198602,-0.6200272175180632,-0.6200269992125819,-0.6200267804409458,-0.6200265616488505,-0.620026344392711,-0.6200261300429736,-0.620025911687576,-0.6200256886159439,-0.6200254709256946]}