{"parameters":[[1000,-0.01,1.0e-6],[1000,-0.001,1.0e-8],[200,-0.0001,1.0e-8],[200,-1.0e-5,1.0e-8]],"runtime":145.495257399,"energies":[-3.1471572301350728,-3.1472891425266933,-3.1473055694534002,-3.14731286827115,-3.14731667717804,-3.1473185190760606,-3.1473192763878033,-3.147319886880032,-3.147320032342906,-3.147320106445842,-3.147320043045884,-3.1473223624780884,-3.147342709258228,-3.147358742512523,-3.1473714471937844,-3.1473814988582314,-3.1473894651413308,-3.1473958088725027,-3.1474008604654045,-3.1474049084936166,-3.147408167329894,-3.1474082055259465,-3.1474085801998677,-3.1474089459958363,-3.147409302742454,-3.1474096499550615,-3.147409988686688,-3.1474103194549525,-3.1474106424379005,-3.147410957708156,-3.147411265758557,-3.1474112688859956,-3.1474113000507566,-3.1474113311557543,-3.14741136218254,-3.147411393132363,-3.1474114240048525,-3.1474114547995296,-3.1474114855148994,-3.147411516122541,-3.1474115466820076]}