{"parameters":[[2000,-0.05,1.0e-6],[2000,-0.005,1.0e-8],[500,-0.0005,1.0e-8],[500,-5.0e-5,1.0e-8]],"runtime":13.227383061,"energies":[-1.990753210047817,-3.0434354156725356,-3.0509231602067883,-3.0511844253263907,-3.0512016923214036,-3.051203828076029,-3.0512042097730343,-3.0512042859389,-3.05120430151971,-3.051204304723864,-3.051204305383541,-3.05120430551939,-3.0514423114984357,-3.0527939501023797,-3.0532576831514278,-3.053431318448734,-3.0535029332504,-3.053535298931908,-3.0535512636863755,-3.0535597254963296,-3.053564415070117,-3.0535670784720947,-3.0535686238102424,-3.053569541697539,-3.05357010026285,-3.053570355648387,-3.0535727605433887,-3.0535749156750835,-3.0535768482594254,-3.0535785822392567,-3.053580138781635,-3.053581536701023,-3.0535827927908894,-3.0535839220742265,-3.053584937996774,-3.053584949185696,-3.053585060381197,-3.053585170325873,-3.053585279034188,-3.0535853865204365,-3.0535854927987494,-3.053585597883095,-3.0535857017872776,-3.053585804524945,-3.0535859061095847]}