{"parameters":[[2000,-0.001,1.0e-8],[200,-0.0001,1.0e-9],[200,-1.0e-5,1.0e-9]],"runtime":39527.419970567,"energies":[-0.626380040315603,-0.6263804625962841,-0.6263808550056902,-0.626381213635832,-0.6263815669491598,-0.6263818669534582,-0.6263821662031185,-0.6263824396703979,-0.6263826877585211,-0.626382943426596,-0.6263832068194347,-0.6263834620942328,-0.6263837081828705,-0.6263839368881953,-0.6263841705099302,-0.6263843827359746,-0.6263845920451918,-0.6263847718932614,-0.6263849652269221,-0.6263851405805422,-0.626385316215678,-0.6263854741053742,-0.6263856149724045,-0.6263857332225407,-0.6263858767046595,-0.6263860280600028,-0.6263861755040203,-0.6263862999893525,-0.6263864090786393,-0.6263865160581193,-0.6263865994645446,-0.6263866481572669,-0.6263867210616492,-0.626386790761658,-0.626386859265633,-0.6263869130613552,-0.6263869527486802,-0.626386990958799,-0.6263870405078613,-0.6263870917110231,-0.6263871408577373,-0.6263871469116502,-0.626387142509498,-0.6263871505207381,-0.6263871474870732,-0.6263871499528368,-0.6263871507596551,-0.6263871501543272,-0.6263871522635729]}