{"parameters":[[1000,-0.001,1.0e-8],[100,-0.0001,1.0e-9],[100,-1.0e-5,1.0e-9]],"runtime":211971.48936296,"energies":[-3.182426350245362,-3.182435600264961,-3.1824385879291714,-3.1824400901834817,-3.182441160011985,-3.1824420075425417,-3.1824427029213864,-3.182443289595192,-3.182443790208583,-3.182444207108427,-3.18244453576831,-3.1824447622633207,-3.1824448799522993,-3.182444881269991,-3.1824447458911913,-3.18244449541094,-3.1824441343525947,-3.182443657144559,-3.1824430956584027,-3.1824424696638003,-3.182441793181827,-3.1824418596720494,-3.182441898180415,-3.182441907162355,-3.1824419129900634]}