{"parameters":[[10000,-0.001,1.0e-8],[2000,-0.0001,1.0e-9],[1000,-1.0e-5,1.0e-9]],"runtime":10887.471731154,"energies":[-0.6263111577680599,-0.6263111835263174,-0.6263112079810524,-0.6263112314262904,-0.62631125407433,-0.6263112760752119,-0.6263112975416678,-0.6263113185562673,-0.6263113391855487,-0.6263113594758862,-0.6263113794593154,-0.6263113991625507,-0.6263114186000549,-0.6263114377880753,-0.6263114567389849,-0.62631147546493,-0.6263114939692678,-0.626311512255037,-0.6263115303392572,-0.6263115482175876,-0.626311565894647,-0.6263115833729127,-0.6263116006608296,-0.6263116177578524,-0.6263116346667407,-0.62631165139562,-0.6263116679419567,-0.6263116843084026,-0.626311700499923,-0.6263117165210151,-0.6263117323738928,-0.6263117480566797,-0.6263117635751574,-0.6263117789282919,-0.6263117941229169,-0.6263118091591067,-0.626311824037169,-0.6263118387592488,-0.6263118533282234,-0.6263118677475934,-0.6263118820191829,-0.6263118961440199,-0.6263119101248344,-0.6263119239621973,-0.6263119376567415,-0.6263119512091233,-0.6263119646242492,-0.6263119779034263,-0.6263119910462399,-0.6263120040521595,-0.6263120169290174,-0.6263120296758533,-0.626312042291964,-0.6263120547795431,-0.6263120671382635,-0.6263120793699359,-0.6263120914765847,-0.6263121034652843,-0.626312115330705,-0.6263121270746173,-0.6263121387015991,-0.6263121502103269,-0.6263121616007774,-0.6263121728797686,-0.6263121840461853,-0.6263121951002066,-0.6263122060431459,-0.6263122168761371,-0.6263122275983433,-0.6263122382113192,-0.6263122487180542,-0.626312259120533,-0.62631226941717,-0.6263122796098513,-0.6263122896995084,-0.6263122996852184,-0.6263123095725525,-0.6263123193579211,-0.6263123290453111,-0.626312338634853,-0.6263123481290103,-0.6263123575275978,-0.6263123668297738,-0.6263123760394775,-0.6263123851548427,-0.6263123941796102,-0.6263124031124017,-0.6263124119555261,-0.6263124207085896,-0.6263124293738928,-0.6263124379524964,-0.6263124464428922,-0.6263124548486942,-0.62631246316963,-0.6263124714097447,-0.6263124795663575,-0.6263124876394147,-0.6263124956305428,-0.6263125035415749,-0.6263125113723823,-0.6263125191237642,-0.6263125267973809,-0.6263125343960895,-0.6263125419140483,-0.6263125493600677,-0.6263125567305811,-0.6263125640272433,-0.6263125712501125,-0.6263125784004896,-0.6263125854789668,-0.6263125924855607,-0.6263125994215435,-0.6263126062867694,-0.6263126130828671,-0.6263126198109314,-0.6263126264711967,-0.6263126330641144,-0.6263126395918105,-0.6263126460521236,-0.626312652446908,-0.6263126587775127,-0.62631266504416,-0.6263126712487923,-0.6263126773911883,-0.6263126834717372,-0.6263126894907289,-0.6263126954481574,-0.6263127013451458,-0.6263127071843694,-0.6263127129649233,-0.626312718686019,-0.6263127243511832,-0.626312729958721,-0.6263127355096665,-0.6263127410052343,-0.6263127464452333,-0.6263127518298277,-0.6263127571605278,-0.6263127624375197,-0.626312767661114,-0.6263127728311176,-0.6263127779486047,-0.6263127830152663,-0.6263127880324441,-0.6263127929990395,-0.6263127979153774,-0.6263128027821607,-0.6263128076003036,-0.6263128123693358,-0.626312817090162,-0.6263128217632115,-0.6263128263884452,-0.6263128309686786,-0.6263128355031072,-0.62631283999133,-0.6263128444343119,-0.626312848832915,-0.6263128531867111,-0.6263128574964332,-0.6263128617634068,-0.6263128659869043,-0.6263128701673233,-0.6263128743050681,-0.62631287840211,-0.6263128824579637,-0.626312886473527,-0.6263128904485072,-0.6263128943838895,-0.6263128982793451,-0.6263129021352009,-0.6263129059526132,-0.6263129097314329,-0.6263129134709251,-0.6263129171735837,-0.6263129208391626,-0.6263129244675281,-0.6263129280588865,-0.6263129316144508,-0.6263129351348575,-0.6263129386197196,-0.6263129420695711,-0.6263129454845902,-0.6263129488650694,-0.6263129522114,-0.6263129555238582,-0.626312958802794,-0.6263129620484755,-0.626312965261605,-0.626312968442093,-0.6263129715915786,-0.6263129747090049,-0.6263129777949337,-0.6263129808494985,-0.6263129838731764,-0.6263129868663855,-0.6263129898298582,-0.6263129927630937,-0.6263129956670456,-0.6263129985412988,-0.6263130013871353,-0.6263130042041576,-0.626313004373596,-0.6263130044979696,-0.626313004579166,-0.6263130046192146,-0.626313004619812,-0.6263130045827705,-0.6263130045096501,-0.6263130044019602,-0.6263130042612692,-0.6263130040890748,-0.6263130040886093,-0.6263130040651675,-0.6263130040413347,-0.62631300401713,-0.6263130039925585,-0.6263130039676131,-0.6263130039423012,-0.6263130039166251,-0.6263130038905749,-0.6263130038641682]}