{"parameters":[[5000,-0.001,1.0e-8],[500,-0.0001,1.0e-9],[200,-1.0e-5,1.0e-9]],"runtime":58809.119133347,"energies":[-2.7733472508338126,-2.7733474353144483,-2.7733472869778173,-2.7733471726436814,-2.7733470970447023,-2.7733471169652297,-2.7733473286747565,-2.7733473570311253,-2.773347198022955,-2.773347123968601,-2.7733471195680397,-2.773347275260569,-2.7733472298030364,-2.7733473617672963,-2.7733473488464995,-2.773347337670126,-2.7733473829962825,-2.7733476177446774,-2.773347688242426,-2.7733476530337646,-2.773347667543706,-2.773347721086371,-2.7733477983676127,-2.773347886764188,-2.7733479747873178,-2.7733480442294782,-2.773348076075925,-2.7733480532223296,-2.7733479647973547,-2.7733478122157997,-2.773347618895052,-2.7733474528467488,-2.7733473596695974,-2.7733472950011087,-2.773347523492054,-2.7733474305830343,-2.773347307229072,-2.7733472080754047,-2.7733474179303377,-2.7733472923206146,-2.773347205191383,-2.7733474649175496,-2.773347337502581,-2.773347226362375,-2.7733471593320513,-2.7733473285820938,-2.7733473305428604,-2.773347303819793,-2.773347428355068,-2.773347388550231,-2.773347403752922,-2.773347445629684,-2.7733474649251373,-2.7733474189227327,-2.7733474592173617,-2.773347526649941,-2.773347618438721,-2.773347584218572,-2.7733475245989596,-2.773347465771752,-2.7733477035313654,-2.7733475758545563,-2.7733475168194732,-2.773347517672516,-2.7733474792702477,-2.7733474036996753,-2.7733475721394854,-2.7733475199279005,-2.7733475107957926,-2.7733474423318554,-2.7733474242814786,-2.773347557278424,-2.773347582905732,-2.773347570963263,-2.773347539156708,-2.7733476420323306,-2.773347779025049,-2.7733477768659456,-2.7733478433264045,-2.7733479544418183,-2.7733480777209656,-2.773348173877204,-2.7733482105934373,-2.7733481753739153,-2.773348075579242,-2.7733479357542925,-2.7733478007704315,-2.773347722528294,-2.7733476943844506,-2.773347653950434,-2.773347584503108,-2.77334755385405,-2.7733475456125563,-2.7733475373254395,-2.7733476759237226,-2.7733476850428787,-2.773347664688077,-2.77334763781952,-2.7733476020434824,-2.773347600053742,-2.7733476040219838,-2.7733476803241315,-2.7733477483206985,-2.7733478086413865,-2.773347862032477,-2.7733479092412185,-2.7733479509778665,-2.7733479878876253,-2.7733480205313294,-2.773348049469146,-2.7733480751420534,-2.7733480779755015,-2.7733480807734683,-2.7733480835351427,-2.77334808626151]}