{"parameters":[[100,-0.01,1.0e-6],[1000,-0.001,1.0e-8],[200,-0.0001,1.0e-8],[200,-1.0e-5,1.0e-8]],"runtime":153181.437469653,"energies":[-0.632276190878721,-0.6349057675064379,-0.6362338133524403,-0.6369472717286042,-0.6373553483313502,-0.6376023176034286,-0.6377600534951423,-0.6378662310138283,-0.6379412686794361,-0.6379968816551891,-0.638039804343856,-0.6380447185517052,-0.6380494723302093,-0.6380540728429784,-0.638058527162929,-0.6380628419811468,-0.6380670227356141,-0.6380710802032022,-0.6380750185019711,-0.6380788426005618,-0.6380825605680073,-0.6380861782573884,-0.6380896969940371,-0.6380931262566993,-0.6380964688454591,-0.6380997294421158,-0.6381029119654908,-0.638106021866035,-0.6381090589427558,-0.6381120257085092,-0.638114924933568,-0.6381177621098051,-0.6381205390582719,-0.6381232569482903,-0.6381259165957429,-0.6381285241825375,-0.6381310794687516,-0.6381335832521464,-0.6381360381618045,-0.6381384483280114,-0.6381408118277383,-0.6381431294120729,-0.6381454069192244,-0.638147642429536,-0.6381498387192125,-0.6381519948202378,-0.638154111948441,-0.6381561923333612,-0.6381582376738265,-0.6381602506680844,-0.638162229966294,-0.6381641784291857,-0.6381660937441281,-0.6381679772092529,-0.6381698299612839,-0.6381716526131886,-0.6381734474437262,-0.6381752155005026,-0.6381769564767067,-0.6381786681202883,-0.6381803546656721,-0.6381820161825376,-0.6381836514773201,-0.6381852616210114,-0.63818684706754,-0.6381884099291298,-0.6381899520388951,-0.6381914719801,-0.6381929700572379,-0.6381944466215641,-0.6381959053187634,-0.6381973427655795,-0.6381987593533385,-0.6382001570650313,-0.6382015392020763,-0.6382029024146444,-0.6382042447061066,-0.6382055690861858,-0.6382068787701145,-0.6382081677721213,-0.6382094419504996,-0.6382107018912032,-0.6382119435670791,-0.6382131714596827,-0.638214381788634,-0.6382155768158326,-0.6382167571980798,-0.6382179202253412,-0.6382190676039063,-0.638220197387379,-0.6382213136756363,-0.6382224166409628,-0.6382235036861017,-0.6382245796607413,-0.6382256438874233,-0.6382266911293843,-0.6382277247117191,-0.6382287486174999,-0.6382297617329745,-0.6382307616269205,-0.6382317467901065,-0.6382327225755935,-0.6382336835394664,-0.6382346356896647,-0.6382355742156667,-0.6382365021583222,-0.6382374189497517,-0.6382383246017307,-0.6382392187488564,-0.6382401027649502,-0.6382409766143684,-0.6382410623509474,-0.638241148519974,-0.6382412343157621,-0.6382413208423329,-0.6382414069127721,-0.638241491881753,-0.6382415776267392,-0.6382416633462416,-0.6382417487642214,-0.6382418336553995,-0.6382419187202387,-0.6382420039356277,-0.6382420887480778,-0.6382421729342065,-0.6382422584658747,-0.6382423438384439,-0.6382424282289927,-0.6382425137797004,-0.6382425982540574,-0.6382426824336391,-0.6382426913544611,-0.6382426998020687,-0.6382427081521256,-0.6382427173431191,-0.6382427258747053,-0.6382427341503258,-0.638242741826171,-0.6382427506994681,-0.6382427596238306,-0.6382427677148941,-0.638242775908734,-0.638242784819166,-0.6382427934819666,-0.6382428017205412,-0.6382428108162237,-0.6382428183591469,-0.6382428276305129,-0.6382428353344509,-0.6382428445504327,-0.6382428529218768]}