{"parameters":[[5000,-0.05,1.0e-7],[5000,-0.005,1.0e-9],[500,-0.001,1.0e-9],[500,-0.0001,1.0e-9]],"runtime":4997.186487741,"energies":[-0.06485302854327066,-2.19698516930588,-2.4157956007343313,-2.4514826002217824,-2.4516015781949503,-2.451606353493047,-2.4516067564877013,-2.4516068166127067,-2.4516068269066422,-2.451606830877477,-2.451606829664031,-2.451606829444638,-2.4516068304677376,-2.451606830283029,-2.451606829024784,-2.451663207014289,-2.451988044629961,-2.4521024884307847,-2.4521463484866417,-2.452164773751908,-2.4521732417753666,-2.4521774705800143,-2.4521797278691344,-2.452180996461647,-2.4521817380237523,-2.452182182934986,-2.452182456140049,-2.4521826283134374,-2.4521827393873834,-2.452182812449512,-2.4521828619441535,-2.45218289576409,-2.452182919617846,-2.452182936349426,-2.452182948403691,-2.452182957323611,-2.4521829637529673,-2.4521829686793497,-2.4521829724430684,-2.452182975306923,-2.4521829775210464,-2.4521829792200296,-2.4521829806129363,-2.4521829817133747,-2.4521829824326624,-2.452182983065323,-2.452182983683001,-2.45218298423259,-2.452182984677773,-2.452182984928542,-2.4521829851188506,-2.4521830901516566,-2.4521840274927165,-2.4521847871223565,-2.452185404770986,-2.452185908912296,-2.4521863221425058,-2.4521866619578527,-2.4521869425842038,-2.4521871753043585,-2.4521873690695526,-2.452187531051365,-2.452187667042788,-2.452187781692328,-2.4521878787008657,-2.4521879611385953,-2.4521880314652647,-2.4521880916766436,-2.452188143429452,-2.452188188060354,-2.4521882266822264,-2.4521882602023335,-2.4521882893845897,-2.4521883148598396,-2.4521883371799253,-2.452188356772569,-2.452188374020651,-2.452188389232554,-2.4521884026869714,-2.4521884146041577,-2.452188425176387,-2.452188434581985,-2.4521884429935574,-2.4521884504688707,-2.452188457152095,-2.4521884631390907,-2.4521884685219972,-2.4521884733284116,-2.4521884776638294,-2.4521884815655053,-2.4521884850693016,-2.4521884882400466,-2.452188491107349,-2.45218849369887,-2.4521884960298745,-2.452188498149341,-2.4521885000779307,-2.452188501817033,-2.4521885034093382,-2.452188504836084,-2.4521885061385063,-2.4521885077028283,-2.452188512614118,-2.4521885174140468,-2.4521885221090414,-2.452188526699943,-2.452188531189264,-2.452188535577111,-2.4521885398682524,-2.452188544066412,-2.4521885481699246,-2.45218855218457,-2.452188556109867,-2.4521885599507423,-2.452188563704997,-2.4521885673781676,-2.4521885709703657,-2.452188574483592,-2.452188577919922,-2.452188581287163,-2.4521885845758473,-2.4521885877936724,-2.4521885909410575,-2.452188594019929,-2.452188597032005,-2.452188599978896,-2.4521886028617828,-2.452188605684117,-2.4521886084449185,-2.4521886111465516,-2.4521886137891564,-2.452188616377034,-2.4521886189084,-2.452188621385579,-2.452188623809908,-2.452188626181995,-2.4521886285057946,-2.452188630779764,-2.4521886330047553,-2.4521886351839504,-2.4521886373157726,-2.4521886394017622,-2.452188641444292,-2.4521886434438054,-2.4521886454050748,-2.4521886473223353,-2.452188649198916,-2.4521886510362014,-2.452188652837652,-2.452188654599111,-2.452188656325752]}