{"parameters":[[1000,-0.001,1.0e-8],[100,-0.0001,1.0e-9],[100,-1.0e-5,1.0e-9]],"runtime":173828.669273317,"energies":[-3.648729953219761,-3.6487309947743896,-3.6487311015176225,-3.6487311077694935,-3.6487311046696416,-3.6487311011264136,-3.6487310985777244,-3.648731096645325,-3.648731094569223,-3.6487310919175227,-3.6487310882656514,-3.6487310923322895,-3.648731282591124,-3.648731445584405,-3.6487314627722913]}