{"parameters":[[1000,-0.01,1.0e-6],[1000,-0.001,1.0e-8],[200,-0.0001,1.0e-8],[200,-1.0e-5,1.0e-8]],"runtime":3774.280924592,"energies":[-2.7422950005601217,-2.742348419991103,-2.742355701963572,-2.7423603971341097,-2.7423637095108138,-2.742365845004604,-2.7423672125098815,-2.7423680344984454,-2.7423685151532853,-2.7423687666671386,-2.74236888108249,-2.742370124175376,-2.742381121093689,-2.74238989882224,-2.742396917592836,-2.742402542877292,-2.7424070637260236,-2.7424107080595292,-2.742413655318063,-2.742416049122668,-2.7424180027929923,-2.7424180255715656,-2.742418250537569,-2.742418470456691,-2.742418685449003,-2.7424188956118187,-2.742419101055912,-2.7424193019006804,-2.742419498254295,-2.742419690219209,-2.7424198778995823,-2.7424198798017314,-2.742419898799681,-2.7424199177543387,-2.7424199366657613,-2.7424199555340523,-2.742419974359324,-2.7424199931416817,-2.7424200118812356,-2.742420030578093,-2.742420049232365]}