{"parameters":[[1000,-0.01,1.0e-6],[1000,-0.001,1.0e-8],[200,-0.0001,1.0e-8],[200,-1.0e-5,1.0e-8]],"runtime":3757.443544431,"energies":[-2.4007460333400754,-2.400742377308811,-2.4007377596039707,-2.400735891294385,-2.4007352010049776,-2.4007349455723057,-2.400734831763097,-2.4007347761939273,-2.4007347395057423,-2.4007347291784633,-2.400734711347786,-2.400735203667568,-2.4007395866872914,-2.4007431280962073,-2.4007459964654445,-2.400748326275375,-2.4007502238239957,-2.400751774127799,-2.400753044825816,-2.4007540900035136,-2.4007549523035903,-2.400754962241385,-2.400755060459629,-2.400755156602463,-2.400755250716804,-2.4007553428481514,-2.400755433040549,-2.4007555213365794,-2.4007556077789634,-2.4007556924077074,-2.400755775262853,-2.400755776101806,-2.4007557844814604,-2.40075579284318,-2.4007558011870045,-2.4007558095129724,-2.4007558178211252,-2.4007558261115016,-2.40075583438414,-2.4007558426390823,-2.4007558508763656]}