{"parameters":[[300,-0.005],[300,-0.0005],[100,-5.0e-5]],"energies":[-0.6263109019880368,-0.6277616351647027,-0.6288347845332017,-0.629652869606328,-0.6302912055708739,-0.6307976357964188,-0.6312035985416775,-0.6315306905703096,-0.6317947294573386,-0.6320076353723326,-0.6321787217407371,-0.6323153377792848,-0.6324233676118111,-0.6325077395301386,-0.6325723823212608,-0.6326204803670333,-0.6326548329415199,-0.6326780077753548,-0.6326917981599643,-0.6326977222860738,-0.6326970513579264,-0.6326911886909542,-0.6326811683609772,-0.6326678426365924,-0.6326517700231078,-0.63263341774757,-0.6326133138247362,-0.6325919364483805,-0.6325696445246629,-0.632546594082176,-0.6325230318739629,-0.6325207955929655,-0.6325185495841276,-0.6325162893552605,-0.632514020312191,-0.6325117433244217,-0.6325094659571212,-0.6325071876648355,-0.6325049020223658,-0.6325026160782756,-0.6325003280398006,-0.6324980482851114,-0.632495769513168,-0.632493494150797,-0.6324911973692587,-0.6324888970572244,-0.6324865888310198,-0.6324842788514724,-0.6324819686151026,-0.6324796642702828,-0.6324773542648601,-0.6324750469443614,-0.6324727464701454,-0.6324704547583968,-0.632468169392009,-0.6324658867309778,-0.632463604267264,-0.632461325087033,-0.6324590435855645,-0.6324567666408255,-0.6324544897164088,-0.6324542626763389,-0.6324540360611666,-0.632453811028647,-0.6324535804396202,-0.6324533540930084,-0.6324531301535613,-0.6324529050943963,-0.6324526763499728,-0.6324524510643136,-0.6324522224576166]}