{"parameters":[[100,-0.01,1.0e-6],[1000,-0.001,1.0e-8],[200,-0.0001,1.0e-8],[200,-1.0e-5,1.0e-8]],"runtime":80521.212550817,"energies":[-0.619860229228557,-0.6225650779746202,-0.6239642236625804,-0.6247319965494481,-0.6251810002340631,-0.6254593338382982,-0.6256417312366913,-0.6257677264674808,-0.6258591961241209,-0.6259286434478291,-0.6259834209699059,-0.6259893467597639,-0.6259951015679888,-0.6260006942421221,-0.6260061331223286,-0.6260114260481763,-0.6260165762242967,-0.6260215921471489,-0.6260264796347177,-0.6260312408693651,-0.6260358893670148,-0.6260404258909534,-0.6260448504943739,-0.6260491788680358,-0.6260534120831445,-0.6260575556282632,-0.6260616136240964,-0.6260655897780005,-0.6260694888881412,-0.6260733086913731,-0.6260770538454736,-0.6260807289410393,-0.6260843345615308,-0.6260878741631711,-0.6260913484165944,-0.6260947578640871,-0.6260981103478184,-0.6261014035424745,-0.6261046389404653,-0.6261078189185196,-0.6261109465481688,-0.6261140245255278,-0.6261170522688695,-0.6261200317715803,-0.62612296410447,-0.6261258448260172,-0.6261286827014603,-0.6261314786782561,-0.6261342330517639,-0.6261369505811949,-0.626139620083833,-0.626142249048545,-0.6261448399794832,-0.6261473945968942,-0.6261499121658645,-0.6261523936809812,-0.6261548395571281,-0.6261572534874049,-0.6261596331038563,-0.6261619779421875,-0.6261642880988906,-0.626166571747267,-0.6261688241754296,-0.6261710479470002,-0.626173240587745,-0.6261754084697786,-0.6261775455851933,-0.6261796535597719,-0.626181737916176,-0.6261837946209182,-0.6261858224305116,-0.6261878261266831,-0.6261898060633911,-0.6261917594319685,-0.6261936912786803,-0.6261955934883461,-0.6261974756017584,-0.6261993353330577,-0.6262011732532707,-0.6262029857635834,-0.6262047792479928,-0.6262065489939775,-0.6262083030322836,-0.6262100341404374,-0.6262117447869727,-0.6262134347062687,-0.6262151082689252,-0.6262167649394157,-0.6262183998541603,-0.626220017475229,-0.6262216167003596,-0.6262231983040855,-0.6262247576603484,-0.6262263007267976,-0.6262278211318799,-0.6262293237457741,-0.6262308111598507,-0.6262322804480059,-0.6262337367390722,-0.626235178735051,-0.6262366093869389,-0.6262380197646893,-0.6262394154428312,-0.6262407942848314,-0.6262421654189365,-0.6262435220142657,-0.6262448611820685,-0.6262461882469227,-0.6262475017690557,-0.6262487952342624,-0.6262500758403946,-0.6262502040576492,-0.6262503303071475,-0.6262504590865717,-0.6262505870326502,-0.6262507128536638,-0.6262508411612966,-0.6262509676341358,-0.6262510962208414,-0.6262512210312928,-0.6262513478153744,-0.6262514738860608,-0.6262515994510978,-0.626251725535664,-0.6262518503602156,-0.6262519763112983,-0.6262521015126746,-0.6262522266273058,-0.6262523518052313,-0.6262524748817772,-0.6262525990361953,-0.6262526119836583,-0.6262526248248587,-0.6262526373136068,-0.6262526508695768,-0.6262526618788086,-0.6262526746989117,-0.6262526886337995,-0.6262527007682217,-0.6262527125197201,-0.6262527254520089,-0.6262527374552083,-0.6262527489793591,-0.6262527618461814,-0.6262527742118712,-0.6262527870468412,-0.6262527983562175,-0.6262528120380615,-0.6262528243363987,-0.6262528364727653,-0.6262528488889242]}