{"parameters":[[1000,-0.01,1.0e-6],[1000,-0.001,1.0e-8],[200,-0.0001,1.0e-8],[200,-1.0e-5,1.0e-8]],"runtime":1750.932819662,"energies":[-2.689163656430385,-2.689142075143713,-2.689127317498095,-2.689121527397292,-2.6891191960152416,-2.68911818247017,-2.689117781830157,-2.689117610254699,-2.6891174216140503,-2.689117197330579,-2.689117010655595,-2.6891184689690237,-2.6891314589776845,-2.689141973617596,-2.6891505090148176,-2.6891574534051497,-2.689163118968205,-2.68916775405876,-2.689171556398206,-2.6891746855270617,-2.6891772739568807,-2.68917730393798,-2.689177598463894,-2.689177886663469,-2.689178168770995,-2.6891784449379292,-2.6891787153059976,-2.689178980009841,-2.6891792391788103,-2.689179492937896,-2.689179741408468,-2.689179743933477,-2.6891797690628487,-2.689179794141361,-2.689179819166567,-2.689179844138572,-2.6891798690574973,-2.6891798939234617,-2.689179918736585,-2.689179943496987,-2.6891799682047846]}