{"parameters":[[100,-0.005,1.0e-9],[1000,-0.001,1.0e-9],[200,-0.0001,1.0e-9]],"runtime":19154.741924929,"energies":[-2.452188670423736,-2.4521906135574207,-2.4521903430725454,-2.4521898330064187,-2.4521894435038045,-2.452189191129877,-2.4521890362242105,-2.452188942189753,-2.4521888864319252,-2.4521888500271447,-2.452188824804022,-2.452189727093125,-2.452190456554193,-2.4521910481824216,-2.452191529901031,-2.4521919237043304,-2.452192246980422,-2.4521925134899387,-2.452192734035726,-2.4521929172899206,-2.4521930701627914,-2.452193198175405,-2.452193305774446,-2.4521933965394114,-2.4521934733931166,-2.4521935387376934,-2.452193594491552,-2.4521936422098767,-2.4521936831569424,-2.4521937183649447,-2.452193748723145,-2.452193774980631,-2.45219379776392,-2.4521938175807705,-2.452193834829741,-2.4521938498372737,-2.4521938628869333,-2.452193874263829,-2.45219388420723,-2.452193892885202,-2.4521939004491027,-2.4521939070860146,-2.4521939128887484,-2.4521939179449213,-2.4521939223609612,-2.452193926214375,-2.4521939295784874,-2.452193932501381,-2.4521939350614117,-2.4521939373126753,-2.4521939392912238,-2.452193941036499,-2.4521939425789347,-2.4521939439271576,-2.452193945115441,-2.4521939461690043,-2.4521939470928156,-2.4521939479177637,-2.4521939486688584,-2.452193949345927,-2.4521939499564134,-2.4521939505116874,-2.4521939510241406,-2.452193951488726,-2.4521939560763917,-2.4521939605606637,-2.4521939649442084,-2.4521939692296124,-2.4521939734186606,-2.452193977514032,-2.4521939815180502,-2.4521939854330115,-2.4521939892608424,-2.4521939930030925,-2.4521939966631074,-2.452194000242238,-2.452194003742475,-2.4521940071653234,-2.4521940105127236,-2.4521940137867406,-2.4521940169891043,-2.452194020121377,-2.4521940231852972]}