{"parameters":[[500,-0.001,1.0e-8],[100,-0.0001,1.0e-9],[100,-1.0e-5,1.0e-9]],"runtime":131701.802837689,"energies":[-2.773463290801852,-2.7734640439232963,-2.773464246867927,-2.7734643229224623,-2.7734643613167997,-2.7734643850975123,-2.773464401523187,-2.773464413268142,-2.7734644218017026,-2.773464428053174,-2.7734644324675983,-2.7734644874578125,-2.773464536360145,-2.7734645414729275,-2.773464546502651]}