{"parameters":[[500,-0.001,1.0e-8],[100,-0.0001,1.0e-9],[100,-1.0e-5,1.0e-9]],"runtime":305604.931938912,"energies":[-2.773463329084059,-2.7734640459727733,-2.773464230043425,-2.7734642952646764,-2.773464326754104,-2.7734643458440678,-2.77346435889704,-2.7734643682345475,-2.7734643747648087,-2.7734643791851474,-2.773464382030173,-2.773464440963142,-2.7734644933827073,-2.773464498872449,-2.7734645042848194]}