{"parameters":[[1000,-0.01,1.0e-6],[1000,-0.001,1.0e-8],[200,-0.0001,1.0e-8],[200,-1.0e-5,1.0e-8]],"runtime":61896.769530296,"energies":[-2.400755850874038,-2.4007440322352065,-2.4007383274433383,-2.4007362056927932,-2.400735433137684,-2.4007351429827564,-2.400735031850602,-2.4007349875542903,-2.400734965958515,-2.4007349510745044,-2.400734948014399,-2.4007354394466454,-2.40073981496372,-2.4007433520773156,-2.4007462194104585,-2.400748550389473,-2.4007504508086717,-2.4007520047346445,-2.400753279129125,-2.400754327479646,-2.400755192598878,-2.400755202559004,-2.4007553010022886,-2.4007553973724427,-2.4007554917148095,-2.4007555840738233,-2.400755674492897,-2.400755763014438,-2.400755849679913,-2.400755934529841,-2.40075601760385,-2.4007560184449215,-2.4007560268457535,-2.40075603522863,-2.400756043593592,-2.4007560519406757,-2.400756060269922,-2.400756068581372,-2.4007560768750635,-2.400756085151035,-2.400756093409328]}