{"parameters":[[10000,-0.001,1.0e-8],[2000,-0.0001,1.0e-9],[1000,-1.0e-5,1.0e-9]],"runtime":12950.249119698,"energies":[-0.6184586505306284,-0.618894109527454,-0.6192320846304818,-0.6194943732533402,-0.6196959891057751,-0.6198497506517917,-0.6199663399096824,-0.6200539957750314,-0.6201185931088206,-0.6201650933205274,-0.620196933607279,-0.6202165657403678,-0.6202263341501731,-0.620228187355449,-0.6202236566843304,-0.6202139687091216,-0.6202001357421562,-0.6201833026147139,-0.6201639512551413,-0.6201639116540066,-0.6201619242796604,-0.6201599303341054,-0.6201579234061058,-0.62015590317482,-0.6201538660500112,-0.6201518195495614,-0.6201497609726107,-0.62014769813254,-0.620145624643785,-0.620145620486422,-0.620145412463788,-0.6201452041851162,-0.6201449956198002,-0.6201447867451769,-0.6201445775851742,-0.6201443680638253,-0.6201441582257425,-0.6201439480882187,-0.620143737677344]}