{"parameters":[[20000,-0.001,1.0e-8],[2000,-0.0001,1.0e-9],[500,-1.0e-5,1.0e-9]],"runtime":905.513176132,"energies":[-0.6128007420639491,-0.612837434292788,-0.6128693049654678,-0.6128970455757856,-0.6129212372732913,-0.6129423706598894,-0.6129608615930902,-0.6129770639220331,-0.612991279799374,-0.6130037680722813,-0.6130147511545868,-0.6130244206634172,-0.6130329421107128,-0.6130404587817796,-0.6130470949680051,-0.6130529587129886,-0.613058144070485,-0.6130627330555438,-0.6130627416767743,-0.6130631700594271,-0.6130635932348948,-0.6130640112696106,-0.613064424230025,-0.6130648321814701,-0.6130652351892304,-0.6130656333159369,-0.6130660266244015,-0.6130664151759174,-0.6130664159481513,-0.6130664545358697,-0.6130664930766139,-0.6130665315704712,-0.6130665700174895,-0.6130666084177178,-0.6130666467712134,-0.613066685078055,-0.6130667233383015,-0.6130667615520078]}