{"parameters":[[500,-0.001,1.0e-8],[100,-0.0001,1.0e-9],[100,-1.0e-5,1.0e-9]],"runtime":30355.881559506,"energies":[-2.7734623030366423,-2.773462562503735,-2.7734627573907136,-2.773462900145551,-2.773463004029878,-2.77346307846082,-2.773463130925395,-2.7734631655336073,-2.7734631874630944,-2.773463200243709,-2.7734632066810314,-2.773463265799625,-2.773463318206499,-2.7734633236648754,-2.77346332905416]}