{"parameters":[[10000,-0.001,1.0e-8],[2000,-0.0001,1.0e-9],[1000,-1.0e-5,1.0e-9]],"runtime":61786.519254748,"energies":[-0.631193342652388,-0.6316093300572039,-0.6319287983301441,-0.6321722755753347,-0.6323553962039618,-0.6324917543936611,-0.6325917199772085,-0.6326627248681636,-0.6327113612936809,-0.632742689846394,-0.6327605100752338,-0.6327679387008294,-0.632767473239151,-0.6327609213785043,-0.6327495603145232,-0.6327343720656533,-0.6327162098336903,-0.6326957557100593,-0.6326739142917214,-0.6326509036608572,-0.6326270404499937,-0.6326024109461226,-0.6325772622580395,-0.632551952347081,-0.6325265207015176,-0.6325009781926552,-0.6324754381020624,-0.6324500306213542,-0.6324247594517698,-0.6323999664607498,-0.6323756889861469,-0.632352185156072,-0.6323291681206096,-0.6323067389420952,-0.6322845212633971,-0.6322622079270344,-0.6322405709336312,-0.6322198873142046,-0.6321996504547344,-0.6321802770674633,-0.6321619857971897,-0.6321441479564256,-0.6321269663477851,-0.6321098588119439,-0.6320930922188117,-0.6320770866451358,-0.6320617490080428,-0.6320468624606966,-0.6320326322473836,-0.6320183202731552,-0.6320030800048296,-0.6319873005354126,-0.6319710848799899,-0.6319541823690863,-0.631937794979737,-0.6319224290173575,-0.6319089319912324,-0.6318973642427608,-0.6318875717349396,-0.6318798442318116,-0.6318736162959817,-0.6318680192071435,-0.631863537542858,-0.6318596209605615,-0.6318559739981212,-0.6318524869001556,-0.6318488126262928,-0.6318453847019331,-0.6318427404520244,-0.6318402090914755,-0.6318376986682286,-0.6318356166325394,-0.6318341079706536,-0.631832860121503,-0.6318316655027904,-0.6318307412145947,-0.6318302267086264,-0.631830223127296,-0.6318301210840583,-0.6318297142016769,-0.6318289471083781,-0.6318280616778627,-0.6318271302031722,-0.6318260004606988,-0.631825207102113,-0.6318245902576117,-0.631824249723082,-0.6318240737400036,-0.631823752772498,-0.6318234755489709,-0.6318227970475134,-0.6318222433332145,-0.631822431863169,-0.6318226391064324,-0.6318229274466145,-0.6318227213614837,-0.6318224315005299,-0.631822233728005,-0.6318219933910871,-0.6318214651515366,-0.631820940971609,-0.6318210386043202,-0.6318214979068016,-0.6318220274731395,-0.6318227713810519,-0.6318235778903804,-0.6318239658799537,-0.6318237331450296,-0.6318235658939872,-0.6318230686961531,-0.6318221876770851,-0.6318213685029447,-0.6318206698828286,-0.6318197622386925,-0.6318189757495416,-0.6318188768563624,-0.6318186805491401,-0.6318185910080346,-0.6318188710156163,-0.6318192264936096,-0.6318190800826108,-0.6318188682403894,-0.6318181849035757,-0.6318171908041581,-0.6318161348543503,-0.6318152234544807,-0.6318141048956519,-0.6318128700370937,-0.6318115288541342,-0.6318102026811867,-0.6318087734317053,-0.6318074177916333,-0.631806421528072,-0.6318057817091242,-0.6318050301482581,-0.6318042410902891,-0.6318037918205467,-0.631803451885945,-0.6318031734405973,-0.6318030535552789,-0.6318031610109651,-0.6318031485230055,-0.6318030067670387,-0.6318028532040284,-0.6318025311347237,-0.631802251619008,-0.6318017899146573,-0.6318010931166198,-0.6318000587409957,-0.6317990525910625,-0.6317978844263097,-0.6317968128839935,-0.6317957643497359,-0.6317947889040122,-0.6317938473714171,-0.6317931890161647,-0.6317929766042292,-0.6317933868264877,-0.6317945835162366,-0.6317959255865151,-0.6317973800824607,-0.6317989665442078,-0.6317999158058123,-0.6318005783984915,-0.6318015612192577,-0.6318026189265511,-0.6318034185572875,-0.6318039787633835,-0.6318041126189647,-0.6318040964938623,-0.6318040801327641,-0.6318040554128393,-0.6318042588724998,-0.6318041896882168,-0.6318039881000375,-0.6318040811470724,-0.63180430726954,-0.6318042330741734,-0.6318038184665434,-0.6318034244751518,-0.6318031163362132,-0.6318029415653659,-0.6318029433488457,-0.6318030631442184,-0.6318030826490811,-0.6318034899527778,-0.631803709386807,-0.6318039703572548,-0.6318041174894033,-0.6318043797316604,-0.6318043853034142,-0.6318042099128092,-0.6318040832060573,-0.6318037996193633,-0.6318032832114578,-0.6318029117242456,-0.631802290419467,-0.6318012837686818,-0.6318004605860309,-0.6317996755396669,-0.6317991992152787,-0.6317991850569525,-0.6317991824208035,-0.6317992019043223,-0.6317992360886587,-0.6317992520427084,-0.6317992495849462,-0.6317992391218032,-0.6317992282308016,-0.6317992294843524,-0.6317992449712488,-0.6317992626234937,-0.631799290385227,-0.6317993246578845,-0.6317993723222953,-0.6317994374775003,-0.6317994842845481,-0.631799523516556,-0.6317995545705359,-0.631799594624682,-0.6317996318431055,-0.6317996748005189,-0.631799742104478,-0.6317997930010595,-0.6317998360516802,-0.6317998687272448,-0.6317999054587489,-0.6317999518258792,-0.631800023291237,-0.6318001020051758,-0.6318001753772394,-0.6318002330042031,-0.6318002849345808,-0.6318003464639677,-0.6318004262816235,-0.6318004782852089,-0.6318005301191846,-0.63180058200937,-0.6318006372518666,-0.6318006805507815,-0.6318007169721924,-0.6318007222185874,-0.6318007260766952,-0.6318007295207846,-0.6318007323189347,-0.6318007364703918,-0.6318007403367195,-0.6318007445840299,-0.6318007490915245,-0.6318007543263013,-0.6318007578746445,-0.6318007611039986,-0.6318007669002484,-0.6318007705089387,-0.6318007758451,-0.6318007812351689,-0.6318007841360551,-0.6318007885786137,-0.6318007922311821,-0.6318007986055193,-0.6318008030515232]}