{"parameters":[[20000,-0.001,1.0e-8],[2000,-0.0001,1.0e-9],[500,-1.0e-5,1.0e-9]],"runtime":710.614876527,"energies":[-0.6127894609214938,-0.6128263745968511,-0.612858462047531,-0.6128864148934058,-0.6129108144151221,-0.612932151325717,-0.6129508415925777,-0.6129672391722807,-0.6129816463193073,-0.6129943219774343,-0.6130054886464813,-0.6130153380428873,-0.6130240357653808,-0.6130317251934718,-0.6130385306930963,-0.6130445603753186,-0.6130499083757707,-0.6130546567910891,-0.6130546657275896,-0.6130551098577836,-0.613055548749645,-0.6130559824702908,-0.6130564110859177,-0.6130568346618098,-0.613057253262357,-0.6130576669510663,-0.613058075790575,-0.613058479842666,-0.6130584806458663,-0.6130585207817545,-0.6130585608703746,-0.6130586009117874,-0.6130586409060534,-0.6130586808532336,-0.6130587207533872,-0.6130587606065759,-0.61305880041286,-0.6130588401722986]}