{"parameters":[[2000,-0.0002,1.0e-9],[1000,-0.0001,1.0e-9],[200,-1.0e-5,1.0e-9]],"runtime":144186.415967021,"energies":[-3.182428069687364,-3.182428140531636,-3.182428195251158,-3.1824282396271246,-3.182428277203875,-3.1824283085793237,-3.1824283356135847,-3.1824283574802568,-3.18242837475046,-3.1824283883467106,-3.1824284008204047,-3.1824284130341924,-3.1824284247958556,-3.1824284341446267,-3.1824284423516214,-3.1824284485700653,-3.1824284536310006,-3.1824284592555734,-3.182428464598749,-3.182428471063072,-3.1824284738509485,-3.182428476246411,-3.182428478064215,-3.1824284813539436,-3.1824284830137897,-3.1824284855212484,-3.1824284875893247,-3.1824284873741395,-3.182428484361947,-3.1824284803296297,-3.182428476653725,-3.1824284743822697,-3.182428472641969,-3.1824284715111393,-3.1824284717320204,-3.182428474214861,-3.1824284765651853,-3.182428476159484,-3.182428473964588,-3.182428473255169,-3.182428475079399,-3.182428478756483,-3.1824284821420226,-3.1824284853993734,-3.1824284875423894,-3.182428489323677,-3.182428491035131,-3.182428491644838,-3.182428492197862,-3.1824284920280363,-3.1824284913191345,-3.1824284896896997,-3.1824284888668535,-3.182428489132013,-3.1824284882725205,-3.182428487884555,-3.182428488152798]}