{"parameters":[[500,-0.01],[500,-0.002],[200,-0.001],[200,-0.0001]],"energies":[-0.6130941132919567,-0.6157107035640439,-0.617263283778051,-0.6182680118928054,-0.6189459788766548,-0.6194087116723181,-0.6197240378718027,-0.6199353988463479,-0.6200715967708575,-0.6201537773874208,-0.6201969544944024,-0.6202115775095787,-0.6202049071838728,-0.6201845154556022,-0.6201557911128939,-0.6201210224402719,-0.6200813266414579,-0.6200392289239595,-0.6199975416122119,-0.6199566111354909,-0.619917055038981,-0.6198788150521647,-0.619841295854754,-0.6198057529584726,-0.6197727491562872,-0.6197429034370433,-0.6197146513132565,-0.6196883669416099,-0.6196631322880235,-0.6196392351820006,-0.6196178164766334,-0.619599732919427,-0.6195807051535134,-0.6195613643786703,-0.6195441291285836,-0.6195284827441145,-0.619514154776126,-0.6195005254462355,-0.6194865689083296,-0.6194745399015712,-0.6194618394615745,-0.6194503222342691,-0.6194401536468758,-0.6194311980574646,-0.6194256866852834,-0.6194258693798106,-0.6194257400973316,-0.6194266745732578,-0.6194276746423519,-0.6194278936224629,-0.6194300793107261,-0.6194309384101656,-0.6194315851451507,-0.619432341150295,-0.6194329314572603,-0.6194334919333417,-0.6194338130442261,-0.6194341258311634,-0.6194344361481187,-0.6194346817271223,-0.6194347632108635,-0.6194348129473355,-0.6194349102398017,-0.6194350295461868,-0.6194350892273592,-0.6194351255129321,-0.6194351898733125,-0.6194352697125002,-0.6194353646815551,-0.6194354344526194,-0.6194354762824555,-0.61943549457547,-0.6194355201576094,-0.6194355566133943,-0.6194355526854338,-0.619435549879396,-0.6194355469474097,-0.619435536498936,-0.6194355306299186,-0.6194355228663353,-0.6194355129786266,-0.6194355090944381,-0.6194355038486463,-0.6194354905371854,-0.6194354866975987]}