{"parameters":[[5000,-0.001,1.0e-8],[1000,-0.0001,1.0e-9],[200,-1.0e-5,1.0e-9]],"runtime":24382.494544307,"energies":[-0.6263097966709138,-0.6263098429116754,-0.6263098862759469,-0.6263099270572653,-0.6263099655139461,-0.6263100018791509,-0.6263100363408506,-0.6263100690803654,-0.6263101002486995,-0.626310129987991,-0.6263101584268131,-0.6263101856865039,-0.6263102118614736,-0.6263102370449924,-0.6263102613270887,-0.6263102847723686,-0.6263103074589558,-0.626310329444134,-0.6263103507874812,-0.6263103715339592,-0.6263103917307903,-0.6263104114193995,-0.6263104306374786,-0.626310449414957,-0.6263104677884367,-0.626310485777549,-0.6263105034119169,-0.6263105207102555,-0.6263105376955791,-0.6263105543862784,-0.6263105707965304,-0.6263105869422879,-0.6263106028356479,-0.6263106184941587,-0.6263106339213749,-0.6263106491271392,-0.6263106641254605,-0.626310678921388,-0.6263106935229515,-0.6263107079418131,-0.6263107221783756,-0.6263107362409245,-0.6263107501376071,-0.626310763865757,-0.6263107774360808,-0.6263107908477665,-0.6263108041052503,-0.6263108172123105,-0.6263108301778835,-0.6263108429965176,-0.6263108556790967,-0.6263108682208474,-0.6263108806309983,-0.626310892908303,-0.626310905053282,-0.6263109170679799,-0.6263109289577307,-0.6263109407237293,-0.6263109523649858,-0.6263109638840934,-0.6263109752851916,-0.6263109865686123,-0.6263109977354101,-0.6263110087855738,-0.6263110197234923,-0.626311030549447,-0.6263110412607569,-0.6263110518690952,-0.6263110623681561,-0.6263110727613751,-0.6263110830466041,-0.626311093225238,-0.6263111033011279,-0.6263111132756789,-0.6263111231490912,-0.6263111329237502,-0.6263111425972397,-0.6263111521728837,-0.6263111616523561,-0.6263111710362244,-0.6263111803260407,-0.6263111895235689,-0.6263111986260108,-0.6263112076376257,-0.6263112165577013,-0.6263112253886918,-0.6263112341326549,-0.6263112427866805,-0.6263112513510621,-0.6263112598281061,-0.6263112682217398,-0.6263112765296949,-0.6263112847533978,-0.6263112928955582,-0.6263113009552783,-0.6263113089332925,-0.6263113168299705,-0.6263113246482143,-0.6263113323889667,-0.6263113400511837,-0.6263113476358784,-0.6263113355083068,-0.6263113234708478,-0.6263113115242931,-0.6263112996690181,-0.6263112879055267,-0.6263112762342038,-0.6263112646553759,-0.626311253169417,-0.6263112417768175,-0.6263112304774386,-0.6263112192716942,-0.6263112081595323,-0.6263111971413575,-0.6263111862170753,-0.626311175386668,-0.6263111646502881,-0.6263111540079042,-0.62631114345948,-0.6263111330049549,-0.6263111226441739,-0.6263111214768028,-0.6263111203104424,-0.6263111191451126,-0.6263111179807549]}