{"parameters":[[1000,-0.01,1.0e-6],[1000,-0.001,1.0e-8],[200,-0.0001,1.0e-8],[200,-1.0e-5,1.0e-8]],"runtime":3828.379696949,"energies":[-3.3574331891273097,-3.3576313786025898,-3.357674378358564,-3.3576972933968414,-3.3577099314023093,-3.357716684087778,-3.3577203502714896,-3.357722340829194,-3.357723527316585,-3.3577242575001853,-3.3577245756499097,-3.3577275081892477,-3.3577530557185473,-3.357772939079026,-3.3577884028167393,-3.3578004416660687,-3.3578098251596824,-3.3578171717163805,-3.357822950782469,-3.357827517101277,-3.3578311468418365,-3.357831189568182,-3.357831611586154,-3.357832022400199,-3.3578324232024417,-3.3578328140928746,-3.3578331950196265,-3.3578335664386114,-3.357833928577084,-3.3578342818926523,-3.3578346263209538,-3.357834629816042,-3.3578346647269663,-3.357834699525548,-3.3578347342378896,-3.357834768859283,-3.3578348033854764,-3.357834837823889,-3.357834872171788,-3.3578349064303508,-3.3578349405991594]}