{"parameters":[[2000,-0.05,1.0e-6],[2000,-0.005,1.0e-8],[500,-0.0005,1.0e-8],[500,-5.0e-5,1.0e-8]],"runtime":1177.071008031,"energies":[0.020275579664774727,-0.27779655247875296,-0.47302181861893955,-0.5464683747303751,-0.5810922393962246,-0.5989311421001172,-0.6065053727138072,-0.609435762800899,-0.610651105018779,-0.6112710619705229,-0.611652579287041,-0.6119158225558521,-0.6121089483441378,-0.6122554368966271,-0.6123687041517519,-0.6124574104280548,-0.6125275214230603,-0.6125833092499717,-0.6126279379552905,-0.6126637868222438,-0.612692683504803,-0.6127160456674001,-0.6127349825216364,-0.6127503667674671,-0.6127628832135826,-0.6127730850714359,-0.6127814133641162,-0.612788216205602,-0.6127937805717828,-0.6127983339973361,-0.6128020650416195,-0.6128051230150211,-0.6128076298559276,-0.6128096871983346,-0.61281137522337,-0.6128127607675876,-0.6128138991545513,-0.6128148341120486,-0.612815602354889,-0.6128162338845397,-0.6128167524217912,-0.6128171787248291,-0.6128175291333366,-0.6128178172801121,-0.6128180543448432,-0.6128182492360855,-0.6128184093702483,-0.6128185411075425,-0.6128186495173612,-0.6128187386130568,-0.612818811930699,-0.6128260971492664,-0.6128890076159327,-0.6129369892970569,-0.6129736660421021,-0.6130017686628261,-0.6130233570953644,-0.6130399871267709,-0.6130528352937685,-0.6130627926537092,-0.6130705351051253,-0.6130765762380951,-0.6130813070237157,-0.6130850256972399,-0.6130879602467006,-0.6130902853563045,-0.613092135212241,-0.6130936131527436,-0.6130947989865624,-0.6130957545271789,-0.613096527809393,-0.6130971562774025,-0.6130976692144219,-0.6130980896173375,-0.613098435593163,-0.6130987214658863,-0.6130989586070952,-0.6130991560767517,-0.6130993211236014,-0.6130994595724557,-0.6130995761199148,-0.6130996745681724,-0.6130997580080093,-0.6130998289599019,-0.6130998894803975,-0.613099941275351,-0.6130999857561463,-0.6131000240722175,-0.6131000571816035,-0.6131000858840561,-0.613100110848034,-0.6131001326338316,-0.6131001517105021,-0.6131001684758202,-0.6131001832612456,-0.6131001963505976,-0.6131002079834199,-0.6131002183581606,-0.6131002276469885,-0.6131002359989531,-0.6131002435383317,-0.6131002503745594,-0.6131002565986567,-0.6131002622889224,-0.6131002675104059,-0.613100272323915,-0.6131002767758835,-0.6131002809164035,-0.6131002847803471,-0.6131002883970028,-0.6131002917932854,-0.613100294993273,-0.6131002980179938,-0.6131003008865139,-0.6131003036130714,-0.6131003062143384,-0.6131003087001201,-0.6131003110821646,-0.6131003133682822,-0.6131003155647035,-0.6131003176823495,-0.6131003197257261,-0.613100321700272,-0.6131003236152915,-0.6131003254657912,-0.6131003272600762,-0.613100329003211,-0.6131003348845968,-0.6131003927018601,-0.6131004487443481,-0.6131005030644977,-0.6131005557131494,-0.6131006067391709,-0.6131006561900945,-0.6131007041120189,-0.6131007505498062,-0.6131007955469117,-0.6131008391455696,-0.6131008813869832,-0.6131009223111933,-0.613100961956943,-0.613101000361783,-0.6131010375621383,-0.6131010735934287,-0.6131011084907066,-0.6131011422873888,-0.6131011750156594,-0.6131012067070697,-0.6131012373922425,-0.6131012671009652,-0.6131012958620924,-0.6131013237037031,-0.613101350653049,-0.6131013767366361,-0.613101401980117,-0.6131014264084578,-0.6131014500457194,-0.6131014729157147,-0.6131014950412421,-0.6131015164444427,-0.613101537146768,-0.6131015571691736,-0.6131015765319937,-0.613101595254949,-0.6131016133571696,-0.6131016308572513,-0.6131016477733128,-0.613101664122794,-0.6131016799226484,-0.6131016951893835,-0.6131017099392266,-0.6131017241876898,-0.6131017379499539,-0.6131017512405463,-0.61310176407379,-0.6131017764635763,-0.6131017884233677,-0.6131017989688545,-0.6131018003512918,-0.6131018017282662,-0.6131018030997955,-0.6131018044658968,-0.6131018058265876,-0.613101807181885,-0.6131018085318067,-0.6131018098763696,-0.6131018112155913]}