{"parameters":[[2000,-0.05,1.0e-6],[2000,-0.005,1.0e-8],[500,-0.0005,1.0e-8],[500,-5.0e-5,1.0e-8]],"runtime":228.979732956,"energies":[-2.223539214618357,-3.3490817810459803,-3.3541453324799897,-3.35442528080501,-3.3544615458730354,-3.3544670164376638,-3.3544679220023683,-3.354468092373587,-3.3544681300732533,-3.3544681398028446,-3.354468142600597,-3.3544681434549286,-3.3547916900136334,-3.3565419117593156,-3.3570872513507193,-3.3572753384595364,-3.3573482374477517,-3.3573800377782494,-3.3573955144614733,-3.3574034923446257,-3.357407723929584,-3.3574100601917065,-3.3574114040781624,-3.357412205471473,-3.3574126982043397,-3.357413044935325,-3.357416289005754,-3.357419161902698,-3.357421707867021,-3.3574239654116385,-3.357425968378276,-3.3574277467021383,-3.3574293270005025,-3.357430732999736,-3.357431985809153,-3.357431999775916,-3.3574321385016876,-3.357432275531298,-3.357432410887604,-3.357432544593158,-3.357432676670197,-3.3574328071406594,-3.357432936026174,-3.357433063348072,-3.3574331891273763]}