{"parameters":[[5000,-0.001,1.0e-8],[500,-0.0001,1.0e-9],[200,-1.0e-5,1.0e-9]],"runtime":66562.766951943,"energies":[-3.1812091333833785,-3.181209106262582,-3.181208567105586,-3.1812087173892927,-3.1812093200646525,-3.181209373921871,-3.1812093518314133,-3.1812099560779012,-3.1812100438884605,-3.181210327729272,-3.1812106957600257,-3.1812111336387265,-3.181211476051942,-3.181211735897839,-3.1812119211466356,-3.181212067779201,-3.1812122126005566,-3.181212365403928,-3.181212504840092,-3.1812125697711084,-3.1812124481423587,-3.181212792005978,-3.181213484863594,-3.1812137074016062,-3.1812136796832586,-3.1812139584188155,-3.1812143500198418,-3.181214299811757,-3.1812146062510096,-3.1812147621142515,-3.181214832617301,-3.1812151922070515,-3.1812152808361875,-3.1812154071489815,-3.1812155324897406,-3.1812156767629403,-3.1812158216738116,-3.181215973691717,-3.181216082413718,-3.181216231261092,-3.181216312147753,-3.181216667122018,-3.181216675991738,-3.181216952049033,-3.1812169751129287,-3.181217083026329,-3.1812173640346733,-3.1812175001898293,-3.1812174910830993,-3.181217723599676,-3.1812177698460213,-3.1812177805736077,-3.181217796464629,-3.181217942705157,-3.1812177693140122,-3.1812183093362285,-3.1812185157547352,-3.181218520530562,-3.1812184405924984,-3.1812183835479773,-3.181218672854961,-3.1812186225612535,-3.1812186052026656,-3.1812186785027703,-3.181218691945793,-3.18121876143367,-3.1812187665344402,-3.1812187431523373,-3.181218851963158,-3.1812188028931874,-3.181218913909565,-3.1812189252969687,-3.1812187931152325,-3.181218954792644,-3.181218947634143,-3.181218942537139,-3.181218968580029,-3.181218945530928,-3.18121895615484,-3.181218913231679,-3.1812189584580457,-3.1812188813176294,-3.1812190345175373,-3.1812190596627548,-3.1812185786161944,-3.1812188575236795,-3.1812191618838326,-3.1812188225621876,-3.181219046511294,-3.1812189491224343,-3.1812188650638538,-3.1812191354914554,-3.1812191896550623,-3.181219204802311,-3.1812190418817545,-3.1812188291678787,-3.1812185848288768,-3.1812183127151017,-3.181218007796247,-3.1812176680443636,-3.1812176926610984,-3.1812179085278576,-3.181218118332058,-3.1812183232417017,-3.1812185238265562,-3.18121872025628,-3.181218912363327,-3.181219099839793,-3.181219282281898,-3.1812194591898755,-3.18121963014522,-3.181219647823896,-3.181219665420891,-3.1812196829415997,-3.1812197003839744]}