{"Onsager":[0.0,0.0,0.0,0.0,0.0,0.0,0.0,0.0,0.8412425708832882,0.911319377877496,0.9435736022406157,0.962027582645824,0.9736086674403005,0.9812651931166286,0.9864996026214945,0.9901625386761564,0.9927699495803408,0.9946502443372127,0.9960199928264506,0.9970259020011376,0.9977694539518424,0.9983220232735375,0.9987344866058722,0.9990435086394142,0.9992757519570612,0.9994507520117636,0.9995829128297293,0.9996829115439011,0.9997586984619985,0.999816216241757,0.9998599214705941,0.9998931656981125,0.999918475538032,0.999937759686074,0.9999524626356637,0.9999636792753354,0.9999722406209591,0.9999787781475485,0.9999837721894512,0.9999875884375184],"betas":[0.2,0.23333333333333334,0.26666666666666666,0.30000000000000004,0.33333333333333337,0.3666666666666667,0.4,0.43333333333333335,0.4666666666666667,0.5,0.5333333333333333,0.5666666666666667,0.6000000000000001,0.6333333333333333,0.6666666666666667,0.7,0.7333333333333334,0.7666666666666666,0.8,0.8333333333333333,0.8666666666666667,0.8999999999999999,0.9333333333333333,0.9666666666666666,1.0,1.0333333333333334,1.0666666666666667,1.1,1.1333333333333333,1.1666666666666667,1.2,1.2333333333333332,1.2666666666666666,1.3,1.3333333333333333,1.3666666666666667,1.4,1.4333333333333333,1.4666666666666666,1.5],"bp":[0.11343437771503664,0.16917740802912193,0.2536478615543755,0.378807986877605,0.5412284653182019,0.6998208178770056,0.813008624879681,0.8817006671654206,0.9226685305070771,0.9479311192941726,0.9641162811795385,0.9748254919783412,0.9820941153837929,0.9871265403192414,0.9906655086783369,0.9931852066220415,0.9949970838660473,0.9963104950812424,0.9972688555615845,0.9979719481435034,0.9984900941503069,0.9988733826472576,0.9991578099586275,0.9993694381721634,0.9995272555267413,0.9996451699524873,0.9997334141948439,0.9997995458065041,0.9998491647384782,0.999886431962217,0.9999144465958472,0.9999355215901864,0.9999513861789984,0.9999633351328643,0.999972339167769,0.9999791268573478,0.999984245557153,0.9999881068174221,0.9999910202973592,0.9999932191335664],"boundarymps":[0.11343414113210774,0.16917477025189323,0.253627286390232,0.3787073266036436,0.5409958519930448,0.6996331016103238,0.8129522698915954,0.8816913036056371,0.9226672844772522,0.9479309554533979,0.9641162580023412,0.9748254883803867,0.9820941147729528,0.9871265402072528,0.9906655086561614,0.9931852066174236,0.9949970838653819,0.9963104950821252,0.9972688555617586,0.9979719481436206,0.9984900941503362,0.9988733826472648,0.9991578099586295,0.9993694381721622,0.9995272555267553,0.9996451699524923,0.9997334141948453,0.9997995458065052,0.9998491647384787,0.9998864319622175,0.9999144465958467,0.9999355215901865,0.9999513861789987,0.9999633351328642,0.9999723391677693,0.9999791268573477,0.9999842455571533,0.9999881068174219,0.9999910202973586,0.9999932191335668]}