{"Onsager":[0.0,0.0,0.0,0.0,0.0,0.0,0.0,0.0,0.8412425708832882,0.911319377877496,0.9435736022406157,0.962027582645824,0.9736086674403005,0.9812651931166286,0.9864996026214945,0.9901625386761564,0.9927699495803408,0.9946502443372127,0.9960199928264506,0.9970259020011376,0.9977694539518424,0.9983220232735375,0.9987344866058722,0.9990435086394142,0.9992757519570612,0.9994507520117636,0.9995829128297293,0.9996829115439011,0.9997586984619985,0.999816216241757,0.9998599214705941,0.9998931656981125,0.999918475538032,0.999937759686074,0.9999524626356637,0.9999636792753354,0.9999722406209591,0.9999787781475485,0.9999837721894512,0.9999875884375184],"betas":[0.2,0.23333333333333334,0.26666666666666666,0.30000000000000004,0.33333333333333337,0.3666666666666667,0.4,0.43333333333333335,0.4666666666666667,0.5,0.5333333333333333,0.5666666666666667,0.6000000000000001,0.6333333333333333,0.6666666666666667,0.7,0.7333333333333334,0.7666666666666666,0.8,0.8333333333333333,0.8666666666666667,0.8999999999999999,0.9333333333333333,0.9666666666666666,1.0,1.0333333333333334,1.0666666666666667,1.1,1.1333333333333333,1.1666666666666667,1.2,1.2333333333333332,1.2666666666666666,1.3,1.3333333333333333,1.3666666666666667,1.4,1.4333333333333333,1.4666666666666666,1.5],"bp":[0.21411462153111752,0.2562875861766724,0.30198120169905085,0.3522502947156885,0.4086471939027069,0.4736939947016293,0.5517967027228526,0.6492043785505682,0.7736134747614715,0.8680479304051875,0.9113787079283424,0.937148915317082,0.9544544529289559,0.9668631944884676,0.975601593859986,0.9819199766347297,0.9864847128698289,0.9898904256246109,0.9924116369732047,0.9942875744827179,0.9957058715678292,0.99675316995153,0.9975407545417453,0.9981267774617267,0.9985831113841522,0.9989179524212154,0.9991763810917391,0.9993754372197453,0.9995140919758705,0.9996351474723304,0.999722909564563,0.9997884499451378,0.9998384231618368,0.9998765483797785,0.9999056489772825,0.9999274701970521,0.9999448460140494,0.9999575728011614,0.9999675414615941,0.9999753137493218],"boundarymps":[0.21411462205036172,0.25628759467708356,0.30198131096134184,0.35225149829479063,0.4086588694491265,0.47379433469591525,0.5525455448389157,0.6531550319793474,0.7713204246207856,0.8618643512684347,0.9097885299728248,0.9368560707071448,0.9545307869389126,0.9668143916067479,0.9755686800476773,0.9818962880786758,0.9865156903671034,0.9899141619748221,0.9924299437351742,0.994301765963559,0.9957003253225614,0.9967489573974596,0.9975375466741182,0.9981320687223559,0.9985812407514496,0.9989212185288486,0.9991789507236692,0.999374597198428,0.9995232865872133,0.9996364025452457,0.9997225306855319,0.999788159303174,0.9998382002133404,0.9998763773753967,0.9999055178357845,0.9999277701751905,0.9999447689388538,0.9999577586795471,0.9999676877126041,0.9999752790969476]}