{"betas":[0.2,0.23333333333333334,0.26666666666666666,0.30000000000000004,0.33333333333333337,0.3666666666666667,0.4,0.43333333333333335,0.4666666666666667,0.5,0.5333333333333333,0.5666666666666667,0.6000000000000001,0.6333333333333333,0.6666666666666667,0.7,0.7333333333333334,0.7666666666666666,0.8,0.8333333333333333,0.8666666666666667,0.8999999999999999,0.9333333333333333,0.9666666666666666,1.0,1.0333333333333334,1.0666666666666667,1.1,1.1333333333333333,1.1666666666666667,1.2,1.2333333333333332,1.2666666666666666,1.3,1.3333333333333333,1.3666666666666667,1.4,1.4333333333333333,1.4666666666666666,1.5],"bp":[0.0005718758588488627,0.0008634208741050108,0.0013365075384777294,0.002174539461076292,0.0038754355732663905,0.00828647054406826,0.029593150248560313,0.6220730968784693,0.8456006744143023,-0.9110896877637602,0.9437551597558465,-0.9619337866108425,0.9736677430039545,-0.9812260657070085,0.9865266550744092,-0.9901432047646509,0.9927839945237027,0.9946606339504557,0.9960277699554027,-0.9970200132147142,0.9977739234920376,0.99832544279809,0.9987371144830817,0.999045535348015,-0.9992741807239022,-0.999449533943272,-0.9995819668052403,-0.9996821757230853,-0.9997581254685878,-0.9998157696328839,0.9998602689261838,0.9998934368454944,0.999918687221701,-0.9999375939273438,0.9999525917530224,0.999963780136217,0.9999723194125114,0.9999788396979744,-0.9999837239657516,0.9999876259901569],"boundarympo":[0.0005716310501215265,0.0008636947529355625,0.0013367486686491992,0.0021781621249675016,0.0038702413743895133,0.008144541654891391,0.026266345236800135,0.20714943429336102,0.47284854542274835,0.5684633178331289,0.629755946867822,0.6760669877734138,0.713529492741228,0.7450495975089437,0.772160098564685,0.7958215069109852,0.8166826282082977,0.8352046009929632,0.8517271104658777,0.8665162627369393,0.8797871033171801,0.8917150310472753,0.902449227461145,0.9121167217109594,0.9208281675715921,0.9286805526585955,0.9357598370532086,0.9421425491828733,0.9478970870808487,0.953084912239908,0.9577613092849109,0.9619761234613584,0.9657743409457403,0.9691965909547007,0.9722795895135147,0.9750565194028037,0.9775573728834205,0.9798092562482362,0.98183666312661,0.9836617216833767],"Onsager":[0.0,0.0,0.0,0.0,0.0,0.0,0.0,0.0,0.8412425708832882,0.911319377877496,0.9435736022406157,0.962027582645824,0.9736086674403005,0.9812651931166286,0.9864996026214945,0.9901625386761564,0.9927699495803408,0.9946502443372127,0.9960199928264506,0.9970259020011376,0.9977694539518424,0.9983220232735375,0.9987344866058722,0.9990435086394142,0.9992757519570612,0.9994507520117636,0.9995829128297293,0.9996829115439011,0.9997586984619985,0.999816216241757,0.9998599214705941,0.9998931656981125,0.999918475538032,0.999937759686074,0.9999524626356637,0.9999636792753354,0.9999722406209591,0.9999787781475485,0.9999837721894512,0.9999875884375184]}