{"betas":[0.2,0.25,0.3,0.35,0.4,0.405,0.41,0.415,0.42,0.425,0.43,0.435,0.44,0.445,0.45,0.455,0.46,0.465,0.47,0.475,0.48,0.485,0.49,0.495,0.5,0.55,0.6,0.65,0.7,0.75,0.8,0.85,0.9,0.95,1.0,1.05,1.1,1.15,1.2,1.25,1.3,1.35,1.4,1.45,1.5],"bp":[-1.1574845898129725e-8,4.251033466935169e-8,5.787996733043809e-7,8.301988794933565e-6,-0.03231145284194324,0.045686536610616266,0.29151621410051437,-0.4534010539965936,-0.554600803614135,0.6229965953641444,-0.6752211656420943,0.7158612950643334,0.7487215104186542,-0.7757787120237736,0.7984637722014842,-0.81777099335427,-0.8343734050139014,-0.8487969933270123,-0.8614318174753669,-0.8725833844241372,0.8824849940165544,-0.8913283334541331,-0.8992654477363463,0.90642145270939,0.9128995056327364,-0.9540831038161914,0.9736249360801367,0.9841238839278215,0.9901628758684206,-0.9937854877028971,-0.9960200020966237,-0.997425440556131,-0.9983220235690887,-0.9989000658908691,0.9992757519709994,-0.9995214459985443,0.9996829115444851,0.999789432667561,-0.9998599214706202,-0.9999066806626472,-0.9999377596860755,-0.9999584494644389,0.9999722406209491,-0.9999814429220679,-0.9999875884375199],"boundarympo":[2.1782848562384443e-10,-6.640439549430032e-9,-4.752408691323903e-8,-9.60387204759157e-10,-6.595309954797129e-8,-7.501154493111505e-11,-7.737091047733635e-10,-1.556612529928652e-11,3.672670641057043e-11,4.398074268840321e-8,7.161916585558179e-7,-3.133984382802547e-9,-2.5254919879156324e-10,7.66177693178337e-9,6.142190741310798e-11,-3.0155168162829733e-10,1.4275398985309943e-10,-1.0555543514298005e-10,2.3410345455339677e-7,5.5456323621426315e-8,-1.2922668715305215e-10,-9.027199605000925e-11,2.62130828673156e-6,-3.989288342724542e-8,1.1304887971831318e-10,-1.3610261993509513e-9,2.3529129613198378e-8,1.077623871990991e-11,-6.923007341476471e-8,-1.0582073337066878e-9,-7.044497828183361e-8,5.715462037910046e-7,-3.670411666397913e-12,4.005457059777713e-10,2.1920544585154582e-9,1.629280406491484e-11,-2.19091437356526e-9,-1.935203980045127e-9,4.333607105111728e-10,-3.0532424099852604e-11,-5.033642509669338e-12,-4.736680961452492e-12,2.2609679437640618e-10,1.8761991104258626e-10,-4.948076572900666e-11],"Onsager":[0.0,0.0,0.0,0.0,0.0,0.0,0.0,0.0,0.0,0.0,0.0,0.0,0.0,0.6832363749366663,0.7493226125323768,0.7876551021902242,0.8146381332315973,0.8353202281964812,0.8519628209185037,0.8657849926713775,0.8775229090307951,0.8876568891362632,0.896518491573338,0.9043466289538622,0.911319377877496,0.953944637662459,0.9736086674403005,0.9841216533060452,0.9901625386761564,0.993785433177707,0.9960199928264506,0.9974254389238487,0.9983220232735375,0.9989000658204624,0.9992757519570612,0.9995214459957255,0.9996829115439011,0.9997894326674381,0.9998599214705941,0.9999066806626417,0.999937759686074,0.999958449464474,0.9999722406209591,0.9999814429220627,0.9999875884375184]}