{"Onsager":[0.0,0.0,0.0,0.0,0.0,0.0,0.0,0.0,0.8412425708832882,0.911319377877496,0.9435736022406157,0.962027582645824,0.9736086674403005,0.9812651931166286,0.9864996026214945,0.9901625386761564,0.9927699495803408,0.9946502443372127,0.9960199928264506,0.9970259020011376,0.9977694539518424,0.9983220232735375,0.9987344866058722,0.9990435086394142,0.9992757519570612,0.9994507520117636,0.9995829128297293,0.9996829115439011,0.9997586984619985,0.999816216241757,0.9998599214705941,0.9998931656981125,0.999918475538032,0.999937759686074,0.9999524626356637,0.9999636792753354,0.9999722406209591,0.9999787781475485,0.9999837721894512,0.9999875884375184],"betas":[0.2,0.23333333333333334,0.26666666666666666,0.30000000000000004,0.33333333333333337,0.3666666666666667,0.4,0.43333333333333335,0.4666666666666667,0.5,0.5333333333333333,0.5666666666666667,0.6000000000000001,0.6333333333333333,0.6666666666666667,0.7,0.7333333333333334,0.7666666666666666,0.8,0.8333333333333333,0.8666666666666667,0.8999999999999999,0.9333333333333333,0.9666666666666666,1.0,1.0333333333333334,1.0666666666666667,1.1,1.1333333333333333,1.1666666666666667,1.2,1.2333333333333332,1.2666666666666666,1.3,1.3333333333333333,1.3666666666666667,1.4,1.4333333333333333,1.4666666666666666,1.5],"bp":[0.0005692166755909145,0.0008515257045813187,0.0012878199652067177,0.001983803715250088,0.003122741441863181,0.0050117559417721105,0.008119473089342055,0.013006691112868396,0.019960542821124142,0.028418785256353486,0.03704408919566915,0.04474028348188545,0.05123687727427772,0.05676115440401428,0.06161826742347344,0.0660371890262974,0.07016469008531244,0.07409186074774265,0.07787631117122358,0.0815558558805347,0.08515630850580486,0.08869590723453405,0.09218790162931449,0.09564212905426472,0.0990660180168298,0.10246525263852892,0.10584422789648032,0.10920637038627885,0.11255436956407124,0.11589034759762892,0.11921598606295421,0.12253262167053883,0.1258413193793289,0.1291429287567264,0.13243812777011654,0.13572745704945863,0.13901134685603292,0.1422901384257234,0.14556410094042152,0.1488334450820809],"boundarymps":[0.0005692166755987157,0.0008515257046080851,0.0012878199648678709,0.0019838037098129334,0.0031227414016007375,0.005011755739176874,0.008119472297469479,0.013006688561879507,0.019960536239778347,0.02841877268343598,0.03704407212042957,0.044740266502286685,0.05123686407279815,0.05676114584416221,0.06161826255683368,0.0660371865110244,0.07016468887267903,0.07409186019232114,0.07787631092633594,0.08155585577562315,0.08515630846181803,0.08869590721640115,0.09218790162193768,0.09564212905128648,0.09906601801564477,0.10246525263805464,0.10584422789628499,0.10920637038620613,0.11255436956404292,0.11589034759761774,0.11921598606294742,0.12253262167053248,0.1258413193793261,0.1291429287567216,0.1324381277701196,0.1357274570494603,0.1390113468560323,0.14229013842572874,0.1455641009404241,0.14883344508208124]}