{"Onsager":[0.0,0.0,0.0,0.0,0.0,0.0,0.0,0.0,0.8412425708832882,0.911319377877496,0.9435736022406157,0.962027582645824,0.9736086674403005,0.9812651931166286,0.9864996026214945,0.9901625386761564,0.9927699495803408,0.9946502443372127,0.9960199928264506,0.9970259020011376,0.9977694539518424,0.9983220232735375,0.9987344866058722,0.9990435086394142,0.9992757519570612,0.9994507520117636,0.9995829128297293,0.9996829115439011,0.9997586984619985,0.999816216241757,0.9998599214705941,0.9998931656981125,0.999918475538032,0.999937759686074,0.9999524626356637,0.9999636792753354,0.9999722406209591,0.9999787781475485,0.9999837721894512,0.9999875884375184],"betas":[0.2,0.23333333333333334,0.26666666666666666,0.30000000000000004,0.33333333333333337,0.3666666666666667,0.4,0.43333333333333335,0.4666666666666667,0.5,0.5333333333333333,0.5666666666666667,0.6000000000000001,0.6333333333333333,0.6666666666666667,0.7,0.7333333333333334,0.7666666666666666,0.8,0.8333333333333333,0.8666666666666667,0.8999999999999999,0.9333333333333333,0.9666666666666666,1.0,1.0333333333333334,1.0666666666666667,1.1,1.1333333333333333,1.1666666666666667,1.2,1.2333333333333332,1.2666666666666666,1.3,1.3333333333333333,1.3666666666666667,1.4,1.4333333333333333,1.4666666666666666,1.5],"bp":[0.48372168123785786,0.6187737511896819,0.7363494028891945,0.8242851278659381,0.8841454860964646,0.9233101899884562,0.9487452440936612,0.965377682144862,0.976380847039711,0.9837489431795243,0.9887380320886462,0.9921489352132747,0.9944999160058519,0.9961313676761767,0.997269888395846,0.9980681137816518,0.9986299056208838,0.9990265476461407,0.999307320011791,0.9995064989464942,0.9996480463045259,0.9997487844834452,0.9998205653569991,0.999871763428387,0.9999083105114861,0.9999344166990048,0.999953075088343,0.9999664165141363,0.9999759596841249,0.9999827880456572,0.999987675131895,0.9999911735649897,0.999993678353808,0.9999954719694794,0.9999967564795457,0.9999976764768127,0.9999983354520864,0.9999988074925472,0.9999991456445041,0.9999993878941152],"boundarymps":[0.4837215765197526,0.6187735662194838,0.7363492834185443,0.8242850928997683,0.8841454800015545,0.9233101892010507,0.9487452440071475,0.9653776821365463,0.9763808470389095,0.9837489431827561,0.9887380320892931,0.9921489352139158,0.9944999160059541,0.9961313676762096,0.9972698883958517,0.9980681137816519,0.9986299056208837,0.9990265476461411,0.9993073200117912,0.9995064989464949,0.9996480463045259,0.9997487844834454,0.9998205653569989,0.999871763428387,0.9999083105114858,0.9999344166990051,0.9999530750883434,0.9999664165141356,0.9999759596841242,0.9999827880456575,0.9999876751318943,0.9999911735649909,0.9999936783538077,0.9999954719694795,0.9999967564795451,0.9999976764768121,0.9999983354520864,0.9999988074925479,0.999999145644503,0.9999993878941155]}