{"Onsager":[0.0,0.0,0.0,0.0,0.0,0.0,0.0,0.0,0.8412425708832882,0.911319377877496,0.9435736022406157,0.962027582645824,0.9736086674403005,0.9812651931166286,0.9864996026214945,0.9901625386761564,0.9927699495803408,0.9946502443372127,0.9960199928264506,0.9970259020011376,0.9977694539518424,0.9983220232735375,0.9987344866058722,0.9990435086394142,0.9992757519570612,0.9994507520117636,0.9995829128297293,0.9996829115439011,0.9997586984619985,0.999816216241757,0.9998599214705941,0.9998931656981125,0.999918475538032,0.999937759686074,0.9999524626356637,0.9999636792753354,0.9999722406209591,0.9999787781475485,0.9999837721894512,0.9999875884375184],"betas":[0.2,0.23333333333333334,0.26666666666666666,0.30000000000000004,0.33333333333333337,0.3666666666666667,0.4,0.43333333333333335,0.4666666666666667,0.5,0.5333333333333333,0.5666666666666667,0.6000000000000001,0.6333333333333333,0.6666666666666667,0.7,0.7333333333333334,0.7666666666666666,0.8,0.8333333333333333,0.8666666666666667,0.8999999999999999,0.9333333333333333,0.9666666666666666,1.0,1.0333333333333334,1.0666666666666667,1.1,1.1333333333333333,1.1666666666666667,1.2,1.2333333333333332,1.2666666666666666,1.3,1.3333333333333333,1.3666666666666667,1.4,1.4333333333333333,1.4666666666666666,1.5],"bp":[0.21413495850735223,0.25632917235567043,0.3020688324895914,0.35244771032900973,0.4091446386896881,0.47516874154423416,0.557141791541957,0.6715060401303313,0.8028966355279311,0.8742946006591673,0.9132107084300953,0.938248660257286,0.9553640362225352,0.9673911181953481,0.9759870480408445,0.9822062123423265,0.986748262929553,0.9900903086288709,0.992564288024214,0.9944047814640975,0.9957796510879381,0.9968102439832154,0.9975850205130102,0.9980915220346377,0.9986098920308508,0.998943523602545,0.9991963327089513,0.999388153174921,0.9995338648840998,0.9996446607688294,0.9997289796170186,0.9997931963169983,0.999842134851382,0.9998794510034803,0.9999079188064407,0.9999296455587595,0.9999462336218127,0.9999589024350372,0.9999685807040056,0.9999759761673561],"boundarymps":[0.21413495893402038,0.25632917926939003,0.30206891935220276,0.3524486273504296,0.4091526899941872,0.47521986123490023,0.5571492852955015,0.6661244137616585,0.7886687903295422,0.8700996494684314,0.9125627152510257,0.938143554376199,0.9553379666977844,0.9673808721991906,0.9759819782617214,0.9822034786867595,0.9867467391373245,0.9900894430595137,0.9925637900944189,0.9944044924307979,0.9957794821253309,0.9968101446710278,0.9975849618907636,0.9981688845191525,0.9986098714130734,0.9989435113334514,0.9991963253959467,0.9993881488103982,0.9995338622766878,0.9996446592099509,0.9997289786844907,0.9997931957589377,0.9998421345173136,0.9998794508034653,0.9999079186866766,0.9999296454870455,0.9999462335788734,0.9999589024093279,0.9999685806886157,0.9999759761581457]}