{"Onsager":[0.0,0.0,0.0,0.0,0.0,0.0,0.0,0.0,0.8412425708832882,0.911319377877496,0.9435736022406157,0.962027582645824,0.9736086674403005,0.9812651931166286,0.9864996026214945,0.9901625386761564,0.9927699495803408,0.9946502443372127,0.9960199928264506,0.9970259020011376,0.9977694539518424,0.9983220232735375,0.9987344866058722,0.9990435086394142,0.9992757519570612,0.9994507520117636,0.9995829128297293,0.9996829115439011,0.9997586984619985,0.999816216241757,0.9998599214705941,0.9998931656981125,0.999918475538032,0.999937759686074,0.9999524626356637,0.9999636792753354,0.9999722406209591,0.9999787781475485,0.9999837721894512,0.9999875884375184],"betas":[0.2,0.23333333333333334,0.26666666666666666,0.30000000000000004,0.33333333333333337,0.3666666666666667,0.4,0.43333333333333335,0.4666666666666667,0.5,0.5333333333333333,0.5666666666666667,0.6000000000000001,0.6333333333333333,0.6666666666666667,0.7,0.7333333333333334,0.7666666666666666,0.8,0.8333333333333333,0.8666666666666667,0.8999999999999999,0.9333333333333333,0.9666666666666666,1.0,1.0333333333333334,1.0666666666666667,1.1,1.1333333333333333,1.1666666666666667,1.2,1.2333333333333332,1.2666666666666666,1.3,1.3333333333333333,1.3666666666666667,1.4,1.4333333333333333,1.4666666666666666,1.5],"bp":[0.005718580797319506,0.00863295385129379,0.013354349948984327,0.02164945386789039,0.03788409938191258,0.0743018759239067,0.1701657168544315,0.4499399821092848,0.8109078434585919,0.9117624020461134,0.9449644089570828,0.9629286876707202,0.9741839293194109,0.9816493047236577,0.9867662398591199,0.9903529446562112,0.9929087426495523,0.9947529765176393,0.9960969223566042,-0.9969663770349281,0.9978136823049509,0.9983558632690736,0.9987604924327426,0.9990635643406763,0.9992912625550932,0.9994627746723286,0.9995922487876185,0.9996901716847761,0.999764350819987,0.9998206208411509,0.9998633561611358,0.9998958454874974,0.9999205671702198,0.9999393927060132,0.9999537378332922,0.9999646751590975,0.9999730183997456,0.9999793855770136,0.9999842465494623,0.9999879588420908],"boundarymps":[0.005718567477974236,0.008632784283270103,0.013352588547392755,0.02163319956397843,0.03774152483906364,0.07303006006360374,0.15810582179047428,0.3531375839557508,0.6369773680691619,0.8204910742587845,0.8959794186045761,0.9317532594057678,0.9526582967118533,0.9662218696693846,0.9754828630781022,0.981996232778206,0.9866674089808292,0.9900639633042533,0.9925589988797671,0.9944060666941181,0.9957817187741523,0.9968111721850645,0.9975845044938734,0.9981672406912425,0.9986074697497943,0.9989407367152675,0.9991934671724706,0.9993854000903063,0.9995313372970835,0.9996424142003413,0.9997270304537176,0.9997915362888896,0.9998407415805775,0.9998782952518691,0.9999069691891427,0.9999288714232997,0.9999456066590737,0.9999583974495571,0.9999681758518613,0.999975652875604]}