{"betas":[0.2,0.23333333333333334,0.26666666666666666,0.30000000000000004,0.33333333333333337,0.3666666666666667,0.4,0.43333333333333335,0.4666666666666667,0.5,0.5333333333333333,0.5666666666666667,0.6000000000000001,0.6333333333333333,0.6666666666666667,0.7,0.7333333333333334,0.7666666666666666,0.8,0.8333333333333333,0.8666666666666667,0.8999999999999999,0.9333333333333333,0.9666666666666666,1.0,1.0333333333333334,1.0666666666666667,1.1,1.1333333333333333,1.1666666666666667,1.2,1.2333333333333332,1.2666666666666666,1.3,1.3333333333333333,1.3666666666666667,1.4,1.4333333333333333,1.4666666666666666,1.5],"bp":[0.0005718849242813508,0.0008634859558041412,0.001337049634938919,0.0021780704222507394,0.0039013349399863017,0.008512682287074644,0.03626049639225224,0.6624138616752019,0.8480077607848556,0.9121001037758251,0.9437914517707702,0.9621298149542019,0.9736690505141095,-0.9812264420997168,-0.9864726127483966,0.990181864420803,-0.9927558721030997,0.9946606383768958,0.9960277714324006,0.9970317774014145,-0.9977649741482705,-0.9983185958569735,-0.9987318526643435,-0.9990414772099678,0.999277319501301,-0.9994495339471431,0.9995838565776892,0.9996836455676015,-0.9997581254687902,0.9998166617234916,0.999860268926195,-0.9998928938394256,0.9999186872217054,0.9999379249943046,-0.9999523331594582,0.9999637801361938,-0.99997216160167,0.9999788396979825,-0.9999837239657552,0.999987625990158],"boundarympo":[0.0005716735586123518,0.000863170526486369,0.0013356083087568,0.002164604288102332,0.003778099234821041,0.0072069977114566225,0.014209004884245,0.024627899703540235,0.034462173289854736,0.04185669780089412,0.047608952885303354,0.052486682841526903,0.05686897539316726,0.06094317068354005,0.06481245749478566,0.06853914576684239,0.07216339147527541,0.07571228412470632,0.07920471158886323,0.08265417451554546,0.08607052731488335,0.08946104450760675,0.09283117648694712,0.09618502858969522,0.09952572545570976,0.10285564586045494,0.10617661071830102,0.10949001503073395,0.11279692726420736,0.11609816461664041,0.1193943497963717,0.12268595441102624,0.12597333278676712,0.12925674751804078,0.1325363899736199,0.13581239515290144,0.1390848546199387,0.14235382561163634,0.14561933854989803,0.14888140288262733],"Onsager":[0.0,0.0,0.0,0.0,0.0,0.0,0.0,0.0,0.8412425708832882,0.911319377877496,0.9435736022406157,0.962027582645824,0.9736086674403005,0.9812651931166286,0.9864996026214945,0.9901625386761564,0.9927699495803408,0.9946502443372127,0.9960199928264506,0.9970259020011376,0.9977694539518424,0.9983220232735375,0.9987344866058722,0.9990435086394142,0.9992757519570612,0.9994507520117636,0.9995829128297293,0.9996829115439011,0.9997586984619985,0.999816216241757,0.9998599214705941,0.9998931656981125,0.999918475538032,0.999937759686074,0.9999524626356637,0.9999636792753354,0.9999722406209591,0.9999787781475485,0.9999837721894512,0.9999875884375184]}