{"betas":[0.2,0.23333333333333334,0.26666666666666666,0.30000000000000004,0.33333333333333337,0.3666666666666667,0.4,0.43333333333333335,0.4666666666666667,0.5,0.5333333333333333,0.5666666666666667,0.6000000000000001,0.6333333333333333,0.6666666666666667,0.7,0.7333333333333334,0.7666666666666666,0.8,0.8333333333333333,0.8666666666666667,0.8999999999999999,0.9333333333333333,0.9666666666666666,1.0,1.0333333333333334,1.0666666666666667,1.1,1.1333333333333333,1.1666666666666667,1.2,1.2333333333333332,1.2666666666666666,1.3,1.3333333333333333,1.3666666666666667,1.4,1.4333333333333333,1.4666666666666666,1.5],"bp":[0.0005731174800200722,0.0008681311253244052,0.001363728633500539,0.0022429208014318937,0.004051814430603759,0.012068804361204602,0.4371020836992638,0.7583749341487398,-0.8637844056566862,-0.9157393842000252,0.9450059608793663,-0.9623450028428289,0.9738047015460141,-0.9812773297634358,-0.9864918762742974,0.9901891740702841,0.9927869286836678,0.9946618274474508,0.996028262818245,0.9970319829246435,0.9977740105471515,-0.9983186339821033,-0.9987318690123117,0.9990455422268381,-0.9992741838058848,-0.9994495352885512,0.9995838571464686,0.999683645817762,0.9997592701438317,0.9998166617722338,0.9998602689477734,-0.9998928938493546,0.9999186872259567,-0.9999375939293114,-0.99995233316039,0.999963780136593,0.999972319412679,0.9999788396980498,0.9999838202686456,0.9999876259901717],"boundarympo":[0.0005294411631010658,0.0007435715761018245,0.0010180270750566464,0.0013556270572012913,0.0017504045464140996,0.0021875206967951247,0.0026470159559098937,0.0031094784829182737,0.003560458666179526,0.0039919274464705196,0.004401303564403153,0.004789519138812033,0.00515923797061699,0.005513648091340746,0.005855804461312103,0.006188348661564628,0.006513440652556465,0.006832790756126771,0.007147728465777764,0.007459276810445146,0.0077682191321189155,0.008075154261914425,0.00838054016158507,0.008684727621451331,0.008987985944394386,0.009290522398286606,0.009592496916828983,0.009894033214236748,0.010195227205673155,0.010496153405220377,0.01079686980380509,0.011097421601329217,0.011397844072202158,0.011698164772712868,0.01199840524657645,0.012298582346409057,0.012598709259960426,0.012898796308869462,0.013198851571369437,0.013498881368528007],"Onsager":[0.0,0.0,0.0,0.0,0.0,0.0,0.0,0.0,0.8412425708832882,0.911319377877496,0.9435736022406157,0.962027582645824,0.9736086674403005,0.9812651931166286,0.9864996026214945,0.9901625386761564,0.9927699495803408,0.9946502443372127,0.9960199928264506,0.9970259020011376,0.9977694539518424,0.9983220232735375,0.9987344866058722,0.9990435086394142,0.9992757519570612,0.9994507520117636,0.9995829128297293,0.9996829115439011,0.9997586984619985,0.999816216241757,0.9998599214705941,0.9998931656981125,0.999918475538032,0.999937759686074,0.9999524626356637,0.9999636792753354,0.9999722406209591,0.9999787781475485,0.9999837721894512,0.9999875884375184]}