{"betas":[0.2,0.23333333333333334,0.26666666666666666,0.30000000000000004,0.33333333333333337,0.3666666666666667,0.4,0.43333333333333335,0.4666666666666667,0.5,0.5333333333333333,0.5666666666666667,0.6000000000000001,0.6333333333333333,0.6666666666666667,0.7,0.7333333333333334,0.7666666666666666,0.8,0.8333333333333333,0.8666666666666667,0.8999999999999999,0.9333333333333333,0.9666666666666666,1.0,1.0333333333333334,1.0666666666666667,1.1,1.1333333333333333,1.1666666666666667,1.2,1.2333333333333332,1.2666666666666666,1.3,1.3333333333333333,1.3666666666666667,1.4,1.4333333333333333,1.4666666666666666,1.5],"bp":[0.0005719954232925199,0.0008642051634886352,0.0013404697171367067,0.0021954050608160424,0.003999001101360475,0.009297503924166093,0.0054703043293855514,0.7073598708386467,0.8540427493819994,-0.912569667898848,-0.9437085325590321,-0.9620003057342009,0.9736834068671348,-0.9812303729166629,-0.9864736816236225,0.9901821515975711,0.9927840910400152,0.9946606631304966,0.9960277789603788,0.9970317796670018,-0.9977649748629838,0.9983254430855258,0.9987371146011454,-0.9990414772269134,-0.999274180738125,0.99945196718817,0.9995838565776277,0.9996836455677026,-0.9997581254687984,0.9998166617235311,0.9998602689262088,-0.9998928938394305,0.9999186872217065,0.9999379249943038,0.9999525917529719,-0.999963578128604,-0.9999721616016706,0.9999788396979818,0.9999838202686149,-0.9999875507697559],"boundarympo":[0.0005689391751400147,0.0008497726938848551,0.0012776396749740399,0.0019327613946643826,0.0029060408253486717,0.004243297340753282,0.005870253712127024,0.007598192167303992,0.00924239670024965,0.010716586399401484,0.01202167174544603,0.013193612936867093,0.014270100706464063,0.015280076785358407,0.016243584776939515,0.01717412619920987,0.01808084410998503,0.01897004640595658,0.019846181778022585,0.02071245349446376,0.021571209455910248,0.022424195824747632,0.023272726440865442,0.024117799008875528,0.024960176695711656,0.025800446619501007,0.0266390624997536,0.027476376203213953,0.028312661351559,0.029148131158921314,0.029982952016797595,0.030817253907070057,0.03165113842645172,0.03248468499696063,0.03331795568948617,0.03415099898116154,0.03498385268856649,0.03581654626221338,0.03664910258366088,0.03748153937485896],"Onsager":[0.0,0.0,0.0,0.0,0.0,0.0,0.0,0.0,0.8412425708832882,0.911319377877496,0.9435736022406157,0.962027582645824,0.9736086674403005,0.9812651931166286,0.9864996026214945,0.9901625386761564,0.9927699495803408,0.9946502443372127,0.9960199928264506,0.9970259020011376,0.9977694539518424,0.9983220232735375,0.9987344866058722,0.9990435086394142,0.9992757519570612,0.9994507520117636,0.9995829128297293,0.9996829115439011,0.9997586984619985,0.999816216241757,0.9998599214705941,0.9998931656981125,0.999918475538032,0.999937759686074,0.9999524626356637,0.9999636792753354,0.9999722406209591,0.9999787781475485,0.9999837721894512,0.9999875884375184]}