{"Onsager":[0.0,0.0,0.0,0.0,0.0,0.0,0.0,0.0,0.8412425708832882,0.911319377877496,0.9435736022406157,0.962027582645824,0.9736086674403005,0.9812651931166286,0.9864996026214945,0.9901625386761564,0.9927699495803408,0.9946502443372127,0.9960199928264506,0.9970259020011376,0.9977694539518424,0.9983220232735375,0.9987344866058722,0.9990435086394142,0.9992757519570612,0.9994507520117636,0.9995829128297293,0.9996829115439011,0.9997586984619985,0.999816216241757,0.9998599214705941,0.9998931656981125,0.999918475538032,0.999937759686074,0.9999524626356637,0.9999636792753354,0.9999722406209591,0.9999787781475485,0.9999837721894512,0.9999875884375184],"betas":[0.2,0.23333333333333334,0.26666666666666666,0.30000000000000004,0.33333333333333337,0.3666666666666667,0.4,0.43333333333333335,0.4666666666666667,0.5,0.5333333333333333,0.5666666666666667,0.6000000000000001,0.6333333333333333,0.6666666666666667,0.7,0.7333333333333334,0.7666666666666666,0.8,0.8333333333333333,0.8666666666666667,0.8999999999999999,0.9333333333333333,0.9666666666666666,1.0,1.0333333333333334,1.0666666666666667,1.1,1.1333333333333333,1.1666666666666667,1.2,1.2333333333333332,1.2666666666666666,1.3,1.3333333333333333,1.3666666666666667,1.4,1.4333333333333333,1.4666666666666666,1.5],"bp":[0.004165311130472485,0.02178569094369076,-0.1551346499914062,0.035941975131951784,-3.5171689267102764,-0.28974646643502955,-0.5633827007148601,0.3971032988531336,0.5510595447369111,-138.93376620868779,0.946387098357801,9.797434529580295,-0.9734891491614585,0.9808046134138921,-0.983932759212749,1.048444765555571,-0.9938832841571158,-1.055689536456994,0.9960285361216806,0.9964287763826913,-0.9649734761902422,0.998438673527331,0.9973278182236793,1.000071997207544,-0.24197298697169456,-1.1586025284788544,-0.9996936176031122,2.5859067692267126,0.9294210824223007,1.9299417851208935,0.5762994530432256,2.105380026756898,-1.0394250703806889,-1.3488509600434746,-0.9699461366859194,-2.445774567883635,1.0000866264958974,-1.0654866085296406,0.970285354326582,-1.0002596837977098],"boundarymps":[0.0005718685475962751,0.0008633232450801038,0.0013354419500471394,0.0021641743198441065,0.00377899804082262,0.0073381455520576495,0.016136463607792882,0.03854483027112335,0.08362383438049655,0.13417778624116258,0.16989229592001254,0.19503585254940903,0.21525381310430017,0.2328959036564809,0.2489688384498141,0.26398745638897114,0.27825086651804665,0.29194704829776674,0.30520037315099113,0.318096143473398,0.3306944107280821,0.34303826283891325,0.3551590436103828,0.3670797717034894,0.3788174534816876,0.3903846897889384,0.4017908171920151,0.41304273367130645,0.4241455052943635,0.4351028177357935,0.445917315945567,0.45659086194542164,0.4671247319173562,0.47751976776340804,0.48777649418985314,0.49789520946834964,0.5078760559462204,0.5177190748877278,0.5274242491176587,0.5369915361293874]}