{"Onsager":[0.0,0.0,0.0,0.0,0.0,0.0,0.0,0.0,0.8412425708832882,0.911319377877496,0.9435736022406157,0.962027582645824,0.9736086674403005,0.9812651931166286,0.9864996026214945,0.9901625386761564,0.9927699495803408,0.9946502443372127,0.9960199928264506,0.9970259020011376,0.9977694539518424,0.9983220232735375,0.9987344866058722,0.9990435086394142,0.9992757519570612,0.9994507520117636,0.9995829128297293,0.9996829115439011,0.9997586984619985,0.999816216241757,0.9998599214705941,0.9998931656981125,0.999918475538032,0.999937759686074,0.9999524626356637,0.9999636792753354,0.9999722406209591,0.9999787781475485,0.9999837721894512,0.9999875884375184],"betas":[0.2,0.23333333333333334,0.26666666666666666,0.30000000000000004,0.33333333333333337,0.3666666666666667,0.4,0.43333333333333335,0.4666666666666667,0.5,0.5333333333333333,0.5666666666666667,0.6000000000000001,0.6333333333333333,0.6666666666666667,0.7,0.7333333333333334,0.7666666666666666,0.8,0.8333333333333333,0.8666666666666667,0.8999999999999999,0.9333333333333333,0.9666666666666666,1.0,1.0333333333333334,1.0666666666666667,1.1,1.1333333333333333,1.1666666666666667,1.2,1.2333333333333332,1.2666666666666666,1.3,1.3333333333333333,1.3666666666666667,1.4,1.4333333333333333,1.4666666666666666,1.5],"bp":[0.0005718698763586856,0.0008633402146538789,0.001335618502409394,0.0021658079133903413,0.0037934180861223772,0.007468930507222916,0.01748070126488171,0.056572321569181745,0.48805433055789543,-0.7742530615808241,0.9431332655093861,-0.9618677137103834,0.9736630986990562,0.9813037578927503,0.9865266005606628,0.9901818165798065,-0.9927558636461081,-0.9946398289031515,-0.9960121968880196,-0.9970200132207291,-0.9977649739282933,0.9983254427990297,0.9987371144830767,0.9990455353480128,0.9992773194919788,0.999451967183515,0.9995838565760077,0.9996836455671377,-0.9997581254685883,0.9998166617234611,0.9998602689261838,-0.999892893839413,-0.9999182632884636,0.9999379249943026,-0.999952333159513,0.9999637801362169,0.9999723194125114,0.9999788396979746,0.9999838202686107,-0.9999875507697544],"boundarymps":[0.0005718685475961336,0.0008633232450801951,0.001335441950047161,0.0021641743198443403,0.0037789980408225224,0.007338145552057447,0.016136463607794506,0.03854483027121353,0.08362383438163858,0.13417778623887985,0.16989229591897462,0.19503585255096123,0.21525381310377642,0.2328959036565562,0.24896883844984993,0.2639874563889678,0.27825086651804815,0.2919470482977714,0.30520037315098725,0.3180961434733982,0.3306944107280839,0.34303826283891514,0.35515904361038086,0.36707977170349376,0.37881745348168006,0.3903846897889353,0.40179081719201887,0.4130427336713061,0.42414550529435885,0.43510281773578996,0.4459173159455606,0.4565908619454218,0.46712473191734843,0.4775197677634042,0.4877764941898444,0.49789520946834803,0.5078760559462137,0.5177190748877322,0.5274242491176673,0.5369915361293899]}