{"betas":[0.2,0.23333333333333334,0.26666666666666666,0.30000000000000004,0.33333333333333337,0.3666666666666667,0.4,0.43333333333333335,0.4666666666666667,0.5,0.5333333333333333,0.5666666666666667,0.6000000000000001,0.6333333333333333,0.6666666666666667,0.7,0.7333333333333334,0.7666666666666666,0.8,0.8333333333333333,0.8666666666666667,0.8999999999999999,0.9333333333333333,0.9666666666666666,1.0,1.0333333333333334,1.0666666666666667,1.1,1.1333333333333333,1.1666666666666667,1.2,1.2333333333333332,1.2666666666666666,1.3,1.3333333333333333,1.3666666666666667,1.4,1.4333333333333333,1.4666666666666666,1.5],"bp":[0.0005720032834876235,0.0008641961186972682,0.0013405667486368032,0.0021957721855267757,0.003996315361678582,0.009230669315959913,0.06495259886324355,-0.6991098675722256,-0.8523229014912638,0.91322578315158,0.9440338223660724,0.9613393439838582,0.016191971517152595,0.9813084165605601,-0.986473681624968,-0.9901435455122367,-0.9927559699009995,0.9946606631304482,-0.9960122063040424,0.9970317796670106,0.9977739243868818,0.9983254430855236,0.9987371146011448,0.9990455353878238,-0.9992741807381248,-0.999449533948165,-0.9995819668069458,-0.9996821757236821,0.9997592700336064,0.9998166617235312,0.999860268926209,0.999893436845511,0.9999186872217065,0.9999379249943041,0.999952591752972,-0.9999635781286043,-0.9999721616016706,-0.9999787164156951,-0.9999837239657553,-0.9999875507697559],"boundarympo":[0.0005700415044622962,0.0008664589658209893,0.001329267930439176,0.002156054769487276,0.0037840054310067897,0.007196701553607891,0.014225954479724174,0.024654148755872927,0.03447438724536619,0.04185461790640956,0.047619581626549105,0.0524910698474068,0.05686710376289596,0.0609444327111429,0.06481399527591371,0.06853999289811787,0.07216336118110668,0.0757128667862525,0.07920507756798524,0.0826542630269518,0.08607051045035291,0.08946127201008894,0.09283132332101181,0.09618510096870815,0.09952573778272938,0.10285564989108122,0.10617666949309652,0.10949003265428556,0.11279692938794209,0.11609816921298402,0.11939435437949296,0.12268595358295153,0.12597333381161774,0.12925674834379464,0.13253639085626157,0.1358123956902061,0.13908485524883074,0.1423538261894564,0.14561933879588257,0.14888140325336663],"bpboundarympo":[0.0005718700547323924,0.000863342486065136,0.001335622555153204,0.002165174251618203,0.0037777815358278387,0.00720686573408503,0.014210278975027203,0.024629086639307518,0.034463436833886925,0.04185747454709299,0.0476093825596763,0.052486700936114766,0.056869517133058135,0.06094042809779037,0.06481047351272569,0.06853737522494878,0.0721626432927587,0.07570461002967765,0.07920500909241264,0.08265388773655398,0.0860690255748234,0.08945509663759524,0.09282993319065318,0.09618497269676837,0.09952553513526731,0.10285535247555544,0.10617654881999668,0.10949001356484565,0.11279702360161396,0.1160989826664457,0.11939456472639733,0.12268621151639252,0.1259751435095691,0.1292567676558194,0.1325364118710903,0.1358126012888777,0.13908487352406526,0.1423538354023981,0.14561942189941693,0.14888140477786485],"Onsager":[0.0,0.0,0.0,0.0,0.0,0.0,0.0,0.0,0.8412425708832882,0.911319377877496,0.9435736022406157,0.962027582645824,0.9736086674403005,0.9812651931166286,0.9864996026214945,0.9901625386761564,0.9927699495803408,0.9946502443372127,0.9960199928264506,0.9970259020011376,0.9977694539518424,0.9983220232735375,0.9987344866058722,0.9990435086394142,0.9992757519570612,0.9994507520117636,0.9995829128297293,0.9996829115439011,0.9997586984619985,0.999816216241757,0.9998599214705941,0.9998931656981125,0.999918475538032,0.999937759686074,0.9999524626356637,0.9999636792753354,0.9999722406209591,0.9999787781475485,0.9999837721894512,0.9999875884375184]}