{"Onsager":[0.0,0.0,0.0,0.0,0.0,0.0,0.0,0.0,0.8412425708832882,0.911319377877496,0.9435736022406157,0.962027582645824,0.9736086674403005,0.9812651931166286,0.9864996026214945,0.9901625386761564,0.9927699495803408,0.9946502443372127,0.9960199928264506,0.9970259020011376,0.9977694539518424,0.9983220232735375,0.9987344866058722,0.9990435086394142,0.9992757519570612,0.9994507520117636,0.9995829128297293,0.9996829115439011,0.9997586984619985,0.999816216241757,0.9998599214705941,0.9998931656981125,0.999918475538032,0.999937759686074,0.9999524626356637,0.9999636792753354,0.9999722406209591,0.9999787781475485,0.9999837721894512,0.9999875884375184],"betas":[0.2,0.23333333333333334,0.26666666666666666,0.30000000000000004,0.33333333333333337,0.3666666666666667,0.4,0.43333333333333335,0.4666666666666667,0.5,0.5333333333333333,0.5666666666666667,0.6000000000000001,0.6333333333333333,0.6666666666666667,0.7,0.7333333333333334,0.7666666666666666,0.8,0.8333333333333333,0.8666666666666667,0.8999999999999999,0.9333333333333333,0.9666666666666666,1.0,1.0333333333333334,1.0666666666666667,1.1,1.1333333333333333,1.1666666666666667,1.2,1.2333333333333332,1.2666666666666666,1.3,1.3333333333333333,1.3666666666666667,1.4,1.4333333333333333,1.4666666666666666,1.5],"bp":[0.02857861402276285,0.04311056186991389,0.06655087246747898,0.10722362270284666,0.1837225389484989,0.33290343290170876,0.5733632265065837,0.7814116060565174,0.8798218433386528,0.9254912766090145,0.9507297776242218,0.9662148006955716,0.976278837841927,0.983063870780194,0.9877568915831464,0.9910646331905874,0.9934296385249356,0.9951395911777159,0.996386953924588,0.9973034165260914,0.9979807167277994,0.9984836940325686,0.9988587226870745,0.9991392961513323,0.9993498023495001,0.9995081204441135,0.9996274333185685,0.9997175084367382,0.9997856126268276,0.9998371713431476,0.9998762474721615,0.9999058913989448,0.9999283984197963,0.999945498961834,0.9999584997507875,0.9999683889637092,0.9999759148059517,0.9999816443921606,0.9999860079746257,0.9999893322348561],"boundarymps":[0.028578547904849753,0.043109726903045056,0.06654239985837608,0.10714860491606518,0.18314295379195578,0.32940753232146686,0.5634340222662036,0.7752015991604349,0.8787476790275592,0.9253807631707722,0.950719742470876,0.9662138287792241,0.9762787170846068,0.9830638515327962,0.9877568877151447,0.9910646323575317,0.9934296382975226,0.9951395911167664,0.9963869539083459,0.9973034165217649,0.9979807167269651,0.9984836940322924,0.9988587226870209,0.9991392961513167,0.9993498023494966,0.9995081204441121,0.9996274333185682,0.999717508436737,0.9997856126268267,0.9998371713431566,0.9998762474721643,0.9999058913989457,0.999928398419796,0.9999454989618345,0.9999584997507872,0.99996838896371,0.9999759148059515,0.9999816443921602,0.9999860079746264,0.9999893322348546]}