{"Onsager":[0.0,0.0,0.0,0.0,0.0,0.0,0.0,0.0,0.8412425708832882,0.911319377877496,0.9435736022406157,0.962027582645824,0.9736086674403005,0.9812651931166286,0.9864996026214945,0.9901625386761564,0.9927699495803408,0.9946502443372127,0.9960199928264506,0.9970259020011376,0.9977694539518424,0.9983220232735375,0.9987344866058722,0.9990435086394142,0.9992757519570612,0.9994507520117636,0.9995829128297293,0.9996829115439011,0.9997586984619985,0.999816216241757,0.9998599214705941,0.9998931656981125,0.999918475538032,0.999937759686074,0.9999524626356637,0.9999636792753354,0.9999722406209591,0.9999787781475485,0.9999837721894512,0.9999875884375184],"betas":[0.2,0.23333333333333334,0.26666666666666666,0.30000000000000004,0.33333333333333337,0.3666666666666667,0.4,0.43333333333333335,0.4666666666666667,0.5,0.5333333333333333,0.5666666666666667,0.6000000000000001,0.6333333333333333,0.6666666666666667,0.7,0.7333333333333334,0.7666666666666666,0.8,0.8333333333333333,0.8666666666666667,0.8999999999999999,0.9333333333333333,0.9666666666666666,1.0,1.0333333333333334,1.0666666666666667,1.1,1.1333333333333333,1.1666666666666667,1.2,1.2333333333333332,1.2666666666666666,1.3,1.3333333333333333,1.3666666666666667,1.4,1.4333333333333333,1.4666666666666666,1.5],"bp":[0.0005692169145133294,0.0008515272194115081,0.0012878261026362436,0.001983819386762962,0.003122760991217875,0.005011725152055763,0.008119225107157126,0.013005943778540634,0.019959163236325343,0.028417181798942943,0.03704294139000241,0.044739827123827264,0.05123687665899599,0.05676131271483656,0.06161842352813248,0.06603729639778505,0.0701647525766668,0.07409189373808978,0.07787632753820732,0.08155586367015588,0.08515631211402613,0.0886959088752587,0.09218790236628253,0.09564212938266277,0.09906601816245608,0.10246525270291704,0.10584422792491323,0.10920637039883542,0.11255436956961765,0.11589034760007803,0.11921598606403488,0.12253262167101343,0.1258413193795423,0.1291429287568183,0.1324381277701592,0.13572745704947206,0.13901134685604233,0.1422901384257278,0.14556410094042213,0.1488334451944757],"boundarymps":[0.0005692166755985769,0.0008515257046083646,0.001287819964867538,0.0019838037098127478,0.003122741401601111,0.005011755739177107,0.008119472297469212,0.013006688561879289,0.019960536239777452,0.028418772683434516,0.03704407212043131,0.04474026650228569,0.051236864072799405,0.05676114584416222,0.061618262556834794,0.06603718651102343,0.07016468887268004,0.07409186019232161,0.07787631092633741,0.08155585577562216,0.08515630846181996,0.08869590721640098,0.0921879016219351,0.0956421290512887,0.09906601801564521,0.1024652526380532,0.10584422789628758,0.10920637038620461,0.11255436956404338,0.11589034759761281,0.11921598606294599,0.12253262167053354,0.12584131937932805,0.12914292875672406,0.13243812777011643,0.13572745704945993,0.13901134685603547,0.14229013842572466,0.1455641009404235,0.14883344508207952]}