{"betas":[0.2,0.23333333333333334,0.26666666666666666,0.30000000000000004,0.33333333333333337,0.3666666666666667,0.4,0.43333333333333335,0.4666666666666667,0.5,0.5333333333333333,0.5666666666666667,0.6000000000000001,0.6333333333333333,0.6666666666666667,0.7,0.7333333333333334,0.7666666666666666,0.8,0.8333333333333333,0.8666666666666667,0.8999999999999999,0.9333333333333333,0.9666666666666666,1.0,1.0333333333333334,1.0666666666666667,1.1,1.1333333333333333,1.1666666666666667,1.2,1.2333333333333332,1.2666666666666666,1.3,1.3333333333333333,1.3666666666666667,1.4,1.4333333333333333,1.4666666666666666,1.5],"bp":[0.21411462153522087,0.2562875862472664,0.3019812029423679,0.3522503223540025,0.4086478857604827,0.4737096256655637,0.5521128998694141,0.6869615507715979,0.8106621039497048,0.8731827870951278,0.9117534702992578,0.9371954501510089,0.9544594518089827,0.9667446732921835,0.9755148238137658,0.9818555548855006,0.9864847149360824,0.9899271288223953,0.9924396634524846,0.9943090924660309,0.9957058715675925,0.9967531699477479,0.9975407545417649,0.9981267774617321,0.9985831113841532,0.9989226498357673,0.9991763810917392,0.9993754372197425,0.9995216934115,0.9996368964806235,0.9997229095645628,0.9997873801511034,0.9998375863267938,0.9998758937557447,0.9999051369062784,0.9999278707251196,0.9999448460140494,0.9999578177437864,0.9999677329607081,0.9999753137493219],"boundarympo":[0.21411363519495547,0.2562855564365505,0.30197516118334533,0.3522520278770326,0.40869362492690664,0.47431143855027574,0.5590513450628556,0.6911919306805934,0.8090019472878593,0.8728428112981752,0.9116027237904964,0.9370999408331467,0.9545631571348155,0.9668193909456804,0.9755698811368059,0.981896793644816,0.9865161369911237,0.9899146436113679,0.9924302632172851,0.9943019589206439,0.9957005251126896,0.9967490816065157,0.9975376842232028,0.9981321173167144,0.9985812711070459,0.9989212430751356,0.9991789728267523,0.9993746401889394,0.999523297818825,0.9996364183150368,0.9997225345151872,0.9997881662465975,0.9998382047853879,0.9998763805001516,0.9999055202148951,0.999927771289367,0.9999447696346074,0.999957758956827,0.999967688013603,0.9999752792885936],"Onsager":[0.0,0.0,0.0,0.0,0.0,0.0,0.0,0.0,0.8412425708832882,0.911319377877496,0.9435736022406157,0.962027582645824,0.9736086674403005,0.9812651931166286,0.9864996026214945,0.9901625386761564,0.9927699495803408,0.9946502443372127,0.9960199928264506,0.9970259020011376,0.9977694539518424,0.9983220232735375,0.9987344866058722,0.9990435086394142,0.9992757519570612,0.9994507520117636,0.9995829128297293,0.9996829115439011,0.9997586984619985,0.999816216241757,0.9998599214705941,0.9998931656981125,0.999918475538032,0.999937759686074,0.9999524626356637,0.9999636792753354,0.9999722406209591,0.9999787781475485,0.9999837721894512,0.9999875884375184]}