{"betas":[0.2,0.23333333333333334,0.26666666666666666,0.30000000000000004,0.33333333333333337,0.3666666666666667,0.4,0.43333333333333335,0.4666666666666667,0.5,0.5333333333333333,0.5666666666666667,0.6000000000000001,0.6333333333333333,0.6666666666666667,0.7,0.7333333333333334,0.7666666666666666,0.8,0.8333333333333333,0.8666666666666667,0.8999999999999999,0.9333333333333333,0.9666666666666666,1.0,1.0333333333333334,1.0666666666666667,1.1,1.1333333333333333,1.1666666666666667,1.2,1.2333333333333332,1.2666666666666666,1.3,1.3333333333333333,1.3666666666666667,1.4,1.4333333333333333,1.4666666666666666,1.5],"bp":[0.0005722846447912904,0.0008653381981092285,0.0013460793874003985,0.0022199149402396244,0.004092004614749721,0.009508253703337806,-0.09035894012606319,0.7315125192847614,-0.8572724767414801,0.9144622891110068,-0.9440978661321475,0.9623110832829519,-0.9736108566027174,0.9813241520897112,0.9865336957575832,-0.9901458813565073,0.9927849832809011,-0.9946402268218656,-0.9960123555492355,-0.9970200776047176,-0.9977650004470447,0.9983254535233239,-0.9987318572594641,-0.999041479165676,0.999277320313396,0.9994519675374053,-0.9995819669637551,0.9996836456338656,0.9997592700625721,-0.9998157696461386,-0.9998595731259678,-0.9998928938419976,-0.999918263289607,0.9999379249947881,-0.9999523331597379,0.9999637801363123,-0.9999721616017259,0.9999788396979985,0.999983820268622,0.9999876259901609],"boundarympo":[0.0005606382253638323,0.0008222761338404575,0.001196016819798767,0.0017167017110567078,0.0024052626709998234,0.0032482140754092463,0.0041908521609741005,0.005158249004522032,0.006088681711004235,0.00695124882271779,0.007741604442736353,0.008469253527888167,0.00914755595686664,0.009788826901996079,0.010402843366001618,0.010996879013033978,0.011576204318938773,0.012144613750368802,0.01270484983634333,0.013258912384927036,0.013808275178778178,0.01435403594760445,0.014897020339149664,0.015437854664534562,0.01597701745043227,0.01651487648666752,0.017051715818864756,0.017587755666886067,0.018123167290413637,0.018658084192385436,0.019192610633106757,0.019726828145470405,0.020260800549493457,0.02079457782994255,0.021328199146339683,0.021861695176855496,0.022395089947801892,0.02292840226467868,0.02346164683307078,0.02399483513777544],"Onsager":[0.0,0.0,0.0,0.0,0.0,0.0,0.0,0.0,0.8412425708832882,0.911319377877496,0.9435736022406157,0.962027582645824,0.9736086674403005,0.9812651931166286,0.9864996026214945,0.9901625386761564,0.9927699495803408,0.9946502443372127,0.9960199928264506,0.9970259020011376,0.9977694539518424,0.9983220232735375,0.9987344866058722,0.9990435086394142,0.9992757519570612,0.9994507520117636,0.9995829128297293,0.9996829115439011,0.9997586984619985,0.999816216241757,0.9998599214705941,0.9998931656981125,0.999918475538032,0.999937759686074,0.9999524626356637,0.9999636792753354,0.9999722406209591,0.9999787781475485,0.9999837721894512,0.9999875884375184]}