{"betas":[0.2,0.23333333333333334,0.26666666666666666,0.30000000000000004,0.33333333333333337,0.3666666666666667,0.4,0.43333333333333335,0.4666666666666667,0.5,0.5333333333333333,0.5666666666666667,0.6000000000000001,0.6333333333333333,0.6666666666666667,0.7,0.7333333333333334,0.7666666666666666,0.8,0.8333333333333333,0.8666666666666667,0.8999999999999999,0.9333333333333333,0.9666666666666666,1.0,1.0333333333333334,1.0666666666666667,1.1,1.1333333333333333,1.1666666666666667,1.2,1.2333333333333332,1.2666666666666666,1.3,1.3333333333333333,1.3666666666666667,1.4,1.4333333333333333,1.4666666666666666,1.5],"bp":[0.0005718745267747077,0.0008634031331263431,0.0013363256363927883,0.00217285053133596,0.00385969882320289,0.008114974009453511,0.025772768975732364,0.522304156832121,0.8433322408257402,-0.9109412521738278,0.9437438340404685,-0.9619323109588872,0.9736675000968119,0.9813042376317839,-0.9864724785727976,0.9901818214157597,-0.9927558683232912,0.994660633706956,0.9960277698856096,0.9970317768268218,0.9977739234859591,0.9983254427964963,0.9987371144824926,-0.9990414771850014,-0.9992741807238441,0.9994519671834956,0.9995838565760015,0.9996836455671344,-0.9997581254685872,0.9998166617234621,0.999860268926184,-0.9998928938394211,0.9999186872217034,0.9999379249943023,0.9999525917530233,0.9999637801362168,-0.9999721616016812,0.9999788396979753,0.9999838202686113,0.999987625990157],"boundarympo":[0.0005718978940341832,0.0008639683539559182,0.0013360733220486383,0.002173264615055132,0.003862119296794494,0.008438766118894787,0.026429005479760577,0.20066631698470336,0.47317985359078774,0.5685795341118582,0.6297629404412974,0.676024460894394,0.7135516789804224,0.7450518873521813,0.7721588090429173,0.79582008266985,0.8166849593623928,0.8352047130699359,0.8517275871467423,0.8665166482254572,0.8797869376804964,0.8917150735122067,0.9024492639167061,0.9121167266494938,0.9208281356650109,0.928680549120928,0.935759846849957,0.9421425537059213,0.9478970919159446,0.9530849114678543,0.9577613086460379,0.9619761239704874,0.9657743419692635,0.9691965909841298,0.9722795895766053,0.9750565193770732,0.9775573728490013,0.9798092563458992,0.9818366631556428,0.9836617216706816],"Onsager":[0.0,0.0,0.0,0.0,0.0,0.0,0.0,0.0,0.8412425708832882,0.911319377877496,0.9435736022406157,0.962027582645824,0.9736086674403005,0.9812651931166286,0.9864996026214945,0.9901625386761564,0.9927699495803408,0.9946502443372127,0.9960199928264506,0.9970259020011376,0.9977694539518424,0.9983220232735375,0.9987344866058722,0.9990435086394142,0.9992757519570612,0.9994507520117636,0.9995829128297293,0.9996829115439011,0.9997586984619985,0.999816216241757,0.9998599214705941,0.9998931656981125,0.999918475538032,0.999937759686074,0.9999524626356637,0.9999636792753354,0.9999722406209591,0.9999787781475485,0.9999837721894512,0.9999875884375184]}