{"betas":[0.2,0.23333333333333334,0.26666666666666666,0.30000000000000004,0.33333333333333337,0.3666666666666667,0.4,0.43333333333333335,0.4666666666666667,0.5,0.5333333333333333,0.5666666666666667,0.6000000000000001,0.6333333333333333,0.6666666666666667,0.7,0.7333333333333334,0.7666666666666666,0.8,0.8333333333333333,0.8666666666666667,0.8999999999999999,0.9333333333333333,0.9666666666666666,1.0,1.0333333333333334,1.0666666666666667,1.1,1.1333333333333333,1.1666666666666667,1.2,1.2333333333333332,1.2666666666666666,1.3,1.3333333333333333,1.3666666666666667,1.4,1.4333333333333333,1.4666666666666666,1.5],"bp":[0.0005718745268097663,0.000863403144456895,0.0013363258201942309,0.002172879212778306,0.0038593664473834458,0.00811063583913984,0.025821972126093252,0.5242685315841703,-0.8402998978905574,0.9117086803471292,0.9437438340404888,0.9621222387370091,-0.9735495693476496,-0.9812260073310687,-0.986472478572798,-0.9901432011327707,0.9927839936381299,0.9946606337069576,0.9960277698856098,-0.9970200131928901,-0.9977649739216337,0.9983254427964955,0.9987371144824915,0.9990455353478511,0.9992773194919271,-0.9994495339432532,0.9995838565760002,0.9996836455671348,0.999759270033408,-0.9998157696328851,0.9998602689261827,0.9998934368455011,0.9999186872217019,0.9999379249943016,0.9999525917530222,0.9999637801362167,0.9999723194125103,0.9999788396979746,-0.9999837239657519,0.9999876259901573],"boundarympo":[0.0005718579162375817,0.0008633346086220846,0.0013355485252399724,0.0021686307886207086,0.0038521505105124903,0.00831651440286161,0.023724098962239072,0.20401887809941519,0.4734066338352171,0.5684851582736273,0.629739965714184,0.6760574070197906,0.7135324818891818,0.7450505340356671,0.7721625423681624,0.7958230361785429,0.816683082126718,0.8352052765994711,0.8517273138265778,0.8665163437782523,0.8797869790512794,0.8917152256896912,0.9024492226736821,0.9121166861603301,0.9208281504510013,0.9286805395692596,0.9357598418037457,0.9421425459901102,0.9478970875345513,0.9530849106978739,0.957761308742009,0.9619761243471074,0.9657743407992667,0.969196590808575,0.9722795896231547,0.9750565194150647,0.9775573728334579,0.9798092562161685,0.9818366631476085,0.9836617216694409]}