{"betas":[0.2,0.23333333333333334,0.26666666666666666,0.30000000000000004,0.33333333333333337,0.3666666666666667,0.4,0.43333333333333335,0.4666666666666667,0.5,0.5333333333333333,0.5666666666666667,0.6000000000000001,0.6333333333333333,0.6666666666666667,0.7,0.7333333333333334,0.7666666666666666,0.8,0.8333333333333333,0.8666666666666667,0.8999999999999999,0.9333333333333333,0.9666666666666666,1.0,1.0333333333333334,1.0666666666666667,1.1,1.1333333333333333,1.1666666666666667,1.2,1.2333333333333332,1.2666666666666666,1.3,1.3333333333333333,1.3666666666666667,1.4,1.4333333333333333,1.4666666666666666,1.5],"bp":[0.0005718757816214918,0.000863421585277378,0.0013363307007733017,0.0021737451487194542,0.0038776093334895556,0.007405680267875265,0.044072073330804575,0.4986286654832274,-0.126196048568168,0.9118408575185157,0.9437551596734071,-0.9619337866072712,0.9736677430040154,-0.9812260657070351,-0.9864724928291377,0.9901818247702002,0.9927839945237001,0.9946606339504559,0.9960277699554031,0.9970317768469302,-0.9977649739282358,0.9983254427980898,-0.9987318526003299,-0.9990414771851802,0.9992773194919781,-0.9994495339432717,0.9995838565760077,-0.9996821757230853,0.9997592700334083,-0.9998157696328834,0.9998602689261838,-0.9998928938394128,-0.9999182632884637,-0.9999375939273438,0.9999525917530219,0.9999637801362161,-0.9999721616016817,0.9999788396979742,-0.9999837239657513,-0.999987550769754],"boundarympo":[0.0005719113141947438,0.0008664681465140786,0.0013382512724736785,0.0021740528010180658,0.0038438330342193266,0.00806973541219365,0.02286938908313412,0.07519978671447479,0.13259907313003336,0.16467976491352862,0.18759183031723345,0.20661713870875187,0.22350894786658596,0.23906886839763086,0.25371897022972467,0.2677146641556221,0.2812172713409013,0.2943333949311453,0.30713611744056796,0.31967656610657597,0.33199123190180446,0.3441072866212071,0.3560432479597651,0.3678134203736229,0.3794277512346826,0.3908935206618259,0.4022159381209333,0.41339843674270577,0.4244436952703119,0.43535310116509024,0.44612763922002086,0.4567678334016008,0.4672738094566447,0.4776454761524827,0.4878826064353137,0.49798486607353976,0.50795187891736,0.5177832560218216,0.5274786232041102,0.537037640441462]}