{"Onsager":[0.0,0.0,0.0,0.0,0.0,0.0,0.0,0.0,0.8412425708832882,0.911319377877496,0.9435736022406157,0.962027582645824,0.9736086674403005,0.9812651931166286,0.9864996026214945,0.9901625386761564,0.9927699495803408,0.9946502443372127,0.9960199928264506,0.9970259020011376,0.9977694539518424,0.9983220232735375,0.9987344866058722,0.9990435086394142,0.9992757519570612,0.9994507520117636,0.9995829128297293,0.9996829115439011,0.9997586984619985,0.999816216241757,0.9998599214705941,0.9998931656981125,0.999918475538032,0.999937759686074,0.9999524626356637,0.9999636792753354,0.9999722406209591,0.9999787781475485,0.9999837721894512,0.9999875884375184],"betas":[0.2,0.23333333333333334,0.26666666666666666,0.30000000000000004,0.33333333333333337,0.3666666666666667,0.4,0.43333333333333335,0.4666666666666667,0.5,0.5333333333333333,0.5666666666666667,0.6000000000000001,0.6333333333333333,0.6666666666666667,0.7,0.7333333333333334,0.7666666666666666,0.8,0.8333333333333333,0.8666666666666667,0.8999999999999999,0.9333333333333333,0.9666666666666666,1.0,1.0333333333333334,1.0666666666666667,1.1,1.1333333333333333,1.1666666666666667,1.2,1.2333333333333332,1.2666666666666666,1.3,1.3333333333333333,1.3666666666666667,1.4,1.4333333333333333,1.4666666666666666,1.5],"bp":[0.0005718758620013209,0.0008634202020292138,0.0013365049217932375,0.002174523360367545,0.003874638339607424,0.00824530117877308,0.026494202251566526,0.42740426159526784,0.8447521881024432,-0.9110807771193588,0.9437550694220561,-0.9619337830517846,0.9736677429434736,0.9813042924773111,0.9865266550774076,-0.9901432047644585,0.9927839945237368,0.9946606339504587,0.9960277699554027,0.9970317768469305,0.9977739234920374,0.99832544279809,0.9987371144830818,-0.9990414771851807,-0.9992741807239022,0.999451967183515,-0.9995819668052403,0.9996836455671368,0.9997592700334077,-0.9998157696328839,-0.9998595731201316,0.9998934368454945,-0.9999182632884636,0.9999379249943026,0.9999525917530223,0.999963780136217,-0.9999721616016811,0.9999788396979744,0.9999838202686103,0.9999876259901569],"boundarymps":[0.0005718745279307358,0.0008634031441889627,0.001336325207532149,0.0021728212703841813,0.0038584509127168403,0.00806358386822846,0.02307408804310433,0.10517501748829934,0.3751680270950839,0.5347539916740206,0.6120176013086279,0.665150295698883,0.7063344867455714,0.7400897115091479,0.7686473166805369,0.7932907413469815,0.8148365030553193,0.833843547603369,0.8507166985468179,0.8657626287613671,0.8792222755571777,0.8912906351123678,0.9021293781944943,0.9118751836614569,0.9206454174453511,0.9285421132057706,0.9356548372208069,0.9420628032945643,0.9478364731439318,0.9530387970155072,0.9577261980447513,0.9619493706397448,0.9657539412616489,0.9691810253064114,0.9722677038642374,0.9750474373434402,0.9775504282587796,0.9798039422328089,0.9818325939766943,0.9836586034119013]}