{"Onsager":[0.0,0.0,0.0,0.0,0.0,0.0,0.0,0.0,0.8412425708832882,0.911319377877496,0.9435736022406157,0.962027582645824,0.9736086674403005,0.9812651931166286,0.9864996026214945,0.9901625386761564,0.9927699495803408,0.9946502443372127,0.9960199928264506,0.9970259020011376,0.9977694539518424,0.9983220232735375,0.9987344866058722,0.9990435086394142,0.9992757519570612,0.9994507520117636,0.9995829128297293,0.9996829115439011,0.9997586984619985,0.999816216241757,0.9998599214705941,0.9998931656981125,0.999918475538032,0.999937759686074,0.9999524626356637,0.9999636792753354,0.9999722406209591,0.9999787781475485,0.9999837721894512,0.9999875884375184],"betas":[0.2,0.23333333333333334,0.26666666666666666,0.30000000000000004,0.33333333333333337,0.3666666666666667,0.4,0.43333333333333335,0.4666666666666667,0.5,0.5333333333333333,0.5666666666666667,0.6000000000000001,0.6333333333333333,0.6666666666666667,0.7,0.7333333333333334,0.7666666666666666,0.8,0.8333333333333333,0.8666666666666667,0.8999999999999999,0.9333333333333333,0.9666666666666666,1.0,1.0333333333333334,1.0666666666666667,1.1,1.1333333333333333,1.1666666666666667,1.2,1.2333333333333332,1.2666666666666666,1.3,1.3333333333333333,1.3666666666666667,1.4,1.4333333333333333,1.4666666666666666,1.5],"bp":[0.057068243749310237,0.08588548511344436,0.1317551972618784,0.20847273839530608,0.3382806855524777,0.5299129474193449,0.719549135326117,0.8377367851751203,0.9001872966145948,0.9350777308188629,0.9561418892118272,0.9695882435727485,0.9785124971977261,0.9846041145403994,0.9888499445059198,0.9918568055451089,0.9940128573409469,0.9955741551198435,0.9967137718001058,0.9975509933575721,0.9981693424143577,0.9986280602696523,0.9989696156479239,0.9992247239839525,0.9994157651719433,0.9995591474531079,0.9996669642553461,0.9997481686851377,0.9998094141914589,0.9998556612977498,0.9998906186295365,0.9999170654644094,0.9999370888821395,0.9999522589227474,0.9999637584683098,0.999972479880623,0.9999790971162172,0.9999841196792308,0.999987933075753,0.9999908292051669],"boundarymps":[0.05706811440701269,0.08588389218894832,0.13173985257581694,0.20835482277956127,0.33763196345176555,0.5281358148757056,0.7181009610296372,0.8373768094233881,0.9001401302519796,0.9350726477027119,0.9561413059704865,0.9695881624041135,0.9785124834068124,0.984604111787572,0.9888499439116164,0.9918568054097393,0.9940128573092789,0.9955741551128345,0.9967137717983126,0.9975509933575569,0.9981693424143018,0.9986280602696711,0.9989696156479291,0.9992247239839535,0.9994157651719437,0.999559147453108,0.9996669642553462,0.9997481686851498,0.9998094141914632,0.9998556612977518,0.999890618629537,0.99991706546441,0.9999370888821398,0.9999522589227474,0.9999637584683092,0.9999724798806225,0.9999790971162176,0.9999841196792322,0.9999879330757525,0.9999908292051676]}