{"Onsager":[0.0,0.0,0.0,0.0,0.0,0.0,0.0,0.0,0.8412425708832882,0.911319377877496,0.9435736022406157,0.962027582645824,0.9736086674403005,0.9812651931166286,0.9864996026214945,0.9901625386761564,0.9927699495803408,0.9946502443372127,0.9960199928264506,0.9970259020011376,0.9977694539518424,0.9983220232735375,0.9987344866058722,0.9990435086394142,0.9992757519570612,0.9994507520117636,0.9995829128297293,0.9996829115439011,0.9997586984619985,0.999816216241757,0.9998599214705941,0.9998931656981125,0.999918475538032,0.999937759686074,0.9999524626356637,0.9999636792753354,0.9999722406209591,0.9999787781475485,0.9999837721894512,0.9999875884375184],"betas":[0.2,0.23333333333333334,0.26666666666666666,0.30000000000000004,0.33333333333333337,0.3666666666666667,0.4,0.43333333333333335,0.4666666666666667,0.5,0.5333333333333333,0.5666666666666667,0.6000000000000001,0.6333333333333333,0.6666666666666667,0.7,0.7333333333333334,0.7666666666666666,0.8,0.8333333333333333,0.8666666666666667,0.8999999999999999,0.9333333333333333,0.9666666666666666,1.0,1.0333333333333334,1.0666666666666667,1.1,1.1333333333333333,1.1666666666666667,1.2,1.2333333333333332,1.2666666666666666,1.3,1.3333333333333333,1.3666666666666667,1.4,1.4333333333333333,1.4666666666666666,1.5],"bp":[0.0005693416956153408,0.000852245989316931,0.0012914262268060358,0.0020002861393947926,0.0031946203012641256,0.005312274266965042,0.009367881518964448,0.018447944801284588,0.04820647879108752,-0.15134605090795641,-0.8510898623788367,-0.9434224930199374,-0.9665277570214232,-0.980177768869168,0.9862692886336545,0.990106019012886,-0.9927263733251928,-0.9946313856224214,-0.996009284109186,0.997030791810564,0.9977735598133701,0.9983253052046688,-0.9987317966841147,-0.9990414541157493,-0.9992741719199977,0.9994519637703709,0.9995838551702954,-0.9996821751081273,0.10227636027816422,-0.9998157695228923,0.9998602688807252,-0.9998928938187336,0.9999186872130017,0.999937924990452,0.999952591751307,-0.9999635781278253,-0.9999721616013152,0.9999788396978178,0.9999838202685397,0.9999876259901235],"boundarymps":[0.0005692166755985797,0.0008515257046080203,0.0012878199648674803,0.0019838037098124923,0.0031227414016009995,0.005011755739177523,0.00811947229746951,0.013006688561877968,0.019960536239778663,0.02841877268343428,0.037044072120429004,0.04474026650228554,0.05123686407279734,0.056761145844160046,0.06161826255683542,0.06603718651102422,0.07016468887267868,0.07409186019231939,0.07787631092634066,0.08155585577562004,0.0851563084618204,0.0886959072163989,0.09218790162193591,0.09564212905129013,0.09906601801564449,0.1024652526380553,0.10584422789628825,0.10920637038620155,0.11255436956404231,0.11589034759761684,0.11921598606294509,0.12253262167053319,0.12584131937932871,0.1291429287567225,0.13243812777011452,0.1357274570494622,0.1390113468560363,0.14229013842572805,0.1455641009404243,0.14883344508208377]}