{"Onsager":[0.0,0.0,0.0,0.0,0.0,0.0,0.0,0.0,0.8412425708832882,0.911319377877496,0.9435736022406157,0.962027582645824,0.9736086674403005,0.9812651931166286,0.9864996026214945,0.9901625386761564,0.9927699495803408,0.9946502443372127,0.9960199928264506,0.9970259020011376,0.9977694539518424,0.9983220232735375,0.9987344866058722,0.9990435086394142,0.9992757519570612,0.9994507520117636,0.9995829128297293,0.9996829115439011,0.9997586984619985,0.999816216241757,0.9998599214705941,0.9998931656981125,0.999918475538032,0.999937759686074,0.9999524626356637,0.9999636792753354,0.9999722406209591,0.9999787781475485,0.9999837721894512,0.9999875884375184],"betas":[0.2,0.23333333333333334,0.26666666666666666,0.30000000000000004,0.33333333333333337,0.3666666666666667,0.4,0.43333333333333335,0.4666666666666667,0.5,0.5333333333333333,0.5666666666666667,0.6000000000000001,0.6333333333333333,0.6666666666666667,0.7,0.7333333333333334,0.7666666666666666,0.8,0.8333333333333333,0.8666666666666667,0.8999999999999999,0.9333333333333333,0.9666666666666666,1.0,1.0333333333333334,1.0666666666666667,1.1,1.1333333333333333,1.1666666666666667,1.2,1.2333333333333332,1.2666666666666666,1.3,1.3333333333333333,1.3666666666666667,1.4,1.4333333333333333,1.4666666666666666,1.5],"bp":[3.5564721524737408e-9,7.390607673037798e-8,1.0734888820494151e-6,1.1577105407433583e-5,9.956335545932132e-5,0.0007108877581503446,0.004437739458240419,0.02834267794765611,0.07815880487364352,0.9002233780960591,-0.9424910253826128,-0.9619493818462871,-0.9736029151696493,0.9812647436708541,0.9864995628641914,0.9901625339423181,0.9927699485825611,0.994650244403264,0.9960199929452163,0.9970259020394897,0.9977694539610253,0.9983220232762231,0.9987344866065138,0.999043508639583,0.9992757519571162,0.9994507520117821,0.9995829128297419,0.9996829115439041,-0.9997586984620019,0.999816216241759,0.9998599214705951,0.9998931656981049,0.9999184755380286,0.9999377596860722,0.999952462635663,-0.999963679275335,0.9999722406209592,0.9996879309371607,-0.999983772189451,0.9999875884375187],"boundarymps":[3.5478510993180837e-9,7.428854305015958e-8,1.0639973002184454e-6,1.1393625129020274e-5,9.662837712196298e-5,0.0006725589358759916,0.0038975755585478953,0.018338345715096745,0.06213436584979293,0.13367408500475592,0.20609445431788825,0.27077581781067767,0.32857979144834,0.3805908916693084,0.4275869052322354,0.47020142888145233,0.508972007930967,0.5443562293890843,0.5767434183625503,0.60646530937864,0.6338055211877713,0.6590076504576243,0.6822820256568929,0.7038112731850132,0.723754877264731,0.7422529073755264,0.7594290656502511,0.7753931823823735,0.7902432649931571,0.8040671860081078,0.8169440790524165,0.828945498342811,0.8401363862193477,0.8505758844724547,0.8603180181951452,0.8694122752710916,0.8779041001219839,0.8858353167534437,0.893244493266978,0.9001672577103471]}