{"bmps":[0.0005718745279600056,0.0010693883862052304,0.002172836966193503,0.005431926324782825,0.02497163865985563,0.031645056097392536,0.04128840355336685,0.055778415370326094,0.07843582194083527,0.11510836864340318,0.17542488375568138,0.2717367139725092,0.40793354004221816,0.5576514454249512,0.675778130353008,0.7484022698965648,0.7910704710237727,0.8188499154711236,0.8392051532502787,0.8553240024944213,0.8686670271656844,0.8800105728672138,0.8898272783031648,0.8984334617311097,0.9060543477797685,0.9519177212382702,0.9726996854719011,0.9836911026338986,0.9899535209390897,0.9936828998841409,0.9959696242513361,0.9974008474462246,0.9983101893227336,0.998894516884666,0.9992732647164879],"betas":[0.2,0.25,0.3,0.35,0.4,0.405,0.41,0.415,0.42,0.425,0.43,0.435,0.44,0.445,0.45,0.455,0.46,0.465,0.47,0.475,0.48,0.485,0.49,0.495,0.5,0.55,0.6,0.65,0.7,0.75,0.8,0.85,0.9,0.95,1.0],"bp":[2.8101235659323026e-17,-2.3450433599640343e-16,-8.568931425722309e-16,2.7182138343874275e-16,3.201087627652972e-10,-8.455138984593931e-10,-4.905743459877933e-9,8.493121259384233e-9,6.223754394539557e-9,-1.2300303404242647e-7,-7.99065915528056e-8,1.809495762523226e-5,0.5091169292673834,-0.6847649347874635,-0.749379463004019,-0.7876582110268955,0.8146383496947918,-0.8353202438730772,-0.8519628218585044,0.8657849926272448,0.8775229089768475,0.8876568891183377,-0.8965184915711031,-0.9043466289536037,0.9113193778766597,0.9539446376624964,0.973608667440302,0.9841216533060476,-0.9901625386761562,0.9937854331777082,-0.9960199928264579,0.029514009676314203,-0.386581847394831,0.9989000658204628,-0.9992757519570615],"Onsager":[0.0,0.0,0.0,0.0,0.0,0.0,0.0,0.0,0.0,0.0,0.0,0.0,0.0,0.6832363749366663,0.7493226125323768,0.7876551021902242,0.8146381332315973,0.8353202281964812,0.8519628209185037,0.8657849926713775,0.8775229090307951,0.8876568891362632,0.896518491573338,0.9043466289538622,0.911319377877496,0.953944637662459,0.9736086674403005,0.9841216533060452,0.9901625386761564,0.993785433177707,0.9960199928264506,0.9974254389238487,0.9983220232735375,0.9989000658204624,0.9992757519570612]}