{"betas":[0.41,0.412,0.414,0.416,0.418,0.42,0.422,0.424,0.426,0.428,0.43,0.432,0.434,0.436,0.438,0.44,0.442,0.444,0.446,0.448,0.45,0.452,0.454,0.456,0.458,0.46],"bp":[1.0813492070728376e-5,-1.680557067344317e-5,2.8293029014793414e-5,0.0002276778406703154,-0.0006152370725672179,7.365724373315068e-5,0.0008070319003324706,-0.0021214466608334777,0.08145807358216199,-0.23535810179543193,-0.3780693471346348,0.4739982269232658,-0.5402093319711041,0.5900267050643385,0.6292523975559238,0.661196486220539,0.6878480863276609,0.7104835353601537,-0.730002396827914,-0.7470421213499566,-0.762072872320581,-0.7754489752473599,0.7874453506459875,0.7982775220927845,-0.808117130463479,0.8171027354410819],"Onsager":[0.0,0.0,0.0,0.0,0.0,0.0,0.0,0.0,0.0,0.0,0.0,0.0,0.0,0.0,0.0,0.0,0.5902548147789943,0.6615965276779904,0.7007295585620439,0.7281442721290914,0.7493226125323768,0.7665870063121494,0.7811504106461703,0.7937302633057074,0.8047878457654812,0.8146381332315973]}