{"bmps":[0.0005718742919227089,0.0010693629011080323,0.0021711250065087145,0.005338458976532197,0.018844795107406682,0.021904699717046245,0.02555837602959615,0.02991867840565388,0.035111042809825216,0.04126844134188522,0.04852173673848017,0.056984157740180376,0.06672962679709345,0.07776692275098217,0.09001503971499972,0.10328834890656055,0.1173007787758881,0.13169383223028483,0.14608426084357307,0.16011814654341983,0.17351499831642045,0.18609053263493736,0.1977564447510178,0.20850357947689524,0.21837789420164688,0.2866236755296606,0.33143435020773704,0.3679027300742257,0.39999921146318207,0.429338683661113,0.4567230160375856,0.4825954332310393,0.5072180537384752,0.5307534164983203,0.5533062128318404],"betas":[0.2,0.25,0.3,0.35,0.4,0.405,0.41,0.415,0.42,0.425,0.43,0.435,0.44,0.445,0.45,0.455,0.46,0.465,0.47,0.475,0.48,0.485,0.49,0.495,0.5,0.55,0.6,0.65,0.7,0.75,0.8,0.85,0.9,0.95,1.0],"bp":[1.6350063893909583e-16,-3.3836049717067913e-14,2.5539185322718143e-12,2.853954737487972e-10,1.4169095017139472e-8,6.70261150769445e-9,-2.293128253022651e-8,8.904001158699234e-7,2.2060847452365623e-6,-2.2670629542470513e-5,-0.008665605708564946,0.43683681746186664,-0.6185202308692426,-0.7028484021159608,0.7539214980277149,-0.7890298022917833,-0.8150988419180353,-0.8354858036586337,0.8520252960144878,0.8658094491978263,0.8775327679366562,0.887660959663985,0.8965202060257107,-0.9043473640889809,-0.9113196978623447,-0.9539446378365887,-0.9736086674395301,0.9841216533058527,-0.9901625386761463,0.9937854331777081,-0.9960199928264577,-0.9974254389238494,0.9983220232735365,0.9989000658204625,-0.9992757519570615],"Onsager":[0.0,0.0,0.0,0.0,0.0,0.0,0.0,0.0,0.0,0.0,0.0,0.0,0.0,0.6832363749366663,0.7493226125323768,0.7876551021902242,0.8146381332315973,0.8353202281964812,0.8519628209185037,0.8657849926713775,0.8775229090307951,0.8876568891362632,0.896518491573338,0.9043466289538622,0.911319377877496,0.953944637662459,0.9736086674403005,0.9841216533060452,0.9901625386761564,0.993785433177707,0.9960199928264506,0.9974254389238487,0.9983220232735375,0.9989000658204624,0.9992757519570612]}