{"betas":[0.2,0.25,0.3,0.35,0.4,0.405,0.41,0.415,0.42,0.425,0.43,0.435,0.44,0.445,0.45,0.455,0.46,0.465,0.47,0.475,0.48,0.485,0.49,0.495,0.5,0.55,0.6,0.65,0.7,0.75,0.8,0.85,0.9,0.95,1.0],"bp":[-4.069406756379703e-10,-1.4821835776080951e-9,9.536504108478682e-8,-6.273022198738984e-7,0.0020934675274732416,-0.008288108636718913,0.004412002870907876,-0.13092064160085926,0.40618654651516095,-0.5366161531956685,-0.6197210933992289,0.6785133684555587,0.722642525008052,-0.757113887754766,-0.7848531680973798,0.8076805779609866,0.826804701527678,-0.843061397717786,0.8570481904095809,-0.869206519871572,-0.8798682164514637,0.8892888561360793,0.8976683178886723,-0.9051653487279518,-0.9119076624752246,0.9539744296456951,-0.9736107715463491,0.9841218313288391,-0.9901625555794786,-0.9937854349197927,0.9960199930185054,-0.9974254389457825,0.9983220232761281,-0.9989000658218674,-0.9992757519572933],"Onsager":[0.0,0.0,0.0,0.0,0.0,0.0,0.0,0.0,0.0,0.0,0.0,0.0,0.0,0.6832363749366663,0.7493226125323768,0.7876551021902242,0.8146381332315973,0.8353202281964812,0.8519628209185037,0.8657849926713775,0.8775229090307951,0.8876568891362632,0.896518491573338,0.9043466289538622,0.911319377877496,0.953944637662459,0.9736086674403005,0.9841216533060452,0.9901625386761564,0.993785433177707,0.9960199928264506,0.9974254389238487,0.9983220232735375,0.9989000658204624,0.9992757519570612]}