{"bmps":[0.0005717682518728541,0.0010670452397976203,0.00213366305531496,0.004828123300937459,0.012608315740550277,0.013956647090271277,0.015454743486975361,0.017115420878785398,0.018951013351083578,0.0209727765685122,0.023190163286566548,0.02560999134323552,0.028235548701218364,0.031065708031893766,0.03409415023240689,0.03730881488807514,0.04069169752217607,0.044219091319467455,0.047862322397875044,0.05158895778538699,0.055364387420993436,0.05915361446978404,0.0629230501114231,0.06664211051009183,0.07028445409693757,0.10012920065295304,0.12029160630375779,0.13613720513230362,0.15002351576412246,0.16284296061004536,0.17500762785542007,0.18673896288173852,0.1981668850019824,0.20937177708794058,0.22040508962088823],"betas":[0.2,0.25,0.3,0.35,0.4,0.405,0.41,0.415,0.42,0.425,0.43,0.435,0.44,0.445,0.45,0.455,0.46,0.465,0.47,0.475,0.48,0.485,0.49,0.495,0.5,0.55,0.6,0.65,0.7,0.75,0.8,0.85,0.9,0.95,1.0],"bp":[7.124759179134162e-13,-8.276667465021264e-12,-1.6500121267880015e-10,-1.0029461296957297e-8,-2.203124640407766e-6,1.0640262721688576e-5,-2.284998476438714e-5,0.00011317721034724531,-0.0007728945237261543,0.013799473480803895,0.37803652654037745,0.5667357155508274,0.6611981224289015,-0.7205897124001227,-0.7620728365810301,-0.7929954410240144,0.8171027151693471,0.8365270712789197,-0.8525784184260534,-0.8661086945644556,-0.8776972200331155,-0.8877525867913619,0.8965718856548617,-0.9043768354940339,0.9113366732966521,-0.9539447397479806,0.9736086684154458,0.9841216533166588,-0.9901625386766798,-0.9937854331779886,0.9960199928263425,-0.997425438923836,0.9983220232735293,-0.9989000658204621,0.9992757519570616],"Onsager":[0.0,0.0,0.0,0.0,0.0,0.0,0.0,0.0,0.0,0.0,0.0,0.0,0.0,0.6832363749366663,0.7493226125323768,0.7876551021902242,0.8146381332315973,0.8353202281964812,0.8519628209185037,0.8657849926713775,0.8775229090307951,0.8876568891362632,0.896518491573338,0.9043466289538622,0.911319377877496,0.953944637662459,0.9736086674403005,0.9841216533060452,0.9901625386761564,0.993785433177707,0.9960199928264506,0.9974254389238487,0.9983220232735375,0.9989000658204624,0.9992757519570612]}