{"betas":[0.41,0.412,0.414,0.416,0.418,0.42,0.422,0.424,0.426,0.428,0.43,0.432,0.434,0.436,0.438,0.44,0.442,0.444,0.446,0.448,0.45,0.452,0.454,0.456,0.458,0.46],"bp":[2.362108833308599e-8,-4.641510683048582e-8,3.598679706938341e-8,-1.926844787858768e-7,-1.2062930496466312e-7,-5.628654442886812e-7,2.524905827948709e-7,1.504006542950671e-6,3.050451535493382e-6,9.160787676056052e-6,1.8676881218496074e-5,0.00011648719245020918,0.005823183992706431,-0.20471074826855992,-0.4608488553942936,-0.5668896126232491,-0.6300408858306911,0.673194928753245,-0.7051036448038516,-0.729984063447879,-0.7501471178189013,-0.7669727489890481,-0.7813366001193395,-0.7938223277463672,0.8048342669266798,-0.8146619242807613],"Onsager":[0.0,0.0,0.0,0.0,0.0,0.0,0.0,0.0,0.0,0.0,0.0,0.0,0.0,0.0,0.0,0.0,0.5902548147789943,0.6615965276779904,0.7007295585620439,0.7281442721290914,0.7493226125323768,0.7665870063121494,0.7811504106461703,0.7937302633057074,0.8047878457654812,0.8146381332315973]}