{"betas":[0.41,0.412,0.414,0.416,0.418,0.42,0.422,0.424,0.426,0.428,0.43,0.432,0.434,0.436,0.438,0.44,0.442,0.444,0.446,0.448,0.45,0.452,0.454,0.456,0.458,0.46],"bp":[-0.2942736658625974,-0.36869112984942354,0.42898857371783794,0.48041320623733774,-0.5190836685829335,-0.5543593453020194,-0.5843872688736697,0.6107995045542892,-0.6348056195716679,0.6560575042859651,-0.675231335204592,0.6926243867322239,0.7084806072578371,0.7230258769848239,-0.7363848427171115,0.748716611292191,-0.7601521547667909,0.7707445687102544,-0.7806362201828407,-0.7898488867871504,-0.7984725607133034,0.8065553683206447,-0.8141489439035449,0.8212885961454847,-0.8280218768889043,-0.8343757513072241],"Onsager":[0.0,0.0,0.0,0.0,0.0,0.0,0.0,0.0,0.0,0.0,0.0,0.0,0.0,0.0,0.0,0.0,0.5902548147789943,0.6615965276779904,0.7007295585620439,0.7281442721290914,0.7493226125323768,0.7665870063121494,0.7811504106461703,0.7937302633057074,0.8047878457654812,0.8146381332315973]}