{"bmps":[0.0005718745279601088,0.0010693883862050045,0.0021728369662280876,0.005431928084772002,0.025027267851618885,0.031801386164448706,0.04172824255860795,0.057015589260164846,0.08189861593601021,0.12462887257293598,0.20026135387962674,0.3280953618712381,0.5017184673452529,0.6545504146500722,0.7417871723222711,0.7869723820631237,0.8151371596238759,0.8358714613860286,0.8524175705937923,0.8661513205821959,0.8778233281566509,0.8879090477041418,0.8967346985984769,0.9045354026644946,0.9114867034314253,0.9540210156707636,0.9736535429568474,0.9841495684348858,0.9901803427913523,0.9937969856350845,0.9960275934174553,0.9974304969769887,0.9983254207460694,0.998902364842526,0.9992773166798601],"betas":[0.2,0.25,0.3,0.35,0.4,0.405,0.41,0.415,0.42,0.425,0.43,0.435,0.44,0.445,0.45,0.455,0.46,0.465,0.47,0.475,0.48,0.485,0.49,0.495,0.5,0.55,0.6,0.65,0.7,0.75,0.8,0.85,0.9,0.95,1.0],"bp":[6.621844515786261e-17,5.1748144866822836e-17,-4.1116108595690564e-16,-1.6262871607320639e-16,-1.5352658884604042e-12,2.2293796412223896e-11,-2.5583252498536874e-10,-8.958242909132224e-10,1.9137291904860864e-8,2.497047456288743e-8,9.121785952035858e-8,-3.1925703020627272e-6,-0.5140306211355745,-0.687388993305018,-0.7503101789848268,0.7880021577276488,0.814779139814114,0.8353838227108629,0.8519938825410955,-0.8658011178338157,0.8775316867876893,-0.8876618514760156,0.896521384896251,0.904348359878849,-0.9113204362216405,-0.9539446538781781,0.9736086679459851,-0.9841216533281694,-0.9901625386773428,-0.9937854331777795,0.9960199928264576,0.02161612683824839,0.9983220232735366,0.9386305139668111,-0.9992757519570613],"Onsager":[0.0,0.0,0.0,0.0,0.0,0.0,0.0,0.0,0.0,0.0,0.0,0.0,0.0,0.6832363749366663,0.7493226125323768,0.7876551021902242,0.8146381332315973,0.8353202281964812,0.8519628209185037,0.8657849926713775,0.8775229090307951,0.8876568891362632,0.896518491573338,0.9043466289538622,0.911319377877496,0.953944637662459,0.9736086674403005,0.9841216533060452,0.9901625386761564,0.993785433177707,0.9960199928264506,0.9974254389238487,0.9983220232735375,0.9989000658204624,0.9992757519570612]}