{"bmps":[0.04128840355336524,0.0463585984419849,0.05236139667103172,0.05951422601105067,0.06809096569775061,0.07843582194083908,0.09097887576251949,0.10625158238113298,0.12489822664894953,0.14767534503157953,0.1754248837556825,0.208998903364492,0.24910780769386193,0.2960711486614266,0.34948873590305257,0.4079335400422292,0.4688659447612152,0.5289721977579064,0.5849253795269356,0.6342415886044227,0.6757781303530154,0.709671887391163,0.736892227498106,0.7587311952667395,0.7764426703785612,0.7910704710238156],"betas":[0.41,0.412,0.414,0.416,0.418,0.42,0.422,0.424,0.426,0.428,0.43,0.432,0.434,0.436,0.438,0.44,0.442,0.444,0.446,0.448,0.45,0.452,0.454,0.456,0.458,0.46],"bp":[1.1864969758762867e-9,-5.729664912621188e-9,-6.2677825888951065e-9,2.742649188737276e-8,-2.434192022517437e-8,-4.787332051169296e-9,-2.785165700907075e-8,-4.5157731749171495e-8,1.0877239093837868e-7,1.495558488162427e-7,-7.585418488653403e-7,9.770378319683925e-9,-7.417418061890752e-6,3.651937765054756e-5,0.1952317149870183,0.5091170468362615,-0.6094576495345904,0.6648444951694904,0.7014807790287295,0.7283428693316333,0.7493794628113073,-0.7666042160758173,0.7811558563393641,-0.7937320546959316,-0.804788457262509,-0.8146383496932784],"Onsager":[0.0,0.0,0.0,0.0,0.0,0.0,0.0,0.0,0.0,0.0,0.0,0.0,0.0,0.0,0.0,0.0,0.5902548147789943,0.6615965276779904,0.7007295585620439,0.7281442721290914,0.7493226125323768,0.7665870063121494,0.7811504106461703,0.7937302633057074,0.8047878457654812,0.8146381332315973]}