{"bmps":[0.000570659422510236,0.001055325270148581,0.0020395769850664143,0.0042048734343637555,0.009125494646010665,0.009867452063733293,0.010666892392312473,0.01152656195829874,0.012448915435350092,0.013436012627925155,0.014489407372162028,0.01561003253360557,0.016798086518973847,0.01805292806803423,0.01937298714507505,0.020755700272063197,0.022197478410652807,0.023693714334343606,0.025238834273891425,0.026826395557137166,0.028449228262236163,0.030099614983058433,0.03176949918004931,0.03345070979004264,0.03513518821346583,0.050802622624693546,0.06285290114970364,0.07223621577713078,0.08023385690975048,0.08749956410286516,0.09434004193182914,0.10091271487878363,0.10730695062193052,0.11357734293640437,0.11975890621169923],"betas":[0.2,0.25,0.3,0.35,0.4,0.405,0.41,0.415,0.42,0.425,0.43,0.435,0.44,0.445,0.45,0.455,0.46,0.465,0.47,0.475,0.48,0.485,0.49,0.495,0.5,0.55,0.6,0.65,0.7,0.75,0.8,0.85,0.9,0.95,1.0],"bp":[5.668211105507138e-12,7.183944442119968e-10,-6.237492772463949e-9,-1.0580011449271724e-7,-1.2533729793359382e-5,-2.0658118712152665e-5,5.964026743500596e-5,9.064492340676733e-5,-0.016146645000801943,-0.29338765379084164,-0.5111030680411179,0.618557798236582,-0.6865207387142791,-0.7342111524635564,0.7698191995757035,0.7975633849495981,0.8198659549345918,-0.838230433547107,0.8536440427312143,-0.8667833606447347,0.8781286353226007,0.8880308131723219,0.8967526830619538,-0.9044951136725299,0.9114145257087539,0.9539462674511726,-0.9736087094293701,0.9841216546980306,-0.9901625387384334,-0.9937854331822523,-0.9960199928269572,0.9974254389235211,-0.9983220232734293,0.9989000658204961,-0.9992757519570744],"Onsager":[0.0,0.0,0.0,0.0,0.0,0.0,0.0,0.0,0.0,0.0,0.0,0.0,0.0,0.6832363749366663,0.7493226125323768,0.7876551021902242,0.8146381332315973,0.8353202281964812,0.8519628209185037,0.8657849926713775,0.8775229090307951,0.8876568891362632,0.896518491573338,0.9043466289538622,0.911319377877496,0.953944637662459,0.9736086674403005,0.9841216533060452,0.9901625386761564,0.993785433177707,0.9960199928264506,0.9974254389238487,0.9983220232735375,0.9989000658204624,0.9992757519570612]}