{"bmps":[0.0005718745279601088,0.0010693883862051268,0.0021728369662274323,0.005431928085055851,0.025027268924474527,0.03180138567926656,0.04172822539128304,0.05701546890085675,0.08189799177084837,0.1246262381784376,0.2002531779519441,0.3280790525193358,0.5017144377504988,0.6545877372647932,0.741831045600847,0.7869983766658176,0.8151498796747566,0.8358774758159093,0.8524204727448398,0.8661527663232749,0.8778240715815918,0.8879094598042038,0.8967349226585225,0.9045355312750292,0.9114867778337892,0.9540210162937476,0.9736535429677978,0.9841495684351692,0.9901803427913625,0.9937969856350848,0.9960275934174553,0.9974304969769887,0.9983254207460692,0.998902364842526,0.9992773166798601],"betas":[0.2,0.25,0.3,0.35,0.4,0.405,0.41,0.415,0.42,0.425,0.43,0.435,0.44,0.445,0.45,0.455,0.46,0.465,0.47,0.475,0.48,0.485,0.49,0.495,0.5,0.55,0.6,0.65,0.7,0.75,0.8,0.85,0.9,0.95,1.0],"bp":[1.7626981492902588e-16,3.942983849677844e-17,-9.368690591019349e-16,1.3842503674365685e-16,2.284959479498273e-12,-1.9328350264172175e-11,-1.0839594015926285e-11,1.554676601526084e-10,-7.509363373328838e-10,1.1622720562876317e-8,-2.5700927628461503e-9,-1.4702277450951539e-6,-0.49236900950449086,-0.6841169764136322,0.7492885904926525,-0.7876482510909942,-0.8146385696602481,-0.8353209031647119,0.8519631647811022,0.865785148363904,-0.8775229799198361,0.887656922756476,0.8965185079774359,-0.9043466372284534,-0.9113193821741983,-0.9539446376790449,-0.9736086674404646,0.9841216533060478,-0.9901625386761562,-0.993785433177707,-0.9960199928264577,-0.9974254389238494,-0.9983220232735376,-0.9989000658204624,-0.9992757519570615],"Onsager":[0.0,0.0,0.0,0.0,0.0,0.0,0.0,0.0,0.0,0.0,0.0,0.0,0.0,0.6832363749366663,0.7493226125323768,0.7876551021902242,0.8146381332315973,0.8353202281964812,0.8519628209185037,0.8657849926713775,0.8775229090307951,0.8876568891362632,0.896518491573338,0.9043466289538622,0.911319377877496,0.953944637662459,0.9736086674403005,0.9841216533060452,0.9901625386761564,0.993785433177707,0.9960199928264506,0.9974254389238487,0.9983220232735375,0.9989000658204624,0.9992757519570612]}