{"bmps":[0.03235338459858729,0.035052172009776575,0.0380265267604734,0.04130550624994754,0.04492057693261413,0.04890553622762065,0.05329631681451432,0.05813063577186782,0.06344744580587175,0.06928614269387526,0.07568548399335052,0.08268218148410335,0.09030914679553294,0.09859339864727948,0.10755368357902088,0.11719791908167072,0.12752063495319269,0.1385006562541477,0.15009932493583464,0.16225957869252364,0.1749061767826138,0.18794727180044377,0.20127737551269434,0.21478157545099394,0.22834066323502059,0.24183668009108916],"betas":[0.41,0.412,0.414,0.416,0.418,0.42,0.422,0.424,0.426,0.428,0.43,0.432,0.434,0.436,0.438,0.44,0.442,0.444,0.446,0.448,0.45,0.452,0.454,0.456,0.458,0.46],"bp":[-5.839094252990508e-8,2.9408491433852627e-8,3.119062623859618e-10,1.162069078529813e-9,-3.7221260397928446e-9,4.129301169627452e-13,8.719966466455272e-12,9.562153040496604e-11,-6.678924999569163e-6,-1.569363526757697e-5,3.052488366683957e-5,0.0008662654183033857,0.06322334191270557,-0.3765731629021159,0.5122212442067835,-0.5894348097744249,0.6412678990698311,0.6791450429556174,-0.7083756030675297,-0.7318274241703857,0.7512038577503225,0.7675864089202786,0.7816967417499009,0.7940355937339005,-0.8049615878041059,-0.8147384433673855],"Onsager":[0.0,0.0,0.0,0.0,0.0,0.0,0.0,0.0,0.0,0.0,0.0,0.0,0.0,0.0,0.0,0.0,0.5902548147789943,0.6615965276779904,0.7007295585620439,0.7281442721290914,0.7493226125323768,0.7665870063121494,0.7811504106461703,0.7937302633057074,0.8047878457654812,0.8146381332315973]}