{"bmps":[0.0005276762996166485,0.0008798653090614482,0.0014202032729859703,0.002228361482746679,0.0033876557970181614,0.003525437639429688,0.0036673383454183506,0.003813368249554375,0.003963528090335188,0.004117808520908021,0.004276189666963497,0.004438640740424444,0.004605119717319405,0.004775573087973957,0.004949935687067165,0.005128130610346846,0.005310069223908929,0.0054956512706960114,0.005684765077683019,0.005877287865658803,0.006073086161840339,0.006272016314105624,0.006473925103533858,0.006678650450541899,0.006886022207970169,0.009064004400711373,0.011297875145413827,0.013434716273019396,0.015402273962685948,0.017196199177000073,0.01884493095293404,0.0203836880261993,0.021842944860825175,0.023245737373297496,0.024608481843724137],"betas":[0.2,0.25,0.3,0.35,0.4,0.405,0.41,0.415,0.42,0.425,0.43,0.435,0.44,0.445,0.45,0.455,0.46,0.465,0.47,0.475,0.48,0.485,0.49,0.495,0.5,0.55,0.6,0.65,0.7,0.75,0.8,0.85,0.9,0.95,1.0],"bp":[-8.177569028052866e-10,1.0028188017948347e-7,6.920285724542082e-7,5.739831760607909e-6,-0.014816640292685248,0.07608636056718215,0.2888092756831244,-0.4589873329582866,0.5540268813827373,-0.6227049167001888,0.6752285937967107,0.715927266421589,0.7487156049804812,0.7757799343241962,0.798471960613059,0.8177721091342799,0.8343760818311441,-0.8487992058957606,-0.8614345436009846,-0.8725842428114872,0.8824859949977333,-0.8913287079484311,0.8992658416704834,-0.9064218679572604,-0.9128997865199198,-0.9540831328125746,0.9736249390122833,0.9841238842193455,0.9901628758970739,-0.9937854877046365,0.9960200020969742,0.9974254405561518,-0.9983220235690898,-0.9989000658908681,0.9992757519709996],"Onsager":[0.0,0.0,0.0,0.0,0.0,0.0,0.0,0.0,0.0,0.0,0.0,0.0,0.0,0.6832363749366663,0.7493226125323768,0.7876551021902242,0.8146381332315973,0.8353202281964812,0.8519628209185037,0.8657849926713775,0.8775229090307951,0.8876568891362632,0.896518491573338,0.9043466289538622,0.911319377877496,0.953944637662459,0.9736086674403005,0.9841216533060452,0.9901625386761564,0.993785433177707,0.9960199928264506,0.9974254389238487,0.9983220232735375,0.9989000658204624,0.9992757519570612]}