{"bmps":[0.0005718745274373812,0.0010693881121970079,0.002172764269475348,0.005418204211515099,0.02213916329533016,0.026642804318175953,0.03235338459858729,0.03962602779751497,0.04890553622762065,0.06072626639494046,0.07568548399335052,0.09436771691467535,0.11719791908167072,0.1442257911453072,0.1749061767826138,0.20801512760440236,0.24183668009108916,0.2745990717642067,0.30493665252699464,0.3321290405837447,0.35605504375926844,0.3769835546943552,0.39535439806722544,0.4116283445737246,0.4262128243426557,0.5253254155418682,0.5894765601899348,0.6392065069765158,0.6804852069939417,0.7159283951691742,0.7469309741500342,0.7743391169954154,0.7987187553964225,0.8204794900882222,0.8399374691615074],"betas":[0.2,0.25,0.3,0.35,0.4,0.405,0.41,0.415,0.42,0.425,0.43,0.435,0.44,0.445,0.45,0.455,0.46,0.465,0.47,0.475,0.48,0.485,0.49,0.495,0.5,0.55,0.6,0.65,0.7,0.75,0.8,0.85,0.9,0.95,1.0],"bp":[3.499750048425905e-16,-1.6796936779687586e-16,-7.752874004938623e-15,-3.4298476111201534e-11,-7.810515212708466e-9,-3.1207196621636705e-8,5.7191585096308106e-8,-2.2045288616417756e-9,-3.46598925631883e-9,3.7845672447812506e-6,-0.0002064973208518161,0.2526419374070576,-0.5894345422096722,0.6946251573975015,-0.7512038670908425,-0.7880625281656118,0.8147384436130756,0.8353469592654006,-0.8519703545185826,-0.8657872081204027,0.8775235832074287,-0.8876571003315303,0.896518559050126,-0.9043466512043656,0.9113193852827963,-0.953944637659907,-0.9736086674402835,-0.9841216533060477,0.9901625386761573,-0.993785433177707,0.9960199928264573,-0.9974254389238495,0.9983220232735364,-0.9989000658204624,0.9992757519570616],"Onsager":[0.0,0.0,0.0,0.0,0.0,0.0,0.0,0.0,0.0,0.0,0.0,0.0,0.0,0.6832363749366663,0.7493226125323768,0.7876551021902242,0.8146381332315973,0.8353202281964812,0.8519628209185037,0.8657849926713775,0.8775229090307951,0.8876568891362632,0.896518491573338,0.9043466289538622,0.911319377877496,0.953944637662459,0.9736086674403005,0.9841216533060452,0.9901625386761564,0.993785433177707,0.9960199928264506,0.9974254389238487,0.9983220232735375,0.9989000658204624,0.9992757519570612]}