{"bmps":[0.0005718745279467222,0.0010693883681613316,0.0021728260795664494,0.00542762892778126,0.023230297773823204,0.028376052202134197,0.03509719803035748,0.04394969368548783,0.05567454276693194,0.07122295145401757,0.09173255981641125,0.11838776312050645,0.1520777061835986,0.19282868045766766,0.23922150046023682,0.2883036847286318,0.33639433053233825,0.3804096201665273,0.4187526445533488,0.4512815334304092,0.4787163258021636,0.502048592076223,0.5222019470941031,0.5399135310207682,0.5557317553739339,0.6618950994221996,0.7272752931903376,0.7750083117475416,0.8122741517102089,0.8423738551331967,0.8671561872400428,0.8877952164597969,0.9051046279873286,0.9196847555919027,0.9319988258665332],"betas":[0.2,0.25,0.3,0.35,0.4,0.405,0.41,0.415,0.42,0.425,0.43,0.435,0.44,0.445,0.45,0.455,0.46,0.465,0.47,0.475,0.48,0.485,0.49,0.495,0.5,0.55,0.6,0.65,0.7,0.75,0.8,0.85,0.9,0.95,1.0],"bp":[1.4781148108704827e-16,1.9764748790018074e-18,-9.294688470810932e-15,-3.668118914014846e-13,-7.040564767426337e-9,1.4454257485565246e-8,-2.8666399927126396e-8,-8.57316044835187e-8,-2.1579938413933809e-7,-9.651824266291095e-7,-0.00011880123546538969,-0.08986270779564139,0.5753471813168543,-0.6916917040364,-0.7504622007996965,-0.7878594821361937,-0.8146801021266865,0.8353296085275425,-0.85196504885878,-0.8657855464898658,-0.8775230520905312,0.8876569273152898,-0.8965185020063147,0.9043466317636102,0.9113193787226106,-0.9539446376608594,-0.9736086674402955,0.9841216533060475,0.9901625386761574,0.9937854331777081,-0.9960199928264579,0.9974254389238492,0.9983220232735364,0.9989000658204628,0.9992757519570615],"Onsager":[0.0,0.0,0.0,0.0,0.0,0.0,0.0,0.0,0.0,0.0,0.0,0.0,0.0,0.6832363749366663,0.7493226125323768,0.7876551021902242,0.8146381332315973,0.8353202281964812,0.8519628209185037,0.8657849926713775,0.8775229090307951,0.8876568891362632,0.896518491573338,0.9043466289538622,0.911319377877496,0.953944637662459,0.9736086674403005,0.9841216533060452,0.9901625386761564,0.993785433177707,0.9960199928264506,0.9974254389238487,0.9983220232735375,0.9989000658204624,0.9992757519570612]}