{"betas":[0.41,0.412,0.414,0.416,0.418,0.42,0.422,0.424,0.426,0.428,0.43,0.432,0.434,0.436,0.438,0.44,0.442,0.444,0.446,0.448,0.45,0.452,0.454,0.456,0.458,0.46],"bp":[-3.8719028208580256e-7,-9.356298583824559e-8,-1.5317213505053812e-6,1.2079425229603359e-6,3.155768417878302e-6,8.348362951591039e-6,-2.63158293606928e-5,2.2158789938974063e-5,-4.281211444174734e-5,-0.0009291349423865697,0.012810105739206941,-0.13565911802856007,0.3655071515790704,-0.4896046452290197,-0.5654943691289882,0.6185187013745733,-0.6583064153805661,-0.6895532652231104,0.7149100384977891,-0.736010815540306,-0.753921490334583,-0.7693720862788449,0.7828809959054721,-0.7948271104009916,-0.8054941077433868,-0.815098846321275],"Onsager":[0.0,0.0,0.0,0.0,0.0,0.0,0.0,0.0,0.0,0.0,0.0,0.0,0.0,0.0,0.0,0.0,0.5902548147789943,0.6615965276779904,0.7007295585620439,0.7281442721290914,0.7493226125323768,0.7665870063121494,0.7811504106461703,0.7937302633057074,0.8047878457654812,0.8146381332315973]}