{"bmps":[0.041728251400743266,0.047023933504656376,0.05336760970753995,0.0610351970377479,0.07038783692191153,0.08189874337085606,0.09618603145409339,0.11404915279430836,0.1365007885945174,0.16477398367417637,0.2002624040668486,0.24432029647603173,0.29782710538583246,0.3604740748640892,0.42996366785489265,0.5017182970853952,0.5698244209525632,0.6291206889434771,0.6770498854564865,0.713921938581884,0.7417798127681703,0.7630591931591304,0.7798110758792618,0.7934964819047912,0.8050702240491754,0.8151345501684601],"betas":[0.41,0.412,0.414,0.416,0.418,0.42,0.422,0.424,0.426,0.428,0.43,0.432,0.434,0.436,0.438,0.44,0.442,0.444,0.446,0.448,0.45,0.452,0.454,0.456,0.458,0.46],"bp":[-1.672485204190428e-9,-2.6560288525431528e-9,4.619868782773738e-9,-1.4165869135020895e-8,1.0952973013314518e-8,5.329810531401893e-8,8.647843683703185e-8,-4.926140810846009e-8,-4.42197888177463e-8,7.196341796004239e-8,1.0579091389266098e-6,6.887525664095015e-7,-2.5703826616069204e-6,-2.149943755771462e-5,-0.02410252165697491,-0.48424670081232724,-0.6038874932962466,-0.6633344924320715,-0.7010398764933107,-0.7282085457074094,0.7493372128898335,-0.766590564479929,-0.7811513283741743,-0.7937305099416647,-0.8047879112780684,-0.8146381473389547],"Onsager":[0.0,0.0,0.0,0.0,0.0,0.0,0.0,0.0,0.0,0.0,0.0,0.0,0.0,0.0,0.0,0.0,0.5902548147789943,0.6615965276779904,0.7007295585620439,0.7281442721290914,0.7493226125323768,0.7665870063121494,0.7811504106461703,0.7937302633057074,0.8047878457654812,0.8146381332315973]}