{"bmps":[0.03509719803035748,0.038345468253951354,0.041976064448538235,0.04603752602978277,0.05058382862216946,0.05567454276693194,0.06137477939728298,0.06775481893591215,0.0748892941522678,0.08285577166177331,0.09173255981641125,0.10159557247528472,0.11251411315424889,0.12454553027679593,0.137728848077458,0.1520777061835986,0.16757323074746333,0.18415776465907402,0.20173061883663626,0.22014705831265724,0.23922150046023682,0.2587353349050054,0.27844894561884787,0.29811662244188103,0.31750236356187433,0.33639433053233825],"betas":[0.41,0.412,0.414,0.416,0.418,0.42,0.422,0.424,0.426,0.428,0.43,0.432,0.434,0.436,0.438,0.44,0.442,0.444,0.446,0.448,0.45,0.452,0.454,0.456,0.458,0.46],"bp":[-1.437290851295813e-7,2.923929077749576e-8,2.1457317580573252e-7,1.112802519492758e-7,-6.122679876756772e-7,-1.646528308311584e-7,-5.285142708148141e-7,-6.526778860823308e-7,4.6761587689316784e-7,-1.0314872696843057e-5,4.7881530068658486e-5,4.367203539642263e-5,-0.0033099650523873768,-0.23869198061339897,0.4815161282131843,-0.575346607247509,0.6340394502306004,-0.6752193479833987,0.7061688005782716,-0.7305584212058905,0.7504622002320871,0.7671476381482988,-0.7814347939289067,-0.7938779049726024,-0.8048659493195919,0.8146801017683476],"Onsager":[0.0,0.0,0.0,0.0,0.0,0.0,0.0,0.0,0.0,0.0,0.0,0.0,0.0,0.0,0.0,0.0,0.5902548147789943,0.6615965276779904,0.7007295585620439,0.7281442721290914,0.7493226125323768,0.7665870063121494,0.7811504106461703,0.7937302633057074,0.8047878457654812,0.8146381332315973]}