{"bmps":[0.000570659422510236,0.0010553252701486964,0.002039576985066329,0.004204873434354284,0.00912549464572678,0.009867452063369959,0.010666892391856388,0.011526561957739944,0.012448915434679965,0.0134360126271409,0.014489407371272313,0.015610032532630984,0.016798086517948826,0.018052928067007017,0.01937298714411432,0.0207557002712534,0.022197478410096172,0.023693714334151773,0.025238834274181006,0.02682639555802551,0.028449228263826277,0.030099614985444285,0.0317694991832922,0.033450709794176185,0.03513518821848766,0.050802622633008186,0.06285290115314543,0.07223621577787548,0.08023385690987168,0.0874995641028714,0.09434004193182553,0.10091271487878406,0.10730695062193209,0.1135773429364015,0.11975890621169769],"betas":[0.2,0.25,0.3,0.35,0.4,0.405,0.41,0.415,0.42,0.425,0.43,0.435,0.44,0.445,0.45,0.455,0.46,0.465,0.47,0.475,0.48,0.485,0.49,0.495,0.5,0.55,0.6,0.65,0.7,0.75,0.8,0.85,0.9,0.95,1.0],"bp":[-3.601294737653658e-12,-2.57257357528559e-10,-1.0836150680031237e-9,-2.1346055116653962e-8,-1.332037562629616e-5,-1.9161264476215805e-5,-3.187894538631713e-5,-0.0002612201148199842,-0.012855992419157114,0.3058813710097063,-0.5130090749121584,-0.6194747404317866,0.6869888762805771,-0.7344779849748917,-0.7699800011009224,0.7976651827213158,0.8199335016111888,-0.8382772778573756,0.8536778510185872,0.8668086868684911,-0.8781482295485487,-0.888046400210857,-0.8967653259264058,0.9045055265359663,-0.9114231915824469,0.9539477048358499,-0.9736088888921574,0.9841216741928128,0.9901625409305275,-0.9937854334501279,-0.9960199928619998,0.9974254389283419,-0.9983220232741107,-0.9989000658205476,-0.9992757519570744],"Onsager":[0.0,0.0,0.0,0.0,0.0,0.0,0.0,0.0,0.0,0.0,0.0,0.0,0.0,0.6832363749366663,0.7493226125323768,0.7876551021902242,0.8146381332315973,0.8353202281964812,0.8519628209185037,0.8657849926713775,0.8775229090307951,0.8876568891362632,0.896518491573338,0.9043466289538622,0.911319377877496,0.953944637662459,0.9736086674403005,0.9841216533060452,0.9901625386761564,0.993785433177707,0.9960199928264506,0.9974254389238487,0.9983220232735375,0.9989000658204624,0.9992757519570612]}