{"betas":[0.2,0.25,0.3,0.35,0.4,0.405,0.41,0.415,0.42,0.425,0.43,0.435,0.44,0.445,0.45,0.455,0.46,0.465,0.47,0.475,0.48,0.485,0.49,0.495,0.5,0.55,0.6,0.65,0.7,0.75,0.8,0.85,0.9,0.95,1.0],"bp":[3.4247605197603944e-16,-2.2742444188485785e-16,-1.7192572875314615e-15,-9.392502093007326e-13,-6.993477987706359e-9,2.1035322818560584e-9,-1.1005099491222742e-8,-7.029844898591965e-8,-7.362918090589534e-8,-1.18453109989576e-6,4.071956423414541e-6,0.025420519644490276,0.5668902381515065,-0.6902287054856899,-0.7501471209825042,0.7877856748313905,-0.8146619241554078,0.8353249634369958,0.8519638259268656,-0.8657852162742871,-0.8775229608348641,-0.887656901513569,-0.8965184945780461,-0.9043466296518693,0.9113193781136608,null,null,null,null,null,null,null,null,null,null],"Onsager":[0.0,0.0,0.0,0.0,0.0,0.0,0.0,0.0,0.0,0.0,0.0,0.0,0.0,0.6832363749366663,0.7493226125323768,0.7876551021902242,0.8146381332315973,0.8353202281964812,0.8519628209185037,0.8657849926713775,0.8775229090307951,0.8876568891362632,0.896518491573338,0.9043466289538622,0.911319377877496,0.953944637662459,0.9736086674403005,0.9841216533060452,0.9901625386761564,0.993785433177707,0.9960199928264506,0.9974254389238487,0.9983220232735375,0.9989000658204624,0.9992757519570612]}