{"bmps":[0.0005677922891288645,0.0010353061210124166,0.0019306142941171737,0.0037102956481068765,0.007224658873699061,0.007715715662029177,0.008236769580095579,0.008788743659299596,0.009372420186841939,0.009988410927728692,0.010637126755544688,0.011318747685455793,0.012033194494888341,0.012780103274911823,0.013558804355670997,0.014368307069507986,0.015207291736561204,0.01607411006539896,0.016966794853237984,0.01788307945399066,0.018820426980753747,0.019776068659015822,0.020747050190232527,0.021730284477883263,0.02272260865480702,0.03250523883862462,0.04082827250844954,0.04752791972883387,0.053180767287289404,0.058238009056123134,0.06294932668689586,0.06744759141584071,0.07180715012569311,0.07607242088858128,0.08027145751668226],"betas":[0.2,0.25,0.3,0.35,0.4,0.405,0.41,0.415,0.42,0.425,0.43,0.435,0.44,0.445,0.45,0.455,0.46,0.465,0.47,0.475,0.48,0.485,0.49,0.495,0.5,0.55,0.6,0.65,0.7,0.75,0.8,0.85,0.9,0.95,1.0],"bp":[-5.803244376082039e-10,4.719665983346674e-11,-2.8432715293288366e-8,-8.327570731902651e-8,-4.839136852805893e-5,-4.5259214083357183e-5,-9.877706517982598e-5,0.008646453316489451,0.1620353636775911,-0.4247863928517195,-0.5662859818256083,0.6468698772082775,-0.7026637411351248,0.7439899322212277,0.7759722198869549,0.8015412928091252,0.8224905373817052,0.8399890746058262,-0.854837085393822,0.8676007468056822,0.8786933194970998,-0.8884236991649577,-0.8970276981424334,0.9046886628677824,-0.9115513882499692,0.9539514543818071,0.9736089579712541,0.9841216685413517,0.9901625396074428,0.9937854332399483,-0.9960199928318102,0.9974254389242915,0.9983220232730851,-0.9989000658203715,0.9992757519571559],"Onsager":[0.0,0.0,0.0,0.0,0.0,0.0,0.0,0.0,0.0,0.0,0.0,0.0,0.0,0.6832363749366663,0.7493226125323768,0.7876551021902242,0.8146381332315973,0.8353202281964812,0.8519628209185037,0.8657849926713775,0.8775229090307951,0.8876568891362632,0.896518491573338,0.9043466289538622,0.911319377877496,0.953944637662459,0.9736086674403005,0.9841216533060452,0.9901625386761564,0.993785433177707,0.9960199928264506,0.9974254389238487,0.9983220232735375,0.9989000658204624,0.9992757519570612]}