{"betas":[0.2,0.25,0.3,0.35,0.4,0.405,0.41,0.415,0.42,0.425,0.43,0.435,0.44,0.445,0.45,0.455,0.46,0.465,0.47,0.475,0.48,0.485,0.49,0.495,0.5,0.55,0.6,0.65,0.7,0.75,0.8,0.85,0.9,0.95,1.0,1.05,1.1,1.15,1.2,1.25,1.3,1.35,1.4,1.45,1.5],"bp":[-4.617120132799279e-15,-1.3294759553053924e-12,1.0743747668620153e-10,-4.869846800480458e-9,7.166290794985927e-8,-1.3768358756456827e-6,-1.64245326814718e-6,-9.916994865293723e-6,-2.4916976406143973e-5,9.589744273105281e-5,-0.09614045089876508,-0.5040283738264463,-0.6373761672810386,0.7098599489468386,-0.7568312333096333,-0.790309274573141,-0.8156821067630348,0.8357585713471012,0.8521554033272634,-0.8658725268761306,0.8775637814493018,0.8876763981761578,0.8965279789158809,0.9043513173709243,0.9113217276637036,0.9539446416640073,0.9736086674444833,0.9841216533058381,0.9901625386760504,-0.9937854331777175,0.9960199928264519,-0.9974254389238482,-0.9983220232735375,-0.9989000658204625,-0.9992757519570608,0.9995214459957265,0.9996829115439018,-0.9997894326674376,-0.999859921470595,-0.9999066806626418,0.9999377596860737,-0.9999584494644742,0.9999722406209596,0.9999814429220625,0.9999875884375178],"Onsager":[0.0,0.0,0.0,0.0,0.0,0.0,0.0,0.0,0.0,0.0,0.0,0.0,0.0,0.6832363749366663,0.7493226125323768,0.7876551021902242,0.8146381332315973,0.8353202281964812,0.8519628209185037,0.8657849926713775,0.8775229090307951,0.8876568891362632,0.896518491573338,0.9043466289538622,0.911319377877496,0.953944637662459,0.9736086674403005,0.9841216533060452,0.9901625386761564,0.993785433177707,0.9960199928264506,0.9974254389238487,0.9983220232735375,0.9989000658204624,0.9992757519570612,0.9995214459957255,0.9996829115439011,0.9997894326674381,0.9998599214705941,0.9999066806626417,0.999937759686074,0.999958449464474,0.9999722406209591,0.9999814429220627,0.9999875884375184]}