{"Onsager":[0.0,0.0,0.0,0.0,0.0,0.0,0.0,0.0,0.8412425708832882,0.911319377877496,0.9435736022406157,0.962027582645824,0.9736086674403005,0.9812651931166286,0.9864996026214945,0.9901625386761564,0.9927699495803408,0.9946502443372127,0.9960199928264506,0.9970259020011376,0.9977694539518424,0.9983220232735375,0.9987344866058722,0.9990435086394142,0.9992757519570612,0.9994507520117636,0.9995829128297293,0.9996829115439011,0.9997586984619985,0.999816216241757,0.9998599214705941,0.9998931656981125,0.999918475538032,0.999937759686074,0.9999524626356637,0.9999636792753354,0.9999722406209591,0.9999787781475485,0.9999837721894512,0.9999875884375184],"betas":[0.2,0.23333333333333334,0.26666666666666666,0.30000000000000004,0.33333333333333337,0.3666666666666667,0.4,0.43333333333333335,0.4666666666666667,0.5,0.5333333333333333,0.5666666666666667,0.6000000000000001,0.6333333333333333,0.6666666666666667,0.7,0.7333333333333334,0.7666666666666666,0.8,0.8333333333333333,0.8666666666666667,0.8999999999999999,0.9333333333333333,0.9666666666666666,1.0,1.0333333333333334,1.0666666666666667,1.1,1.1333333333333333,1.1666666666666667,1.2,1.2333333333333332,1.2666666666666666,1.3,1.3333333333333333,1.3666666666666667,1.4,1.4333333333333333,1.4666666666666666,1.5],"bp":[-0.03891286918086871,-0.045664655403345876,-0.053459562089904114,-0.06407740396060245,-0.08116245143009684,-0.11142911263224266,-0.16671068676163917,-0.28300497152445575,-0.6845778986068525,0.8562572630830946,-0.9527615046740401,0.9525393170138053,-0.9788951912046424,-0.9852272245079773,0.9825086170628453,0.98709127387532,0.9903928221112053,-0.9959969198012217,-0.9970594522361119,-0.9978302454983006,-0.9983930795290445,0.9976286319983975,0.9981895048452777,-0.9993364215460365,-0.9995038128561624,0.9991847948910108,-0.999721338924303,-0.9997907945156909,-0.9998427850377416,-0.9998817557537646,-0.9999110017285006,-0.9999329720483237,0.99986809037314,-0.9999619212680863,-0.9999712805320653,-0.9999783316827048,-0.9999836465725165,-0.9999876544676934,-0.9999906779116472,-0.9999929594611663],"boundarymps":[-0.0389128622127608,-0.04566461223534235,-0.05345903900669416,-0.06407086134572426,-0.08109255677878839,-0.11077016386610362,-0.16076141361663338,-0.22911538406823329,-0.2766383228827481,-0.2547201657223018,-0.19676589854815094,-0.14462887357185178,-0.10580606791893749,-0.07759896235558565,-0.0568668748595619,-0.041343554908557234,-0.029502911181930172,-0.02031779385634785,-0.013084785590064447,-0.007311655877424277,-0.0026465522639165734,0.00116695368287136,0.0043189640930760345,0.006952516808769059,0.009176626260627712,0.011075301499376482,0.01271390445599918,0.014143712043939854,0.015405241284213585,0.016530707137938305,0.01754586227273223,0.01847138981867199,0.019323968477756782,0.02011709453170014,0.020861721470808562,0.021566761405728118,0.022239480753187053,0.02288581436698551,0.023510616261633657,0.024117860695306033]}