{"Onsager":[0.0,0.0,0.0,0.0,0.0,0.0,0.0,0.0,0.8412425708832882,0.911319377877496,0.9435736022406157,0.962027582645824,0.9736086674403005,0.9812651931166286,0.9864996026214945,0.9901625386761564,0.9927699495803408,0.9946502443372127,0.9960199928264506,0.9970259020011376,0.9977694539518424,0.9983220232735375,0.9987344866058722,0.9990435086394142,0.9992757519570612,0.9994507520117636,0.9995829128297293,0.9996829115439011,0.9997586984619985,0.999816216241757,0.9998599214705941,0.9998931656981125,0.999918475538032,0.999937759686074,0.9999524626356637,0.9999636792753354,0.9999722406209591,0.9999787781475485,0.9999837721894512,0.9999875884375184],"betas":[0.2,0.23333333333333334,0.26666666666666666,0.30000000000000004,0.33333333333333337,0.3666666666666667,0.4,0.43333333333333335,0.4666666666666667,0.5,0.5333333333333333,0.5666666666666667,0.6000000000000001,0.6333333333333333,0.6666666666666667,0.7,0.7333333333333334,0.7666666666666666,0.8,0.8333333333333333,0.8666666666666667,0.8999999999999999,0.9333333333333333,0.9666666666666666,1.0,1.0333333333333334,1.0666666666666667,1.1,1.1333333333333333,1.1666666666666667,1.2,1.2333333333333332,1.2666666666666666,1.3,1.3333333333333333,1.3666666666666667,1.4,1.4333333333333333,1.4666666666666666,1.5],"bp":[0.05481630972250212,0.0691009261615279,0.08442846294767617,0.09868339532428409,0.10550538637620237,0.087011771117684,-0.0062456106184481976,-0.2923740429418306,-0.7058815064093527,-0.8677248982196988,-0.9212263203397041,-0.9480444404927818,-0.9641878974503293,-0.9746602622145096,-0.9817438403921168,-0.9866720122290913,-0.9901711893682478,-0.9926941846355681,-0.9945351242996114,-0.9958911277610082,-0.9968975629952024,-0.9976492089838664,-0.9982134658754486,-0.9986388768538444,-0.9989607718515816,-0.999205089245333,-0.9993910121450834,-0.9995328156776807,-0.9996411786573204,-0.9997241255509122,-0.9997877095316082,-0.9998365119340377,-0.9998740100997039,-0.9999028499880575,-0.9999250493054038,-0.9999421495768295,-0.9999553304620311,-0.9999654959989343,-0.9999733398729403,-0.9999793949488722],"boundarymps":[0.05481642845010712,0.06910190111082089,0.08443552719483272,0.09873055275647451,0.10580445152463647,0.08889339126188998,0.006288738426958628,-0.2147357584317789,-0.5501498818535296,-0.7828456253293672,-0.8794690976713309,-0.9213978417365096,-0.9445460394540567,-0.9594925548175921,-0.9698844368149829,-0.9773762018150327,-0.9828876073524494,-0.9869938835838077,-0.9900796891223087,-0.9924129110282417,-0.9941851327628942,-0.9955359055760398,-0.9965682281826923,-0.9973588630157151,-0.9979654388314939,-0.99843146255664,-0.9987899229446576,-0.9990659194513364,-0.9992786015751498,-0.9994426120294024,-0.9995691680438484,-0.9996668759237931,-0.9997423473275904,-0.9998006671632814,-0.9998457498494561,-0.9998806112202403,-0.9999075764612123,-0.999928439393372,-0.9999445846638034,-0.9999570815969991]}