{"Onsager":[0.0,0.0,0.0,0.0,0.0,0.0,0.0,0.0,0.8412425708832882,0.911319377877496,0.9435736022406157,0.962027582645824,0.9736086674403005,0.9812651931166286,0.9864996026214945,0.9901625386761564,0.9927699495803408,0.9946502443372127,0.9960199928264506,0.9970259020011376,0.9977694539518424,0.9983220232735375,0.9987344866058722,0.9990435086394142,0.9992757519570612,0.9994507520117636,0.9995829128297293,0.9996829115439011,0.9997586984619985,0.999816216241757,0.9998599214705941,0.9998931656981125,0.999918475538032,0.999937759686074,0.9999524626356637,0.9999636792753354,0.9999722406209591,0.9999787781475485,0.9999837721894512,0.9999875884375184],"betas":[0.2,0.23333333333333334,0.26666666666666666,0.30000000000000004,0.33333333333333337,0.3666666666666667,0.4,0.43333333333333335,0.4666666666666667,0.5,0.5333333333333333,0.5666666666666667,0.6000000000000001,0.6333333333333333,0.6666666666666667,0.7,0.7333333333333334,0.7666666666666666,0.8,0.8333333333333333,0.8666666666666667,0.8999999999999999,0.9333333333333333,0.9666666666666666,1.0,1.0333333333333334,1.0666666666666667,1.1,1.1333333333333333,1.1666666666666667,1.2,1.2333333333333332,1.2666666666666666,1.3,1.3333333333333333,1.3666666666666667,1.4,1.4333333333333333,1.4666666666666666,1.5],"bp":[0.1696372596207197,0.22643119601969486,0.28896301744670655,0.3543407615136431,0.4197949184619668,0.48341130424858736,0.5442166387423987,0.6016760054538615,0.6551914861046017,0.7040235370546903,0.7475601327066618,0.7855826389506297,0.818308504320195,0.8462475211603773,0.8700120953069659,0.890193396098072,0.9073098657923794,0.9218074904040507,0.9340819107007845,0.9444678715579194,0.9532522998074126,0.9606819883605262,0.9669651421791825,0.9722775436069685,0.9767667750777824,0.9805568869664466,0.9837525601708426,0.9864426154038713,0.9887028659947118,0.9905983297978316,0.9921843876138867,0.9935101401324814,0.9946155027240473,0.9955359183864861,0.9963012688891305,0.9969368452465458,0.9974642580311007,0.9979014821828052,0.9982636042356013,0.9985634435711023],"boundarymps":[0.16963730080220146,0.22643146060017025,0.28896442163898517,0.3543470157300981,0.41981704459968233,0.48346996849838547,0.5443257737316987,0.6017969348224101,0.6551900163954985,0.7037011836617004,0.7467743857534698,0.7843416283377306,0.8167369988947902,0.8444894778212642,0.8681744764956899,0.8883394262697657,0.9054773736864347,0.92002427675358,0.9323627029659155,0.9428253567271415,0.9516982517961716,0.9592245224446274,0.9656091663064974,0.9710243676985109,0.9756148334328352,0.9795026542060846,0.982791413371652,0.9855694775617516,0.987912552072334,0.9898856521027258,0.9915446467796944,0.9929375052986921,0.9941053374311282,0.9950832877150367,0.9959013187397366,0.9965849038534849,0.9971556411890498,0.9976317967395153,0.9980287824605136,0.9983595747962551]}