{"Onsager":[0.0,0.0,0.0,0.0,0.0,0.0,0.0,0.0,0.8412425708832882,0.911319377877496,0.9435736022406157,0.962027582645824,0.9736086674403005,0.9812651931166286,0.9864996026214945,0.9901625386761564,0.9927699495803408,0.9946502443372127,0.9960199928264506,0.9970259020011376,0.9977694539518424,0.9983220232735375,0.9987344866058722,0.9990435086394142,0.9992757519570612,0.9994507520117636,0.9995829128297293,0.9996829115439011,0.9997586984619985,0.999816216241757,0.9998599214705941,0.9998931656981125,0.999918475538032,0.999937759686074,0.9999524626356637,0.9999636792753354,0.9999722406209591,0.9999787781475485,0.9999837721894512,0.9999875884375184],"betas":[0.2,0.23333333333333334,0.26666666666666666,0.30000000000000004,0.33333333333333337,0.3666666666666667,0.4,0.43333333333333335,0.4666666666666667,0.5,0.5333333333333333,0.5666666666666667,0.6000000000000001,0.6333333333333333,0.6666666666666667,0.7,0.7333333333333334,0.7666666666666666,0.8,0.8333333333333333,0.8666666666666667,0.8999999999999999,0.9333333333333333,0.9666666666666666,1.0,1.0333333333333334,1.0666666666666667,1.1,1.1333333333333333,1.1666666666666667,1.2,1.2333333333333332,1.2666666666666666,1.3,1.3333333333333333,1.3666666666666667,1.4,1.4333333333333333,1.4666666666666666,1.5],"bp":[-0.0003226364496290061,-0.0001491131132051276,0.0003145036244222134,0.0013593875704648135,0.0036146648251329924,0.008558902082292411,0.020350557078602116,0.05916206114853594,0.5630409450143433,-0.8725162550420269,-0.9428447132265999,0.9618998210926827,0.9735400765547502,0.17760802885531907,0.9864616922332959,-0.9901906750884286,0.9927483740279499,0.9946339277223936,-0.9960322170768253,0.9970164841792766,0.9977622647083102,-0.9983274715672414,0.9987302606770871,0.9990402562272938,-0.9992782389082385,0.9994488132604548,0.9995814119792883,-0.9996840663459304,0.9997577952411191,0.9998155143588724,0.9998593755491345,0.9998927407605609,0.9999181445660497,-0.9999380159983476,-0.9999526624764457,-0.9999638351313485,0.9999721183217665,-0.999978872999088,0.9999836977523804,0.9999875303593723],"boundarymps":[-0.0003226406813580905,-0.00014915355138902408,0.0003141682501032069,0.0013568013085612093,0.0035948282896960566,0.008396521218139151,0.018844290187865695,0.0409976073814926,0.0782009560625972,0.11407643059703879,0.13693214694108016,0.15280193810272374,0.16610626659954242,0.17828196584077616,0.18981021512472135,0.2008964657480024,0.2116513039119795,0.22214429622222237,0.23242332301570545,0.242522997830082,0.2524690286659664,0.26228080658766434,0.27197309314761864,0.28155718767207166,0.29104176504759616,0.3004334913742894,0.3097374837309152,0.3189576576217724,0.3280969920139422,0.33715773309069175,0.3461415519554949,0.35504966742951016,0.3638829421993232,0.3726419584822093,0.38132707786247233,0.3899384888302739,0.39847624471816534,0.4069402941109435,0.41533050532328736,0.423646686189045]}