{"parameters":[[5000,-0.001,1.0e-8],[2000,-0.0001,1.0e-9]],"energies":[-3.3296467381987944,-3.3296468905383985,-3.329645328735721,-3.3296466611201647,-3.3296469783841234,-3.329647170095988,-3.329646395551718,-3.3296480714393972,-3.3296479573930453,-3.329648375648798,-3.3296482503115667,-3.329648251412168,-3.329648396837716,-3.3296486402990224,-3.3296484551031575,-3.3296492812485026,-3.32964890034489,-3.329650019003507,-3.3296494680091735,-3.3296500588307167,-3.329650288680505,-3.3296486339835902,-3.329650653016616,-3.3296493183776725,-3.3296505707267587,-3.329650517044178,-3.3296500553804007,-3.329649548231617,-3.329651274227772,-3.3296517295281003,-3.3296509619001844,-3.3296504267998115,-3.329651003754843,-3.3296503118046106,-3.329649630832079,-3.3296500442874892,-3.3296516386753128,-3.3296519960080806,-3.329652404586162,-3.3296512131509983,-3.32965121561537,-3.3296527356752827,-3.3296520488801526,-3.3296524230577154,-3.329652274037051,-3.329651647301243,-3.3296522080057773,-3.3296527662386683,-3.3296526609362047,-3.329651133552094,-3.3296505227532203,-3.3296531367630124,-3.3296535397352707,-3.3296536199450264,-3.3296547120276534,-3.3296540361724873,-3.329654561248426,-3.329653297016165,-3.3296535883777634,-3.3296554516789554,-3.3296553531543474,-3.329654829274074,-3.3296554764080266,-3.329654937715083,-3.3296551651914275,-3.3296548240553445,-3.329655267825699,-3.329655117726317,-3.329655322274366,-3.329654231079646,-3.329654854323497]}