{"parameters":[[10000,-0.001,1.0e-8],[1000,-0.0001,1.0e-9]],"runtime":1679.780918793,"energies":[-2.8449765290199283,-2.84506238015726,-2.845082986345773,-2.8450919447696488,-2.845096651692796,-2.8450992760544924,-2.8451008793457673,-2.845101656902772,-2.845102310116458,-2.8451027635618207,-2.8451030119867795,-2.8451032197637516,-2.8451032723378575,-2.845103291268657,-2.845103380648474,-2.845103445960331,-2.8451034379785467,-2.845103485364893,-2.845103509614249,-2.8451035193000878,-2.845103451291943,-2.8451034605871457,-2.8451033689287755,-2.845103531606085,-2.845103554327825,-2.845103614937895,-2.845103476608402,-2.84510363007611,-2.8451035996561354,-2.8451036047374023,-2.845103639963465,-2.8451035666865248,-2.8451035590017946,-2.8451035529820494,-2.845103552932459,-2.8451035143020675,-2.8451035851876676,-2.8451035699408775,-2.845103570270804,-2.8451035471511825,-2.8451036184869776,-2.8451035459343283,-2.8451036949884587,-2.8451037987208756,-2.845103852999311,-2.8451037939838453,-2.845103929470872,-2.845103893850125,-2.8451037980500162,-2.845103981925416,-2.845103877208558]}