{"parameters":[[5000,-0.001,1.0e-8],[2000,-0.0001,1.0e-9]],"runtime":11700.770473602,"energies":[-3.311421566201474,-3.312059874345353,-3.31232563021541,-3.312480930048591,-3.3125809015789107,-3.3126435809052697,-3.3126861450726155,-3.31271823140955,-3.312738890313014,-3.3127568822370392,-3.3127660335157603,-3.3127765992305283,-3.312782950687464,-3.3127865293122802,-3.3127918843468116,-3.312799584377148,-3.312803974511376,-3.3128151609251524,-3.312813123881997,-3.3128124133480554,-3.3128163254282823,-3.312816127389448,-3.3128159716501466,-3.3128163463608367,-3.312814068033645,-3.312813387962696,-3.3128172126813684,-3.3128195434193235,-3.3128179116883434,-3.3128142880273876,-3.3128132188032575,-3.3128155591773005,-3.312826642507996,-3.312816167869508,-3.312824119890748,-3.312820164486906,-3.3128237884154634,-3.3128249980219295,-3.3128208022967893,-3.3128272222598936,-3.3128242064042417,-3.312825361107078,-3.3128274290725734,-3.3128261569115964,-3.3128230033791857,-3.3128272775913894,-3.3128263865430094,-3.312822084600899,-3.3128191061836505,-3.312827477355171,-3.312826950185828,-3.312827513832062,-3.3128243995804683,-3.3128283135255443,-3.3128291541948083,-3.3128275284749877,-3.312828495643344,-3.3128236903338806,-3.312828518750119,-3.3128286813564456,-3.3128297219336083,-3.312827609454592,-3.3128267650303496,-3.312829282775156,-3.3128271537805483,-3.312829452591671,-3.3128271077697353,-3.3128284466570577,-3.3128285632343912,-3.312827284833527,-3.3128298392104836]}