{"parameters":[[5000,-0.001,1.0e-8],[2000,-0.0001,1.0e-9]],"runtime":6798.045161612,"energies":[-3.1944168222024514,-3.194415501953574,-3.1944142150155077,-3.1944149728283233,-3.19441502767776,-3.1944142182554534,-3.1944149934948403,-3.1944152225353073,-3.194414848441486,-3.1944150992454308,-3.19441367590448,-3.194413904061646,-3.1944145929291676,-3.1944139917264796,-3.1944149658604317,-3.1944147102172926,-3.194413808333098,-3.194415099313823,-3.1944161853500592,-3.1944158215001917,-3.1944137836761204,-3.1944159446163076,-3.1944144280160383,-3.1944155315852707,-3.194414105414074,-3.1944154507226687,-3.194413539892841,-3.1944136905315696,-3.1944150137066276,-3.194414108628243,-3.194413316161357,-3.1944153213161877,-3.194413722545341,-3.1944160248942612,-3.194415772436908,-3.194415014512008,-3.194413929886914,-3.1944149659431336,-3.194415179259389,-3.1944137748892985,-3.194415386242367,-3.1944143177806366,-3.1944155657885904,-3.1944147631900646,-3.1944162011476487,-3.1944146899043306,-3.194412941927069,-3.1944155507936096,-3.1944153224520284,-3.194415168526052,-3.1944136144478725,-3.1944145293725166,-3.1944150781025993,-3.1944140526846034,-3.1944153778840647,-3.194415871116655,-3.194415769867137,-3.1944150114322416,-3.194415307668432,-3.194414967963748,-3.19441529255124,-3.1944162036978567,-3.1944160600015072,-3.194417416687598,-3.1944160914028563,-3.1944153820476817,-3.1944173781765794,-3.19441692169002,-3.194415377227764,-3.1944168411475466,-3.1944167941129686]}