{"parameters":[[10000,-0.001,1.0e-8],[1000,-0.0001,1.0e-9],[200,-1.0e-5,1.0e-9]],"runtime":4235.47270224,"energies":[-3.23221170336006,-3.232656036413015,-3.232916656557515,-3.233112948395266,-3.2332671140663605,-3.2333932099504965,-3.2334951365225986,-3.2335783316594027,-3.2336454334378026,-3.233702014414325,-3.2337535389354506,-3.2337935531487076,-3.2338348994283943,-3.233860790661577,-3.2338867523917854,-3.233909213049545,-3.233929878794225,-3.2339462352334367,-3.2339646318937234,-3.2339768111517233,-3.23398989589019,-3.2340007085606524,-3.2340111411707873,-3.2340173793377476,-3.2340248417548505,-3.2340303312572924,-3.2340377060359717,-3.2340394120796456,-3.2340512353936877,-3.234051707642238,-3.2340530092442283,-3.234061301661385,-3.234057726747136,-3.2340681579697104,-3.2340671253555318,-3.2340722456901734,-3.2340746041914734,-3.2340756529119656,-3.234078574891935,-3.234078158035086,-3.2340794681367617,-3.234081147179479,-3.2340830907995874,-3.2340867242112745,-3.2340837815439794,-3.2340889962636625,-3.234086336020573,-3.234087996068854,-3.234089061970199,-3.234088889412684,-3.23409077642718,-3.23409097718099,-3.2340896880703003,-3.2340963006715224,-3.23408923209844,-3.234094572757109,-3.2340934974007207,-3.234094332171056,-3.2340985998266443,-3.234100383011452,-3.234098383746604,-3.234093045071214,-3.23409556968046,-3.2341004807769274,-3.234102186500187,-3.2340950010971072,-3.2341011285749026,-3.2340959297871064,-3.2340958575887857,-3.234095432668619,-3.2340994133554517,-3.2340975379554684,-3.234095316390233,-3.234106032817856,-3.2340998363895808,-3.234099002126066,-3.234101643140919,-3.2341001680966164,-3.234102670592553,-3.2340995522238507,-3.2341001521613455,-3.2341008526253328,-3.2341009084012082,-3.2341002791957845,-3.2341049549169334,-3.2341011453919766,-3.2340974531005076,-3.2341014389528837,-3.234100430896854,-3.234103720419982,-3.2341023006225127,-3.2340962658626737,-3.2341021715360263,-3.234101790036684,-3.2341018221085505,-3.234101814676111,-3.2341038216642066,-3.234100315584344,-3.2341005970590375,-3.2341034358020795,-3.2341072612703248,-3.23410355093624,-3.234099923871831,-3.2341026789704497,-3.2340976170415408,-3.2341014340442844,-3.2341024810369547,-3.2341055847006577,-3.234099074463087,-3.234097926230226,-3.2341005880163896,-3.234104196687477,-3.234101434113201]}