{"parameters":[[5000,-0.001,1.0e-8],[2000,-0.0001,1.0e-9]],"energies":[-3.2744546928612217,-3.274453947860699,-3.274454111381493,-3.274454225406877,-3.274454242181446,-3.2744542696091226,-3.274454317118597,-3.274454375563995,-3.2744544389020187,-3.274454504944785,-3.274454571115558,-3.2744546375392876,-3.2744547024343023,-3.2744547667690105,-3.2744548300738225,-3.274454891792584,-3.274454952999883,-3.274455012864417,-3.2744550709397897,-3.274455127781394,-3.274455184128862,-3.2744552392468522,-3.2744552919422896,-3.2744553449251033,-3.2744553963483316,-3.274455446935752,-3.274455496110968,-3.274455543727539,-3.2744555916342906,-3.2744556380284706,-3.274455683877463,-3.2744557281668296,-3.2744557716435305,-3.2744558144578892,-3.274455856738196,-3.2744558976578757,-3.274455938088189,-3.274455977324849,-3.2744560164157535,-3.2744560542298924,-3.2744560916820813,-3.2744561280636626,-3.274456163675175,-3.274456199085359,-3.2744562330915725,-3.2744562668315584,-3.2744563005624876,-3.2744563328256553,-3.2744563644259297,-3.2744563956892643,-3.274456426386922,-3.2744567938253395,-3.274457043240554,-3.2744572100366853,-3.274457319939767,-3.2744573929320673,-3.2744574411291545,-3.274457473719683,-3.2744574970046636,-3.274457513393314,-3.274457526684644,-3.2744575378806102,-3.2744575474648645,-3.2744575569173335,-3.274457566200271,-3.2744575749393596,-3.2744575842824766,-3.2744575934438873,-3.274457602725165,-3.2744576120591153,-3.2744576216330534]}