{"parameters":[[5000,-0.001,1.0e-8],[2000,-0.0001,1.0e-9]],"energies":[-3.3112185218195345,-3.311216967382536,-3.311216609172721,-3.3112164938663353,-3.3112164458829962,-3.311216423106235,-3.311216412360114,-3.311216408043744,-3.3112164064896703,-3.3112164058770155,-3.311216405752075,-3.3112164060834353,-3.311216406830915,-3.3112164127433954,-3.31121692029725,-3.311217294150376,-3.3112175725329176,-3.311217783249963,-3.3112179460111277,-3.311218074451088,-3.311218177991126,-3.311218263095185,-3.3112183341805252,-3.3112183943708904,-3.3112184457999594,-3.3112184900958734,-3.3112185283610343,-3.3112185615261036,-3.311218590271978,-3.3112186151111374,-3.311218636530636,-3.3112186549204425,-3.311218670601598]}