{"parameters":[[10000,-0.001,1.0e-8],[1000,-0.0001,1.0e-9]],"runtime":3612.023212558,"energies":[-3.373300354662198,-3.373813084476218,-3.3741108324358793,-3.3743417792910124,-3.374543460200876,-3.374711942206189,-3.374859766579098,-3.3749892377931436,-3.3750904026851494,-3.375178609183821,-3.375281188192063,-3.3753580441787783,-3.37542730483684,-3.3754916110681883,-3.375540607232912,-3.3756009154768347,-3.37562937993105,-3.3756712330254826,-3.3757086154641547,-3.3757350587968302,-3.375778418859788,-3.3758023493749265,-3.375834456063279,-3.375853131079329,-3.3758734639859744,-3.3758846557793243,-3.3759035279562823,-3.37592193669765,-3.375935545355721,-3.3759540549278455,-3.375977923226805,-3.3759763548404003,-3.3759852679916915,-3.3759950899966795,-3.3759920031397668,-3.375990563134986,-3.3760207650125706,-3.376030088295575,-3.3760321473009105,-3.376026843040646,-3.3760369961980663,-3.376055960980092,-3.376059814702,-3.3760406700315633,-3.376061537084792,-3.3760554640962512,-3.376065219374389,-3.3760744107761784,-3.3760609804753328,-3.3760824277367294,-3.37607948761502,-3.3760800260029216,-3.3760815836648397,-3.376079168150093,-3.3760850504625797,-3.376092065081361,-3.3760829049093695,-3.376087886642371,-3.376076939731724,-3.376084547257131,-3.376091863225585,-3.376076858659376,-3.376085095889769,-3.3760856365633285,-3.3761095197347686,-3.3761026972992956,-3.3761029065242596,-3.3760922264773563,-3.3761056730303878,-3.3760934950916797,-3.376093872988789,-3.3761045881635754,-3.3761021608372808,-3.376093040163841,-3.3761057107350547,-3.3760872073606345,-3.3761040559358078,-3.3760966719528387,-3.376096530303273,-3.3761069281073355,-3.376099576950504,-3.3761086742278215,-3.3760873352182004,-3.3760949621335654,-3.376104566434978,-3.3761054449291183,-3.376108101969619,-3.3760904955365114,-3.3760971233259074,-3.376098616874109,-3.376116432507055,-3.376112779738841,-3.376106466006801,-3.3760957629921173,-3.3761125393900078,-3.3760972973626715,-3.3761072008502904,-3.3761076102510628,-3.3761161597639933,-3.376103123939294,-3.3761130116830262,-3.376099111466805,-3.376092508962853,-3.3761049037271498,-3.3761001387701293,-3.376096506992472,-3.3761114662297427,-3.3760979593088134,-3.37609111087625,-3.376099771990818,-3.3760961129954037]}