{"parameters":[[1000,-0.001,1.0e-9],[1000,-0.0001,1.0e-9]],"energies":[-3.2665092748086977,-3.2665083343611827,-3.2665083233167778,-3.2665085845457646,-3.266508865028595,-3.2665094602559144,-3.266510375223736,-3.266510780812399,-3.266510966500945,-3.2665112230581297,-3.266511589511348,-3.2665118624837373,-3.2665124497902474,-3.2665126390303865,-3.266512912880402,-3.2665132493160582,-3.2665134938846236,-3.266513714237533,-3.26651390449298,-3.2665140136139814,-3.26651413949638]}