{"parameters":[[10000,-0.001,1.0e-8],[1000,-0.0001,1.0e-9]],"runtime":26876.25062587,"energies":[-3.2711659461171316,-3.2716371748558575,-3.2719212790764245,-3.2721433050704536,-3.2723242374247774,-3.2724731332715438,-3.272597401036436,-3.2727022588351438,-3.272791778805221,-3.2728684616894617,-3.2729346364912417,-3.272992242028762,-3.2730416781315026,-3.2730860464040403,-3.2731248933257717,-3.273159536061438,-3.2731902978742515,-3.2732170943375425,-3.2732422044950567,-3.2732635778900594,-3.2732839739075312,-3.2733021175144636,-3.273317923300841,-3.2733330709376722,-3.2733462669362114,-3.2733590657967127,-3.2733698726861102,-3.2733800593285807,-3.2733901212938896,-3.2733990161344972,-3.2734073326569546,-3.2734145307850095,-3.2734216946285666,-3.2734272025763387,-3.273434156585554,-3.273439068469189,-3.273444483749093,-3.2734498793862694,-3.273453810138808,-3.273458007125357,-3.273462259774197,-3.2734662309774056,-3.2734694707393706,-3.273472115150857,-3.273476047314076,-3.273478780233071,-3.273481315748203,-3.2734839061829955,-3.2734859589359413,-3.273488734073942,-3.2734903882833204,-3.27349265652382,-3.273495126579164,-3.2734965109134673,-3.2734987051524462,-3.2735002982479444,-3.2735021531158255,-3.2735030887280185,-3.273504896223476,-3.273505772325669,-3.273507634906882,-3.273509015653261,-3.273509597809429,-3.2735112522123107,-3.2735122762337263,-3.273512805937832,-3.2735142285689993,-3.2735149548982667,-3.273515745408801,-3.2735166841492016,-3.273517750612316,-3.273518785089857,-3.2735187103715466,-3.273520319670347,-3.2735206278194173,-3.2735213861937944,-3.273522622712915,-3.273522605580131,-3.273523109357824,-3.2735240876542533,-3.273523494961655,-3.273524704741241,-3.273525869036755,-3.273526011643463,-3.2735264618834248,-3.2735268516169653,-3.2735279569600393,-3.2735279805825974,-3.273527813432773,-3.2735289068209728,-3.2735287906247073,-3.2735295228616783,-3.273529603050401,-3.2735303068298287,-3.2735303111095453,-3.273530507882776,-3.2735313190557136,-3.2735307736956254,-3.273532196595398,-3.2735320752117874,-3.27353229127039,-3.273532582244322,-3.2735324410827182,-3.2735330400491063,-3.273532610405991,-3.2735337083029266,-3.2735338633900284,-3.2735335658315052,-3.2735334294561875,-3.27353365201871,-3.2735343959115197]}