{"parameters":[[5000,-0.001,1.0e-8],[2000,-0.0001,1.0e-9]],"energies":[-3.2744581051789163,-3.2744572787774766,-3.274457365815343,-3.2744573915870783,-3.2744573449742624,-3.2744573147965372,-3.274457305079724,-3.2744573064147664,-3.2744573131331434,-3.274457322605552,-3.2744573336339036,-3.2744573380140607,-3.2744577022654893,-3.274457948479176,-3.274458111840109,-3.2744582189835976,-3.274458288886791,-3.2744583345359484,-3.2744583646725993,-3.2744583850222644,-3.274458399338955,-3.2744584100780987,-3.274458418749515,-3.2744584263156007,-3.274458433371752,-3.274458440235923,-3.2744584470888123,-3.2744584539890877,-3.2744584609741496,-3.2744584680007494,-3.2744584750552406]}