{"parameters":[[5000,-0.001,1.0e-8],[2000,-0.0001,1.0e-9]],"runtime":14880.015715272,"energies":[-3.311382652754181,-3.3120139394004013,-3.3122803196605655,-3.312436935031981,-3.312534778716037,-3.312599251967665,-3.3126441584695447,-3.312678178721756,-3.3127000882995445,-3.3127182168727756,-3.312732778762231,-3.3127412029364973,-3.3127505306998035,-3.3127577275975217,-3.3127649142308977,-3.3127681471412145,-3.312773053070641,-3.3127760751258277,-3.312780710210265,-3.3127797220110375,-3.3127812300590076,-3.3127865073994998,-3.3127881789703943,-3.3127892661769742,-3.3127906672823455,-3.312791703039548,-3.312793370457451,-3.3127966654367658,-3.312796096709901,-3.3127998181991396,-3.3128017862918053,-3.312800850095463,-3.3128025857448313,-3.3128025501973966,-3.3128039675936,-3.312804647829304,-3.312805485288617,-3.3128059642694883,-3.312807265875471,-3.3128065649276452,-3.3128066306028057,-3.312808203336267,-3.3128080571266088,-3.31281065365248,-3.3128108193307537,-3.3128115361969837,-3.312813018568825,-3.3128120683108353,-3.3128135787209487,-3.3128127826065343,-3.312814611093392,-3.312814169589149,-3.312815849452652,-3.3128140971271187,-3.312815704968349,-3.3128150215280043,-3.3128167777919697,-3.3128159310958263,-3.312814950997012,-3.3128136594860518,-3.3128171975300615,-3.312815282070069,-3.3128151347639796,-3.3128139340796348,-3.3128157946296297,-3.3128152559320156,-3.312815081221134,-3.312817285198505,-3.3128147906566583,-3.31281598799201,-3.312814315578832]}