{"parameters":[[10000,-0.001,1.0e-8],[1000,-0.0001,1.0e-9],[200,-1.0e-5,1.0e-9]],"runtime":4701.987452019,"energies":[-3.2339670194548873,-3.234415050127653,-3.234678185009785,-3.2348745080940886,-3.23503385717814,-3.235156269458062,-3.2352583611630026,-3.235343033585954,-3.2354125704566123,-3.2354747763408267,-3.235527177670216,-3.23556481803121,-3.2356048822699406,-3.235632517136074,-3.235661614181109,-3.235683557294531,-3.235703981506933,-3.2357232655413415,-3.235738747920429,-3.2357513558725888,-3.2357606689261713,-3.2357731050256673,-3.2357837439699835,-3.2357914663471545,-3.23580054960501,-3.2358074388540445,-3.2358161502768343,-3.2358201895461813,-3.235824531479817,-3.235826720167542,-3.23583487607491,-3.2358357601528533,-3.235843209427522,-3.235844742998674,-3.235843496036226,-3.235852052706816,-3.235853849389557,-3.2358561294030634,-3.235856113535345,-3.2358570081499316,-3.2358577232991474,-3.2358589882618114,-3.2358643501438524,-3.235860525545903,-3.235865972455891,-3.235867024176109,-3.2358663972247435,-3.235868482125531,-3.2358692063454217,-3.235868814380715,-3.235871781760821,-3.235868485411849,-3.23587104229126,-3.235868847471903,-3.235876459417099,-3.2358705656074633,-3.235874837263652,-3.235875993440776,-3.235876104571678,-3.2358774168841618,-3.2358754327853356,-3.2358766663599954,-3.2358737198344567,-3.235877694516495,-3.2358783364107615,-3.2358741456981344,-3.235877347377427,-3.235876878495133,-3.23587802650965,-3.2358799477465072,-3.2358819224347175,-3.2358804088022066,-3.2358788870993016,-3.2358790672864015,-3.235882005171828,-3.2358815916347687,-3.2358824563876585,-3.235875737983141,-3.2358831983787852,-3.235877598836066,-3.2358758291234384,-3.2358826561852365,-3.235881508036538,-3.235881899845984,-3.2358798159645166,-3.2358831620006647,-3.23588019696902,-3.235883225019712,-3.2358803850655335,-3.2358793098721046,-3.2358816712380443,-3.235882671159456,-3.2358807994370142,-3.2358850634495275,-3.2358840637599275,-3.235880060923987,-3.23588451043527,-3.235883178678311,-3.235879135425901,-3.2358796823017477,-3.2358809174799226,-3.2358844269540397,-3.2358866517117724,-3.2358822242152394,-3.235882537742644,-3.2358845180760714,-3.2358805409896747,-3.2358794286015735,-3.23588396770467,-3.2358868517202906,-3.235882275369545,-3.235883606687922,-3.2358860955311126]}