{"parameters":[[1000,-0.001,1.0e-8],[1000,-0.0001,1.0e-9]],"energies":[-3.288172712757976,-3.288171798347473,-3.288172836483008,-3.2881731597936867,-3.2881738335257227,-3.2881722685444768,-3.2881737243702487,-3.288174445611127,-3.288175226440652,-3.288175528313851,-3.2881760567472353,-3.28817617168911,-3.288175721409832,-3.288175537240938,-3.288176590754376,-3.288176439118422,-3.288177198227408,-3.2881773176349722,-3.2881765431979,-3.288177177544181,-3.2881768557392417]}