{"parameters":[[1000,-0.001,1.0e-8],[1000,-0.0001,1.0e-9]],"energies":[-3.301972808486562,-3.3019717191055777,-3.3019730056898444,-3.301973879496496,-3.3019730444152637,-3.3019738958161016,-3.3019756041016306,-3.301974452845295,-3.30197569171942,-3.3019763001599802,-3.301976676638143,-3.301976934461018,-3.301978126402128,-3.3019764290986138,-3.3019787355417485,-3.3019782078132565,-3.3019766835833684,-3.3019780214903576,-3.3019770997271545,-3.3019786846890034,-3.301978196227302]}