{"parameters":[[2000,-0.001,1.0e-8],[1000,-0.0001,1.0e-9],[200,-1.0e-5,1.0e-9]],"runtime":5293.260550277,"energies":[-3.2120160211474302,-3.2124163532190955,-3.212589101212874,-3.212692225499509,-3.2127591452919693,-3.212807578920483,-3.2128405045710022,-3.212868350459745,-3.212884632757464,-3.2129009319975133,-3.2129147374983065,-3.212925475560157,-3.2129347015892344,-3.212939342046233,-3.212948101502465,-3.2129507771929604,-3.2129544999467545,-3.2129570656820885,-3.212960894133443,-3.212962240787553,-3.212967598169411,-3.2129672641664335,-3.2129664371060986,-3.2129691732425965,-3.2129658072316043,-3.212964046445804,-3.212966980772576,-3.212967738757277,-3.212968583829162,-3.212969636882933,-3.2129695050146947,-3.2129689221008273,-3.2129694951816044]}