{"k":25,"ms":[[-0.17635425771537017,-0.1643178565724659,-0.1598912716411427,-0.15839236728920658],[-0.13456764532316257,-0.125296717580371,-0.11774208947032559,-0.11086678449257503],[-0.09004639913702807,-0.08899930124681027,-0.07666367969652964,-0.06283878977912867],[-0.05186800088931627,-0.040872458517145945,-0.03355044481684295,-0.025635452845196464],[-0.026683267508168552,-0.01978205335354868,-0.01592103636639889,-0.014608099039395485],[-0.014289523605238755,-0.010889754162498296,-0.010273659729250843,-0.009378251535927775],[-0.00945851710665744,-0.008549804435052245,-0.00790302731469389,-0.007040783133523555]],"Bs":[3.09,3.1,3.11,3.12,3.13,3.14,3.15],"blocksizes":[4,8,16,32]}