{"parameters":[[2000,-0.001,1.0e-8],[1000,-0.0001,1.0e-9],[200,-1.0e-5,1.0e-9]],"runtime":5313.755008878,"energies":[-3.2076341117458886,-3.2080241841297563,-3.2081916484318667,-3.2082926745973257,-3.2083587489800096,-3.208405037422167,-3.208435120716052,-3.2084602649616687,-3.2084794598542867,-3.2084936810405043,-3.2085087349725714,-3.2085180543896574,-3.2085269331707957,-3.208531233890329,-3.2085368738152478,-3.2085415286374825,-3.2085452312548495,-3.2085465743488513,-3.2085495402676085,-3.2085552348327657,-3.2085577138269765,-3.208558067772617,-3.2085571931899195,-3.208557214762875,-3.2085586479570987,-3.208561027913928,-3.208560419756402,-3.2085599472555066,-3.2085585653557556,-3.2085614037984973,-3.2085587870851606,-3.2085587510395794,-3.2085611236828186]}