{"parameters":[[2000,-0.001,1.0e-8],[1000,-0.0001,1.0e-9]],"runtime":31931.369194325,"energies":[-3.375905040669978,-3.3763440967954166,-3.376489008553686,-3.376562864718343,-3.376603338267417,-3.3766267520719695,-3.376640813038311,-3.376649574544597,-3.376655117047368,-3.376658822058432,-3.3766614122774374,-3.3766630551250043,-3.376664136646162,-3.376665182715401,-3.376665427221576,-3.3766661019638216,-3.3766663341789225,-3.3766664802768576,-3.3766665573740426,-3.3766667196358395,-3.376666565843574,-3.3766671534333814,-3.376667350700497,-3.3766674073263685,-3.3766677633741624,-3.376667583367834,-3.376667860982575,-3.3766677961860827,-3.376667677951749,-3.37666800689947,-3.3766679636782926]}