{"parameters":[[10000,-0.001,1.0e-8],[1000,-0.0001,1.0e-9],[200,-1.0e-5,1.0e-9]],"runtime":4238.59083566,"energies":[-3.4686076525826675,-3.4688776674343726,-3.468951629878271,-3.4689853044919756,-3.469010802003401,-3.469026756849983,-3.469040266095746,-3.4690462735748646,-3.469054956132141,-3.4690596792135957,-3.4690667313842662,-3.46906931536097,-3.469070628582373,-3.4690807498424636,-3.469078570214215,-3.469079801827889,-3.4690834152801093,-3.4690840295240326,-3.4690875495316105,-3.4690839416578316,-3.469089363175047,-3.469085163312099,-3.469087539725766,-3.4690892214308593,-3.4690915272927785,-3.4690890874048534,-3.4690909806600065,-3.469090406385935,-3.469092080336815,-3.469089409828155,-3.4690945941670805,-3.46909278290837,-3.4690904456786775,-3.469097720770346,-3.4690955000394044,-3.469095407168213,-3.469093691076254,-3.469095101849753,-3.4690899945212963,-3.4690977096229685,-3.469095320744994,-3.469093335338985,-3.4690928261018827,-3.4690939099432874,-3.469087543789953,-3.4690920681856405,-3.4690936301758715,-3.469089769646509,-3.469090687187751,-3.4690936347527868,-3.469096337978333,-3.4690954277301382,-3.469092153641678,-3.469090786972068,-3.4690949083857476,-3.469093784409725,-3.469097991051685,-3.4690901277682777,-3.469094138978126,-3.4690931959252276,-3.4690960972034697,-3.4690944347264163,-3.4690946990427065,-3.469095551965711,-3.469097117583924,-3.469095692643235,-3.469095626443477,-3.4690928862096864,-3.4690953807875693,-3.4690966985492615,-3.469096349417741,-3.469090955937359,-3.469096404103428,-3.4690932510272456,-3.4690882083590178,-3.4690919116223746,-3.4690899632303784,-3.4690931127771902,-3.4690922487267346,-3.469093930515173,-3.4690932453401007,-3.4690946271024026,-3.4690905942282186,-3.4690974775345347,-3.4690948424995844,-3.4690944294563337,-3.469094280475739,-3.4690919313274926,-3.4690963809504027,-3.4690953355634964,-3.4690921597120337,-3.469095260702973,-3.4690939459842385,-3.4690939295744565,-3.4690962946541015,-3.4690914817328817,-3.46909288952561,-3.4690938610121864,-3.469094697521029,-3.469091020430678,-3.4690922017817916,-3.469094077192049,-3.469092464839756,-3.4690973015520044,-3.4690975156521273,-3.469094446466308,-3.4690949862298353,-3.4690926760105243,-3.46909966566648,-3.4690981530409655,-3.4690946517866976,-3.4690941557536807,-3.4690964878022523]}