{"parameters":[[1000,-0.001,1.0e-8],[1000,-0.0001,1.0e-9]],"energies":[-3.2473079834565253,-3.2473075477720803,-3.247306657670757,-3.247306820127546,-3.247306202903472,-3.247306872096676,-3.2473068220864882,-3.247307101347717,-3.2473072430864605,-3.2473072105956153,-3.247307170275469,-3.247307039937752,-3.24730864054519,-3.247308529300879,-3.247309023055861,-3.247308973075573,-3.247308207940887,-3.2473099090971327,-3.2473099131670375,-3.2473088868909716,-3.247308608721622]}