{"parameters":[[1000,-0.001,1.0e-9],[1000,-0.0001,1.0e-9]],"runtime":7517.244119394,"energies":[-3.239797987576659,-3.239802360476856,-3.2397997854783123,-3.2397981859354648,-3.2397948343791874,-3.239797913235363,-3.2397962913466185,-3.2397980352121434,-3.2397890901214157,-3.2398039612931337,-3.239798338547544,-3.239800363133641,-3.2397971395716896,-3.239794086853103,-3.2397994607095635,-3.2397982952457576,-3.2397976027827884,-3.2397987696010233,-3.2397982319133147,-3.239796825237807,-3.2398028525617244]}