{"parameters":[[5000,-0.001,1.0e-8],[2000,-0.0001,1.0e-9]],"runtime":3003.946202678,"energies":[-3.2565344071652667,-3.2565145185035793,-3.256537857285144,-3.2565239646934234,-3.2565233155597255,-3.256513860385061,-3.256521445930807,-3.256534793783011,-3.256520232340428,-3.2565255715704486,-3.256529447051136,-3.256511731884383,-3.2565427420549042,-3.256542630019088,-3.2565397781712466,-3.256529942815728,-3.2565236245050824,-3.2565273681425095,-3.2565210899564114,-3.256524524038812,-3.2565330109798847,-3.256532996394076,-3.256532690774431,-3.2565245362587465,-3.2565316391598147,-3.2565294688485786,-3.256542186594842,-3.256529413873505,-3.2565289590332287,-3.2565311615958974,-3.25653040811876,-3.2565298559918077,-3.256531130636615,-3.256527146975855,-3.2565217682774037,-3.2565411389931462,-3.256513259993479,-3.2565214311839603,-3.256522396926525,-3.2565292102853993,-3.256528798263256,-3.2565344232429885,-3.2565225199686703,-3.2565271652035315,-3.25651725505383,-3.256522638314266,-3.2565226577654993,-3.256531664531245,-3.256523127445427,-3.256536504716508,-3.2565288177347504,-3.256532558109501,-3.256533119344662,-3.256520891786164,-3.2565360603468116,-3.2565299456063608,-3.2565317258266804,-3.2565388572809866,-3.2565276771901486,-3.2565436790594453,-3.256538819551816,-3.256539002068761,-3.2565496408838217,-3.2565455481887415,-3.2565217164390403,-3.256528200604905,-3.256534034125508,-3.2565343073833937,-3.25652917109502,-3.2565324161471016,-3.2565295045131064]}