{"parameters":[[2000,-0.001,1.0e-8],[1000,-0.0001,1.0e-9],[200,-1.0e-5,1.0e-9]],"runtime":5999.848259694,"energies":[-3.2700929615848944,-3.2706654170674745,-3.270910698675759,-3.271058032267592,-3.2711521572197007,-3.2712150550752455,-3.271262539145381,-3.2712957601841466,-3.2713213862328,-3.2713438347841266,-3.271362010389136,-3.271375432485508,-3.2713871715519476,-3.271399718291404,-3.2714065077551555,-3.271413525411107,-3.2714207416285133,-3.2714267350093307,-3.2714347556556493,-3.271438879375347,-3.271440472310845,-3.271443244191706,-3.27144399257418,-3.271442055994425,-3.2714446991702775,-3.271445865944366,-3.271444421304836,-3.2714490361986277,-3.2714492076743675,-3.271447159427737,-3.271446523822793,-3.271446815912178,-3.2714491905653467]}