{"parameters":[[2000,-0.001,1.0e-8],[1000,-0.0001,1.0e-9],[200,-1.0e-5,1.0e-9]],"runtime":5277.17745528,"energies":[-3.2208154028394413,-3.2212389386198157,-3.2214212428732787,-3.2215316637862617,-3.2216005443024143,-3.221652103453628,-3.221686913562179,-3.2217148330199374,-3.2217368490091305,-3.221751971402106,-3.2217656011118274,-3.221776815241898,-3.2217862695627884,-3.221792644507692,-3.2217995151983403,-3.2218057327907768,-3.2218099503120063,-3.221813786085113,-3.221817897056486,-3.221819949921699,-3.221822363714152,-3.2218240491611505,-3.221824128909212,-3.221824575422475,-3.2218289302183822,-3.2218268556674885,-3.221824843103963,-3.2218240967969343,-3.2218267524114284,-3.2218276891762927,-3.2218273268263733,-3.221826121769336,-3.221829725869992]}