{"parameters":[[2000,-0.001,1.0e-8],[1000,-0.0001,1.0e-9]],"runtime":17610.400825663,"energies":[-2.810651955514919,-2.810798511166656,-2.810810746646835,-2.810812708244414,-2.8108132176087683,-2.810813386001399,-2.8108133987246817,-2.8108134194283236,-2.810813412439773,-2.8108134183248294,-2.810813425688233,-2.810813405363134,-2.810813392058991,-2.8108133815075798,-2.8108133668883273,-2.81081337055249,-2.810813467486603,-2.8108135493480995,-2.8108136087325013,-2.8108136498712817,-2.8108136909192414,-2.8108137229019,-2.810813755957599,-2.8108137670545617,-2.810813780643325]}