{"parameters":[[5000,-0.001,1.0e-8],[2000,-0.0001,1.0e-9]],"energies":[-3.3296603641254223,-3.329658710144622,-3.329658301834611,-3.329658186953008,-3.32965813628129,-3.3296581003272046,-3.3296580772685562,-3.329658064772867,-3.329658056223764,-3.32965804796152,-3.3296580397470645,-3.329658032159653,-3.3296580252438215,-3.329658018835378,-3.329658012823164,-3.3296580189396687,-3.329658545053637,-3.3296589363450937,-3.3296592318107936,-3.3296594592221154,-3.329659638000047,-3.3296597815207263,-3.3296598989506316,-3.329659996600199,-3.3296600787959436,-3.3296601486598387,-3.3296602083720894,-3.329660259597058,-3.3296603035562775,-3.329660341245228,-3.3296603734710124,-3.3296604008791313,-3.329660424056839,-3.3296604435064863,-3.3296604596564094]}