{"parameters":[[10000,-0.001,1.0e-8],[1000,-0.0001,1.0e-9]],"runtime":24584.213806756,"energies":[-3.227766627699643,-3.2281892813370483,-3.228433946625278,-3.2286181367470164,-3.228763487646976,-3.228879174851762,-3.2289724570151814,-3.229048942095626,-3.2291114755035455,-3.2291636468557074,-3.229206965613219,-3.2292434361335816,-3.2292740007857543,-3.229300060703666,-3.2293223659082124,-3.229341585124011,-3.2293577777955282,-3.2293717865747,-3.229383953705014,-3.2293941170735683,-3.229403548831703,-3.229411441630377,-3.229418419951666,-3.2294243529200055,-3.229430127867534,-3.2294349707438923,-3.2294395343054294,-3.229443011666542,-3.229446794110377,-3.229449183931861,-3.229452094064321,-3.229454250967641,-3.229456903998124,-3.229458554730491,-3.2294601788906174,-3.2294619447410793,-3.2294633412165883,-3.2294643261460063,-3.229465298212769,-3.229466509916929,-3.229467155697117,-3.2294682125017404,-3.2294686093334453,-3.229469594852821,-3.229469974620628,-3.229470928912728,-3.2294712474286573,-3.2294722448100184,-3.229471956847918,-3.2294721212444237,-3.2294729471058417,-3.2294734078969363,-3.2294733904792725,-3.229473828721015,-3.2294743313688272,-3.2294744260781534,-3.229474555757356,-3.229474697605179,-3.2294756221087604,-3.2294752880335422,-3.229475350747662,-3.2294752028725484,-3.229475701499467,-3.229475576919807,-3.229475945750172,-3.2294760353541156,-3.2294762969559576,-3.229476337822117,-3.2294764102379414,-3.2294762822585947,-3.2294766187968937,-3.2294764419012028,-3.2294766013902785,-3.229476833406717,-3.2294766856909893,-3.2294769171742885,-3.229476859182691,-3.22947708483053,-3.229477074100437,-3.2294764291421916,-3.229477158585341,-3.229476756951074,-3.2294775930925304,-3.2294775220518996,-3.2294776143371706,-3.2294765742365006,-3.2294773324001564,-3.2294775975966274,-3.2294774037526377,-3.229477505810397,-3.229477764809994,-3.2294774065390173,-3.22947766822552,-3.229477589955901,-3.2294772166189327,-3.229477402030552,-3.229477334500302,-3.229477391758471,-3.2294774123357164,-3.2294773309101927,-3.2294773912174746,-3.2294777323793857,-3.2294778109139566,-3.229477832664992,-3.2294781921052444,-3.2294788427393306,-3.2294785617556534,-3.2294785700120374,-3.22947810260141,-3.2294789404367723,-3.229479006880502]}