{"parameters":[[10000,-0.001,1.0e-8],[1000,-0.0001,1.0e-9]],"runtime":25377.989019275,"energies":[-3.273855699883575,-3.274329493045016,-3.2746155590112602,-3.2748396505050237,-3.275022459325287,-3.275173375638239,-3.2752993767487424,-3.275406358676946,-3.275497148036097,-3.275575764271966,-3.275642988379496,-3.2757014239177886,-3.275753293326799,-3.2757985545894552,-3.275837992415742,-3.275874205589028,-3.2759058482181977,-3.2759339551787687,-3.2759592047247006,-3.275981832123003,-3.2760023628693933,-3.2760215648458777,-3.2760383139630056,-3.276053043398084,-3.276067431419055,-3.2760803468780653,-3.2760925729912524,-3.2761034545101735,-3.2761132426562702,-3.276122745798866,-3.2761313196093824,-3.276139318948763,-3.27614672446192,-3.276153522637377,-3.276159880264607,-3.2761658557187006,-3.2761720400289054,-3.2761765125169813,-3.276181381905964,-3.276185936381446,-3.2761900110474187,-3.276194705912183,-3.276197091811613,-3.276201905227091,-3.276204763686498,-3.276208466643943,-3.276211002803613,-3.2762139179559844,-3.276216434087582,-3.276219234100746,-3.2762212422293473,-3.276223200711203,-3.2762255727410583,-3.2762277467323533,-3.276229812377491,-3.27623194555914,-3.276232613733267,-3.276234874702803,-3.2762365771467667,-3.2762385685742634,-3.2762397979685987,-3.276241222023549,-3.2762413655652667,-3.2762430637025153,-3.276244487710691,-3.276246033245457,-3.2762465114030146,-3.276248290643491,-3.2762495635019873,-3.276249703043272,-3.276251157469449,-3.2762514383266574,-3.276252948287676,-3.276254015637236,-3.276255100451562,-3.276255978150137,-3.276255757880897,-3.276256690951508,-3.276257527906623,-3.276258285339866,-3.2762586391882973,-3.2762595768538665,-3.2762597155835507,-3.27626063795418,-3.2762611719218504,-3.276261413834339,-3.2762618438463558,-3.2762627351075557,-3.2762627053751725,-3.2762631908724207,-3.2762638999310894,-3.276264408903857,-3.2762652929820035,-3.276265359786906,-3.276265688972246,-3.276265545325619,-3.2762659697203804,-3.2762673222381418,-3.2762669320727564,-3.276267421625953,-3.2762684055899007,-3.2762682425607395,-3.2762688379106737,-3.276268891910238,-3.276268822563704,-3.276268883634958,-3.276268940206058,-3.2762699594922964,-3.2762697318642293,-3.276269682206873,-3.2762703203361405]}