{"parameters":[[1000,-0.001,1.0e-8],[1000,-0.0001,1.0e-9]],"energies":[-3.265346566323213,-3.2653443574846617,-3.2653458625651286,-3.2653455429120335,-3.2653459208766247,-3.2653458019601223,-3.2653458650122302,-3.2653464554651253,-3.2653452672803214,-3.2653456566347803,-3.2653451592635596,-3.2653470863974645,-3.265346801427471,-3.265348292714485,-3.2653484473089485,-3.2653482980673383,-3.265348591802918,-3.2653489550891317,-3.2653488288205565,-3.2653494817536073,-3.2653487939631134]}