{"parameters":[[1000,-0.001,1.0e-9],[1000,-0.0001,1.0e-9]],"energies":[-3.2483382166266095,-3.248336919008221,-3.248336139754865,-3.248335986410665,-3.248335714851959,-3.2483361680011593,-3.248336550389474,-3.248336665279181,-3.2483365549559813,-3.2483373390587174,-3.2483369735408116,-3.2483379446404284,-3.248337737145545,-3.2483379787171778,-3.248338810716925,-3.248338802864372,-3.2483393020308915,-3.248338744204525,-3.2483395338856997,-3.2483395184506776,-3.2483397157745877]}