{"parameters":[[1000,-0.001,1.0e-9],[1000,-0.0001,1.0e-9]],"energies":[-3.239299766822006,-3.239299282911563,-3.2392993308942692,-3.2392997779156767,-3.2393002662790527,-3.23930013815415,-3.239300501841999,-3.239300969453803,-3.2393007762822825,-3.2393007929990887,-3.239301189444476,-3.2393013913114435,-3.2393018053932288,-3.2393013460878635,-3.239301938100637,-3.2393021224652125,-3.239302790241913,-3.2393026902010416,-3.239303439484474,-3.239302376076928,-3.23930275042644]}