{"parameters":[[5000,-0.001,1.0e-8],[2000,-0.0001,1.0e-9]],"runtime":3816.358839227,"energies":[-3.283824090929877,-3.283823635719762,-3.2838233361384974,-3.283823057767811,-3.283821048504728,-3.283823224809938,-3.2838227269386326,-3.28382264343651,-3.283822944304518,-3.2838219618418103,-3.283822845459582,-3.283823211367687,-3.2838233917578536,-3.2838211683514658,-3.2838214823757195,-3.283823127735322,-3.2838222297228588,-3.2838221624015733,-3.2838224729178824,-3.283822837423365,-3.283822850590392,-3.2838226040577863,-3.283821989967648,-3.283822005483223,-3.2838228241876477,-3.2838230216528403,-3.2838229419460636,-3.283822270531819,-3.2838219729412694,-3.283824192729367,-3.2838228668944356,-3.283824069333531,-3.283822242798163,-3.2838226704723628,-3.2838233537922066,-3.283822130315304,-3.283821371416586,-3.2838222428942934,-3.28382263768012,-3.283822288530625,-3.2838224169625567,-3.283823281895499,-3.2838241993713133,-3.2838232879596676,-3.283823487701202,-3.283822295935009,-3.283823260875604,-3.2838222608149574,-3.2838236166284682,-3.2838210253790363,-3.2838226882087054,-3.283824087562885,-3.2838235253273016,-3.2838241256735623,-3.2838239108251406,-3.2838237983449226,-3.2838229381854473,-3.283823457410785,-3.2838242190040683,-3.2838234201343317,-3.2838237526344285,-3.283824943373941,-3.2838242255476713,-3.283824149982226,-3.2838253088979865,-3.2838238368913273,-3.283823872598295,-3.283824400709523,-3.2838231411234498,-3.2838254760905903,-3.283825863117694]}