{"parameters":[[5000,-0.001,1.0e-8],[2000,-0.0001,1.0e-9]],"energies":[-3.320435340993437,-3.320433714862727,-3.320433324204461,-3.3204332099154623,-3.3204331603488617,-3.3204331292907625,-3.3204331109113356,-3.320433101631083,-3.320433095931726,-3.3204330907917967,-3.3204330858355084,-3.3204330814402447,-3.320433077594136,-3.320433074168197,-3.320433080174534,-3.3204335994024623,-3.3204339840744637,-3.3204342729688103,-3.3204344938762036,-3.32043466631335,-3.320434803843096,-3.3204349157407407,-3.320435008376554,-3.3204350861477865,-3.320435152146412,-3.3204352085942865,-3.3204352570818667,-3.3204352988441297,-3.3204353348144675,-3.3204353657169423,-3.3204353922012797,-3.3204354147718216,-3.320435433904065,-3.3204354499778312]}