{"parameters":[[10000,-0.001,1.0e-8],[1000,-0.0001,1.0e-9]],"runtime":28003.368705557,"energies":[-3.3732276564577885,-3.373704758348124,-3.3739846349746445,-3.3742086779444316,-3.3743991216457454,-3.3745620653906565,-3.37470276874351,-3.37482572975794,-3.374933461395711,-3.375028527423632,-3.3751130494951678,-3.3751881235558527,-3.3752549890720838,-3.3753146660591264,-3.375368752156328,-3.3754162558051006,-3.3754601704487275,-3.3754992086709024,-3.375534370168045,-3.3755664272910164,-3.3755955988092987,-3.375621748141901,-3.3756458399392124,-3.3756672204270903,-3.3756872849237456,-3.375705076708415,-3.3757213375547273,-3.3757364301854205,-3.375749907322586,-3.3757623555201146,-3.37577340474641,-3.3757839931723708,-3.3757934224190946,-3.3758021272317724,-3.375810192753778,-3.37581722835218,-3.3758240969225386,-3.3758300170653,-3.375835717535793,-3.375840625516741,-3.3758454537044327,-3.375849756339397,-3.3758537483101585,-3.375857317050142,-3.3758604366326113,-3.375863688074912,-3.3758663855167943,-3.375868951261346,-3.3758713568058942,-3.3758736205138917,-3.3758755544933297,-3.375877216203542,-3.375878736038693,-3.37588059110622,-3.3758821137775588,-3.3758835665077207,-3.3758847605894706,-3.375885215068819,-3.3758864229119663,-3.3758872369368014,-3.375888562842941,-3.375889090062044,-3.3758899943914726,-3.3758909040397818,-3.3758910244916267,-3.375892010085084,-3.3758923731678947,-3.3758925290702613,-3.3758929020299133,-3.375893795290689,-3.3758942115074047,-3.3758943114154536,-3.3758948110128917,-3.375894728055089,-3.375894670884945,-3.3758953924259867,-3.375895648524995,-3.375896139813322,-3.375896090121861,-3.3758960228427206,-3.375896444461206,-3.3758963745797583,-3.3758965578024,-3.3758966425660346,-3.375897145413779,-3.375897245417665,-3.375897409091903,-3.3758970680817937,-3.3758973763732727,-3.3758971291191306,-3.375897175993746,-3.375897813904067,-3.3758978716329664,-3.3758979586508993,-3.375897914080875,-3.3758978482285564,-3.375897270357447,-3.375897815876648,-3.3758978957385657,-3.375897894063291,-3.375897735269565,-3.375898396766788,-3.375898024385597,-3.375898774960245,-3.375898871774892,-3.375899055190771,-3.375899455949308,-3.375899379877627,-3.375899774086984,-3.37590002233556,-3.3759001329497234]}