{"parameters":[[1000,-0.001,1.0e-9],[1000,-0.0001,1.0e-9]],"energies":[-3.230279178044758,-3.230278470358111,-3.2302782346745262,-3.2302781690597637,-3.230278133956202,-3.230278098318226,-3.2302780359214056,-3.2302779989937083,-3.2302779590144786,-3.2302779112282742,-3.2302779051511403,-3.230278211102738,-3.2302784912459344,-3.230278701468223,-3.230278825937271,-3.230278996811662,-3.230279112207229,-3.230279197847077,-3.230279282934559,-3.230279342997849,-3.2302794124174863]}