{"parameters":[[5000,-0.001,1.0e-8],[1000,-0.0001,1.0e-9]],"energies":[-3.2927596469607847,-3.2927607040495763,-3.2927610434308803,-3.2927615858371126,-3.292761919719254,-3.2927628278839993,-3.292763451021135,-3.2927628518132313,-3.2927631203778374,-3.2927638731841666,-3.29276403937516,-3.292764457135831,-3.292764243254919,-3.292763282322616,-3.292765643065692,-3.2927654784348053,-3.2927673607824492,-3.292767945440548,-3.2927684887669697,-3.2927682327510355,-3.2927696142325695,-3.2927694776002996,-3.2927681094651153,-3.2927707968239237,-3.2927706010960636,-3.2927706756940474,-3.2927700127172024,-3.2927711608887447,-3.292769511536932,-3.2927726189302677,-3.2927719688622807,-3.292771917389745,-3.292772473415643,-3.2927734400866946,-3.292773027550493,-3.292773938066249,-3.2927749037519827,-3.2927733949743865,-3.2927743929734206,-3.2927762027064498,-3.2927756031278226,-3.2927758806063645,-3.2927762520616652,-3.29277660179738,-3.2927767550322824,-3.292775113119469,-3.292776387263875,-3.292775814460471,-3.292777310857996,-3.2927779288576677,-3.29277676790611,-3.292777414401706,-3.292778235731207,-3.2927785222864907,-3.2927772292385065,-3.2927778661275053,-3.2927796466696186,-3.2927792252913184,-3.2927787174173897,-3.2927799275315763,-3.292779613034631]}