{"parameters":[[10000,-0.001,1.0e-8],[1000,-0.0001,1.0e-9],[200,-1.0e-5,1.0e-9]],"runtime":4721.740052146,"energies":[-3.2190916994390126,-3.2195217032740975,-3.219767302031893,-3.2199526336096915,-3.2200956516284216,-3.220211082619453,-3.2203044154244207,-3.2203760944273503,-3.220439539381061,-3.220488815785916,-3.2205332440029677,-3.2205695845332283,-3.22059707083023,-3.2206276365023867,-3.2206506354398927,-3.220666021147771,-3.220686434461546,-3.2206970482427804,-3.220710598849622,-3.2207234653804964,-3.2207311999385166,-3.220737722718475,-3.220745526890239,-3.2207515406187746,-3.220754948070557,-3.220763020182435,-3.2207677704220163,-3.220771995524619,-3.2207758676853557,-3.2207772771180165,-3.2207820768013256,-3.2207850233888298,-3.220786660343783,-3.220787571352498,-3.220788696375027,-3.220791297316908,-3.2207940970276474,-3.220796872386928,-3.2207968454469946,-3.2207985547517093,-3.220800137371404,-3.2208004244040405,-3.2208005271525306,-3.2208001834139166,-3.220801567980574,-3.220799182889642,-3.2208066007445737,-3.2208054274377154,-3.2208028677433225,-3.2208071290797724,-3.220809283698678,-3.2208044767014608,-3.220809882476674,-3.220806369545815,-3.2208093226523813,-3.2208105894044436,-3.220804488278524,-3.220808138477804,-3.220803926657279,-3.2208079930906512,-3.220807222514679,-3.2208123202063472,-3.2208119085422746,-3.220805426912853,-3.2208079630251927,-3.220808438534813,-3.220808151666916,-3.2208072869956688,-3.2208067034177446,-3.2208112487550147,-3.22080869030061,-3.22080899445852,-3.220811207249236,-3.2208129312277665,-3.2208106796108797,-3.220815012691769,-3.2208120439342105,-3.22081180888982,-3.2208124285306434,-3.2208119412605156,-3.2208127336503374,-3.2208102296685186,-3.220811215749448,-3.2208142620021194,-3.2208111986327954,-3.2208134645186974,-3.2208085297958755,-3.2208099415741716,-3.2208078845135244,-3.220810120941733,-3.2208087421193334,-3.2208091412212823,-3.2208126013282405,-3.220812756602933,-3.220812495459168,-3.2208097031773586,-3.2208111096057728,-3.220814622555374,-3.2208128218205165,-3.220813171251577,-3.22081335750964,-3.22081045422686,-3.2208158641900573,-3.2208100987682715,-3.2208065404367217,-3.2208122578915317,-3.2208134763544054,-3.2208123006605534,-3.220813334559533,-3.220811042801558,-3.220816457103164,-3.2208139338143584,-3.2208131946640224]}