{"parameters":[[10000,-0.001,1.0e-8],[1000,-0.0001,1.0e-9]],"runtime":3088.318224354,"energies":[-2.810701305707056,-2.810777604006733,-2.8107950168680214,-2.8108021813205073,-2.810805610921243,-2.8108075255538854,-2.810808081138852,-2.8108089661154807,-2.810809294417839,-2.810809554900969,-2.8108096953353825,-2.810809751652472,-2.810809704799051,-2.8108097162917636,-2.810809967405786,-2.8108099163740703,-2.810809916992762,-2.810809912875561,-2.810810089385419,-2.8108100353597836,-2.8108101408084916,-2.8108099329953062,-2.8108101089707227,-2.810809875950432,-2.8108098910679153,-2.810810198484674,-2.810810148858214,-2.8108102110030346,-2.8108101420557907,-2.810810118614823,-2.810810270408525,-2.8108100451174454,-2.8108102137139066,-2.8108101729878405,-2.810810079476086,-2.810810336074395,-2.8108103218878364,-2.8108101713992797,-2.8108104078838636,-2.8108101461633797,-2.8108102743974217,-2.8108102022577457,-2.810810413039461,-2.8108103663134503,-2.810809846818917,-2.8108104691830835,-2.810810231305663,-2.8108099726740687,-2.8108102420157794,-2.810810057846335,-2.8108102990855266,-2.810810269710056,-2.8108102033092655,-2.81081032397158,-2.8108102190062434,-2.8108102931084007,-2.8108103157936233,-2.8108101726096297,-2.8108102542679854,-2.8108103077985342,-2.8108102614116697,-2.8108102512533297,-2.8108100349974943,-2.8108100814994907,-2.8108101530625924,-2.810810161008864,-2.8108102864232674,-2.8108101666617853,-2.8108102578807874,-2.810810305402062,-2.810810273231367,-2.810810273646915,-2.810810266535438,-2.810810180616654,-2.810810305526198,-2.8108103283134223,-2.810810280404632,-2.8108103820161623,-2.8108101989173813,-2.8108102318000094,-2.8108103472326462,-2.810810307648699,-2.810810295528663,-2.8108103662228094,-2.8108103198610923,-2.8108102375617836,-2.810810214414765,-2.810809930374307,-2.8108102087088573,-2.8108103311613277,-2.810810337132876,-2.8108103222828906,-2.81081024725568,-2.810810199758487,-2.8108102366887375,-2.8108102143379665,-2.8108101860629464,-2.8108102139474473,-2.810810136268874,-2.8108102195400826,-2.81081030637363,-2.810810256630255,-2.8108105257850697,-2.8108105278695845,-2.8108105852255405,-2.810810602950023,-2.8108105830145167,-2.8108104720910587,-2.810810685397411,-2.810810428255852,-2.8108103500427757]}