{"parameters":[[5000,-0.001,1.0e-8],[2000,-0.0001,1.0e-9]],"runtime":13730.22438344,"energies":[-3.3311637322011602,-3.3311633940437453,-3.331166182197836,-3.331162870801342,-3.3311689652961403,-3.331168316149518,-3.331163914803693,-3.331165801907434,-3.331168072641442,-3.331165580487101,-3.33116372432848,-3.3311651366180755,-3.331167085410447,-3.3311682411134553,-3.331169018274805,-3.331168126046599,-3.3311694599217434,-3.3311695705444184,-3.3311687249314215,-3.3311700491252307,-3.331171858301286,-3.3311703993795456,-3.3311720383480248,-3.331170055807043,-3.331170045447846,-3.331169729516773,-3.3311678998936642,-3.3311710042792906,-3.3311728625986863,-3.3311682472920103,-3.331171088225573,-3.3311680326373287,-3.331172822081141,-3.3311721959029175,-3.3311718349489126,-3.3311710128731944,-3.3311743168196752,-3.331166258920152,-3.331172153150067,-3.3311721858338914,-3.3311714087304223,-3.331173095317644,-3.3311708396186717,-3.3311685123040493,-3.3311650501812604,-3.33116839669059,-3.3311708398112496,-3.3311728902310183,-3.3311689332009746,-3.3311760106420976,-3.3311745814078284,-3.3311716865187826,-3.331173892265479,-3.3311742282611574,-3.33117405937229,-3.3311767196412863,-3.3311758103973697,-3.3311770294149157,-3.331173540365283,-3.33117446493688,-3.3311751868001522,-3.3311746876357047,-3.3311718874464873,-3.3311749163722886,-3.3311745767183036,-3.3311730452220973,-3.3311765243546594,-3.331175656553078,-3.3311765389714663,-3.331168521630681,-3.33117665228281]}