{"parameters":[[1000,-0.001,1.0e-8],[1000,-0.0001,1.0e-9]],"energies":[-3.2744625718512665,-3.274447375977362,-3.274461954537723,-3.274470384709316,-3.2744617361684227,-3.2744530830625687,-3.274461508016124,-3.2744557720081895,-3.274458166239052,-3.274459959978694,-3.274461488194883,-3.274457987607531,-3.274468514463801,-3.2744678312970072,-3.2744624023306566,-3.2744701513531997,-3.274459127570025,-3.2744636687279254,-3.2744692605296866,-3.274474473637797,-3.2744634209045893]}