{"parameters":[[2000,-0.001,1.0e-8],[1000,-0.0001,1.0e-9],[200,-1.0e-5,1.0e-9]],"runtime":5160.888892947,"energies":[-3.2837839118471344,-3.284392754063392,-3.284651952185754,-3.2848058565245863,-3.2849060386672213,-3.2849721901991855,-3.2850207237004154,-3.2850552720372437,-3.2850839812047323,-3.285104878816071,-3.285120785376988,-3.2851335229893652,-3.285146550385832,-3.285156303715687,-3.285163912441343,-3.2851730302699993,-3.285179050892674,-3.2851866819056985,-3.2851909389691603,-3.285197537200025,-3.2852023162917567,-3.285203313021385,-3.285204103418257,-3.2852039084467326,-3.285205057263294,-3.285205008997596,-3.2852079878999025,-3.285208481026005,-3.285206183802579,-3.2852091885266645,-3.2852083816119992,-3.2852114431819763,-3.2852106554679232]}