{"parameters":[[10000,-0.001,1.0e-8],[1000,-0.0001,1.0e-9]],"runtime":4784.26048651,"energies":[-3.1931233256039517,-3.1935267621872634,-3.193753737627846,-3.1939185711113547,-3.194038172715478,-3.1941419077726776,-3.194221673735721,-3.1942796493282746,-3.1943221709002314,-3.1943667370243833,-3.194395243973194,-3.194428775423593,-3.1944483372947197,-3.1944626279920696,-3.1944816919195542,-3.194494081285832,-3.194495953048978,-3.194520834657067,-3.1945237518027736,-3.194531563716341,-3.194537239830818,-3.194542516514922,-3.194541113593408,-3.1945492515821448,-3.19455153936116,-3.1945497190714978,-3.1945646149801052,-3.1945593477936995,-3.194558523902244,-3.1945564328890725,-3.1945675947428187,-3.1945681577883063,-3.1945612981365907,-3.1945610514479847,-3.1945692893482103,-3.1945542023677724,-3.1945651833583693,-3.1945646240559276,-3.19457321874196,-3.1945628319739345,-3.194576047316339,-3.194573612239018,-3.1945642139158332,-3.1945762041228978,-3.1945780062228453,-3.194576054263276,-3.1945724847709496,-3.1945774616007387,-3.194575275187639,-3.194575990041404,-3.194569045329864,-3.1945765871720746,-3.1945755419875272,-3.194578484564884,-3.1945759288616085,-3.194581740241728,-3.194579071627538,-3.19457710688976,-3.1945770737016765,-3.19457628958242,-3.1945700325295476,-3.1945706198065573,-3.194577245129399,-3.194566000429102,-3.194580576638078,-3.194572764447499,-3.194560340677924,-3.1945715621132402,-3.1945831464250984,-3.19457333382532,-3.1945739454129782,-3.1945821701687453,-3.1945801498291635,-3.1945731685813152,-3.194577746314976,-3.194584976297862,-3.194567541067296,-3.1945760951926103,-3.1945745656563727,-3.194581833781372,-3.194583160209582,-3.1945715886335044,-3.1945750810095355,-3.1945744360535904,-3.19457623876903,-3.194575045675011,-3.1945752332352995,-3.1945639995230404,-3.1945751292573843,-3.194577958287484,-3.194574084145682,-3.19458128791581,-3.194568258378821,-3.1945778237585336,-3.1945757616005235,-3.1945850934291604,-3.1945759874474975,-3.1945802089900286,-3.194578738672669,-3.1945745593580104,-3.1945670501340744,-3.1945734763756466,-3.194584838578945,-3.194571924506913,-3.194579034609073,-3.1945788717083548,-3.194576927535802,-3.194579203678545,-3.1945855478656497,-3.1945835348963048,-3.1945729985877995]}