{"parameters":[[2000,-0.001,1.0e-8],[1000,-0.0001,1.0e-9]],"runtime":4189.772126292,"energies":[-3.46909739557472,-3.4695302504332357,-3.469694683939491,-3.4697828763683263,-3.469832587052928,-3.46986378705351,-3.469882645606985,-3.469893743230098,-3.4699037591677424,-3.4699080783150316,-3.469912391016208,-3.4699137967166935,-3.4699158551885025,-3.469916252936935,-3.469917184207435,-3.4699171813677747,-3.469917012503642,-3.469917560563928,-3.4699178005952445,-3.4699180049339686,-3.4699190992086355,-3.4699194096381487,-3.469919162123687,-3.4699198546635768,-3.4699193389387943,-3.469920366678861,-3.4699194607094412,-3.469920340941411,-3.469919950686481,-3.469920762268515,-3.469920170069872]}