{"parameters":[[10000,-0.001,1.0e-8],[1000,-0.0001,1.0e-9]],"runtime":21284.116098289,"energies":[-2.914450880512443,-2.653600759143299,-2.785586633484253,-2.839370785818242,-2.8842207450875077,-2.899689034743479,-2.8891308803466345,-2.8391289504545436,-2.636007140882373,-2.6391262123546975,-2.764631013292674,-2.829304953341242,-2.8743588363079815,-2.8991041109453413,-2.9083876961842043,-2.911765454258375,-2.913339696353079,-2.913879402459039,-2.914470003150412,-2.9145073607933987,-2.9146719365467075,-2.9146464148685625,-2.915087255805347,-2.915336967493895,-2.9154397927256226,-2.915469803237092,-2.9154783858178455,-2.9154790946247386,-2.9154699019337023,-2.9154727395159368,-2.9154864276456944,-2.9155367495384796,-2.9155875402806446,-2.9156170520450426,-2.915713987760266,-2.9156923335966334,-2.9157266039228813,-2.915757624763643,-2.915775388682348,-2.915811548840658,-2.9158444557657917,-2.915859003470358,-2.9158595634493567,-2.915851544987942,-2.9158511720351994,-2.915880913982068,-2.915933809088033,-2.915973507647789,-2.9159855084917483,-2.915979701947215,-2.9159611968345405,-2.9159470554098452,-2.9159396157463124,-2.9160516762492055,-2.9160750630740964,-2.9160788394186596,-2.9160794400329553,-2.9160778935197555,-2.9160775907169696,-2.916077405987096,-2.916078256523784,-2.916077871360156,-2.916077948228215,-2.9160766855233415,-2.916075757517258,-2.91607543857841,-2.9160747180309325,-2.916073843850098,-2.9160729246987334,-2.916072022217155,-2.9160710912491687,-2.9160700711571073,-2.9160689693650297,-2.9160677802453505,-2.91606643065376,-2.916064784897563,-2.916062585035375,-2.9160592756932875,-2.916162982722994,-2.916196393250322,-2.916200535695003,-2.9162014853991747,-2.916201805158899,-2.9162019431306927,-2.9162020409921157,-2.9162020804017423,-2.9162021043639297,-2.9162021248961487,-2.9162021372180797,-2.91620214466373,-2.9162021531483933,-2.9162021551694166,-2.9162021543082246,-2.916202153625554,-2.9162021579790225,-2.91620216276464,-2.9162022794615825,-2.9162023451971475,-2.9162024125894823,-2.916202444251295,-2.9162024774464,-2.9162024930982264,-2.916202510516428,-2.916202526507168,-2.9162025313334494]}