{"parameters":[[5000,-0.001,1.0e-8],[1000,-0.0001,1.0e-9]],"energies":[-3.2927674549420685,-3.292766298475523,-3.2927672649454163,-3.2927677869104253,-3.2927676723889823,-3.2927673496526326,-3.292769734678692,-3.2927688142823985,-3.2927685963038575,-3.292770601629025,-3.2927711920052802,-3.2927701603524513,-3.292770838595445,-3.292771441994843,-3.2927716622141987,-3.2927719534360906,-3.2927736764533737,-3.292772543988926,-3.292772874120806,-3.2927740737832427,-3.292773046500401,-3.2927738220240688,-3.292775035820452,-3.29277514187863,-3.2927745652951255,-3.2927765378372365,-3.2927742398497144,-3.2927769785332597,-3.292776766260177,-3.292777444341373,-3.29277730698913,-3.292777556801878,-3.292776744637959,-3.292776971252651,-3.2927787515854057,-3.2927781366072075,-3.292778996012749,-3.292778034919197,-3.2927789825128393,-3.2927792896576937,-3.292780707671657,-3.292779258002999,-3.2927790854825636,-3.292779794572768,-3.292780206402176,-3.2927810217546716,-3.2927809670787145,-3.292780278046501,-3.292782133542701,-3.292781773887201,-3.2927810584717037,-3.2927825110374607,-3.2927820072288716,-3.2927818845481216,-3.2927822946339376,-3.292782415408068,-3.292783366252597,-3.292782743891417,-3.292783384017204,-3.292783740091081,-3.292781320432191]}