{"parameters":[[2000,-0.001,1.0e-8],[1000,-0.0001,1.0e-9]],"runtime":6974.075565567,"energies":[-3.1517334502932557,-3.152009188381559,-3.1521253784928933,-3.1521972534679636,-3.152243223105055,-3.1522750122193886,-3.1523002268646207,-3.1523155329324988,-3.152326053110559,-3.1523390639556763,-3.1523433777836765,-3.152352544313905,-3.1523529439876476,-3.152358795981616,-3.152361303777961,-3.1523640539402793,-3.152364210596638,-3.152367248166802,-3.1523674426811117,-3.152371298840368,-3.152369170416942,-3.1523699995780174,-3.1523683486498206,-3.152367258448725,-3.152369420130277,-3.1523729630529784,-3.1523703468970834,-3.152372211139313,-3.1523751293581337,-3.1523719906239327,-3.1523696906886682]}