{"parameters":[[1000,-0.001,1.0e-9],[1000,-0.0001,1.0e-9]],"energies":[-3.257392766169306,-3.2573916694271867,-3.257391138647412,-3.2573909568445494,-3.2573910125914987,-3.2573912146763613,-3.257391390713434,-3.257391460935977,-3.2573916052128604,-3.2573917573022793,-3.2573919332108883,-3.257392352625013,-3.2573927074394726,-3.257393023224974,-3.2573932222090587,-3.257393410359077,-3.257393557298601,-3.2573937073379096,-3.257393869251295,-3.2573940211790617,-3.257394141526418]}