{"parameters":[[10000,-0.001,1.0e-8],[1000,-0.0001,1.0e-9],[200,-1.0e-5,1.0e-9]],"runtime":4482.516201559,"energies":[-3.2103973814438103,-3.2108164833372617,-3.2110535764321964,-3.2112300240814715,-3.2113666729609904,-3.2114734742844098,-3.2115638352570093,-3.211630194584815,-3.2116884543864703,-3.211736931113675,-3.2117764776669375,-3.2118049771440034,-3.2118345394411643,-3.211855903484715,-3.2118744864073925,-3.211894924326977,-3.2119082988421117,-3.211917768559122,-3.211933950049356,-3.211938994455554,-3.211946126404354,-3.2119514343203446,-3.21195772585828,-3.211966258729324,-3.211970665552865,-3.211973666210497,-3.2119771881010077,-3.2119844843120586,-3.21198626199956,-3.2119855913607847,-3.2119896594575477,-3.211991371522786,-3.2119927864568165,-3.2119952024754963,-3.2119973076659947,-3.2120000370483783,-3.21200058856794,-3.2119985300783096,-3.212001217472691,-3.212004507755626,-3.212002182797155,-3.2120038429622917,-3.2120053223744955,-3.212004253948602,-3.2120078537986765,-3.2120046703920697,-3.2120027417776402,-3.2120094273248343,-3.2120096288459825,-3.212010052985229,-3.2120090740424097,-3.212008847918681,-3.212002820655812,-3.2120110448272277,-3.212013055046939,-3.2120108364291498,-3.212008716023742,-3.2120129616891573,-3.2120135781283508,-3.212011103584737,-3.212007783395362,-3.2120111756144962,-3.2120127823353055,-3.2120123720300704,-3.2120107644590883,-3.2120130797178037,-3.2120115264011244,-3.2120135522239117,-3.2120159467191978,-3.2120154609838436,-3.212013269745877,-3.212013804156007,-3.2120126455184907,-3.212012426044898,-3.2120095464304965,-3.212010916120302,-3.212008916853318,-3.2120103395756723,-3.212009223870573,-3.2120158495614857,-3.2120136597070337,-3.2120146007091894,-3.212014744860439,-3.2120130318418965,-3.212013834572484,-3.212011042588177,-3.2120119029611196,-3.212013123517776,-3.2120097760416035,-3.212012857750708,-3.212005849193255,-3.2120157001443,-3.2120090194721627,-3.2120128640537473,-3.212011705468565,-3.212013819874897,-3.2120138668858913,-3.2120136128392938,-3.212013693993767,-3.2120109601428495,-3.2120118428937587,-3.212014223581169,-3.212014463966281,-3.212010716357093,-3.212016370253569,-3.212013679352575,-3.2120116481108685,-3.2120138774147073,-3.212010216946815,-3.212015594432767,-3.21201315674779,-3.212012367308498,-3.2120152958008417]}