{"parameters":[[5000,-0.001,1.0e-8],[2000,-0.0001,1.0e-9]],"runtime":78706.45447166,"energies":[-3.22947695342759,-3.229841591786337,-3.2299721273622684,-3.2300473154871736,-3.2300957077504546,-3.230129718155947,-3.2301549190756615,-3.23017491914828,-3.230190780960541,-3.2302037240145047,-3.2302149224720282,-3.230224359309768,-3.2302325311212785,-3.230239395549243,-3.230245673626104,-3.2302506936345203,-3.2302559321491895,-3.230259932736076,-3.2302640465533496,-3.2302670041286974,-3.2302704739053976,-3.230273311634753,-3.2302757062946648,-3.2302781069158253,-3.230280423941819,-3.2302821248769193,-3.2302840395201895,-3.230285497322886,-3.230287086185213,-3.230288450613439,-3.230289584659229,-3.230291159961265,-3.2302919956807017,-3.2302930705055473,-3.2302936689237978,-3.2302946564919095,-3.2302954259944494,-3.230295873847451,-3.230296972252129,-3.2302974785560625,-3.2302983117196495,-3.2302990680792356,-3.2302994199355215,-3.230300071204992,-3.2303006920119683,-3.230301123167106,-3.2303014575532107,-3.230301815659965,-3.230301949340807,-3.230303004043746,-3.2303028707425305,-3.2303035731019696,-3.230303238246876,-3.230304046308003,-3.2303038454283888,-3.2303046500413126,-3.230304571550111,-3.23030445877291,-3.2303050914914855,-3.230305058578538,-3.2303051074581903,-3.230304814826727,-3.2303052294879158,-3.230305102713051,-3.2303052073771426,-3.230305324506714,-3.2303057920572615,-3.2303058143884407,-3.2303058641464117,-3.2303057218595086,-3.2303062322713134]}