{"parameters":[[2000,-0.001,1.0e-8],[1000,-0.0001,1.0e-9]],"runtime":3304.433723382,"energies":[-2.5931689156426647,-2.593173107025708,-2.593174520278768,-2.5931752939156674,-2.5931756799448222,-2.5931758775074245,-2.5931759750226595,-2.593176061536531,-2.5931761121456547,-2.5931760610294528,-2.593176110567745,-2.5931761069456964,-2.5931761154072746,-2.593176122366688,-2.5931761617057694,-2.5931761265269175,-2.593176127946788,-2.593176152089022,-2.5931761632688444,-2.59317612016346,-2.5931761434011253,-2.593176208740661,-2.593176192957448,-2.5931762455747474,-2.5931763108323698,-2.593176355853274,-2.5931763733274877,-2.5931763960279,-2.5931764064156946,-2.5931764355987603]}