{"parameters":[[2000,-0.001,1.0e-8],[1000,-0.0001,1.0e-9]],"runtime":7542.167944805,"energies":[-3.3760944508101445,-3.376638555115328,-3.376856210885184,-3.3769799056618437,-3.3770540629816455,-3.3770984524449363,-3.3771309608215865,-3.3771522746861042,-3.3771628392452566,-3.3771733834930857,-3.377182306135063,-3.377190870023905,-3.3771929193124066,-3.377195322533307,-3.3771994708026307,-3.3771993167713954,-3.377195814369548,-3.377198421445459,-3.3772010538001704,-3.3772005560128724,-3.377202424762787,-3.3772027910778735,-3.377200414099475,-3.3772049162056845,-3.3772042197362535,-3.377202556005301,-3.3772053449262147,-3.377204440108253,-3.3772034635577675,-3.3772060950806377,-3.3772043164898062]}