{"parameters":[[5000,-0.001,1.0e-8],[1000,-0.0001,1.0e-9]],"energies":[-3.3111868049542488,-3.311186282826193,-3.3111870184023364,-3.3111872555290818,-3.3111869595965375,-3.311188040574044,-3.311187092189551,-3.3111885717976746,-3.311190389088851,-3.3111902427077653,-3.3111906437647933,-3.311191694466209,-3.311192480614175,-3.3111918951458463,-3.3111925246067098,-3.3111929494639387,-3.31119335614751,-3.3111926532095275,-3.311193374177603,-3.311194905569395,-3.3111947222200167,-3.311195550722503,-3.3111960929644972,-3.311195471812985,-3.3111966704357036,-3.3111964290489935,-3.3111974853501955,-3.3111963491742964,-3.311197140426483,-3.3111972360235455,-3.311198067841853,-3.3111982699826537,-3.311198171845088,-3.3111997383172107,-3.3112000124734893,-3.3111995290797482,-3.3111985006377447,-3.3111996153703283,-3.3112008044549164,-3.311199908935797,-3.3112016324280877,-3.3112010089497654,-3.3112021524080175,-3.31120060319565,-3.311201167192176,-3.3112009536433122,-3.3112024963805604,-3.311201346590686,-3.311200317605839,-3.3112026674927773,-3.311202311854092,-3.311204312172752,-3.311203816296358,-3.3112044497756505,-3.311203895028978,-3.3112039606480517,-3.3112034016397978,-3.3112048508498866,-3.3112053184164214,-3.3112039755747653,-3.31120446284807]}