{"parameters":[[10000,-0.001,1.0e-8],[1000,-0.0001,1.0e-9],[200,-1.0e-5,1.0e-9]],"runtime":4667.612948404,"energies":[-3.234845763490855,-3.2352952362411487,-3.235557680809841,-3.2357584440366534,-3.235912509031684,-3.2360402934141326,-3.236142702323262,-3.2362286886451224,-3.236298631245908,-3.236357933174569,-3.23641001956497,-3.236452962124879,-3.2364886683526852,-3.2365206060154765,-3.236545576651636,-3.236572064020835,-3.236590401573109,-3.2366072308008,-3.236624281083047,-3.236638108054984,-3.236655852888009,-3.2366637605006003,-3.2366703795581593,-3.236686001200209,-3.236689026020939,-3.2366991850780544,-3.236703468074628,-3.2367101545961416,-3.236714984101929,-3.2367178851454,-3.2367256570979444,-3.2367277367642884,-3.2367288506300866,-3.236735453982319,-3.236736148383498,-3.23673919801052,-3.2367398977278454,-3.2367401400606273,-3.2367481977139385,-3.23674590543302,-3.236747807462304,-3.2367492893275767,-3.2367515671479716,-3.236756011118705,-3.236756754280434,-3.236753581079458,-3.2367571742012724,-3.236754368801127,-3.2367584002229455,-3.2367588531653952,-3.2367607637632068,-3.2367582338359604,-3.236762981450228,-3.236765087041545,-3.236763865551578,-3.2367598427352826,-3.2367633820259423,-3.2367639588391155,-3.2367688328976936,-3.236767327939107,-3.2367678806281237,-3.236764491134011,-3.2367652179597535,-3.2367670019165766,-3.236765210283078,-3.2367674707806597,-3.2367708678488336,-3.2367700695671884,-3.2367657823650005,-3.2367719575065745,-3.2367694810410876,-3.2367680084062798,-3.2367699646163977,-3.2367710498456472,-3.236770311848108,-3.2367680616919614,-3.2367724266957425,-3.236770785936631,-3.236770848913182,-3.236770503259714,-3.2367711848112837,-3.2367727886347857,-3.236771232689933,-3.236777188376867,-3.2367741968784807,-3.2367729520491264,-3.2367722698766253,-3.2367726277532305,-3.2367730143486404,-3.2367732878005055,-3.2367713135322815,-3.236774463366852,-3.236771824704551,-3.2367744698005088,-3.2367703642187866,-3.2367710819722144,-3.2367714565451378,-3.236772650116852,-3.236769371826118,-3.2367721725851166,-3.2367677600798372,-3.236768560289504,-3.2367753166852475,-3.2367751762778227,-3.236773288455948,-3.236774520395032,-3.2367748763831465,-3.2367735855252113,-3.2367745864311837,-3.236773599717953,-3.2367727931866392,-3.2367720100812427,-3.2367749342231087]}