{"parameters":[[10000,-0.001,1.0e-8],[1000,-0.0001,1.0e-9]],"runtime":3579.910603856,"energies":[-3.150667577993763,-3.151016383877933,-3.151199122497915,-3.1513217257503023,-3.1514122445657025,-3.151484769452205,-3.151542694309116,-3.1515777337423634,-3.1516101809456973,-3.1516393510439533,-3.1516541480015072,-3.1516678980598787,-3.15168792930248,-3.1516874896782063,-3.151694187213248,-3.15170512752629,-3.151710884326204,-3.1517167216564816,-3.151719702936452,-3.1517183229128274,-3.1517290912445066,-3.151730905800066,-3.15172905664157,-3.15173198834152,-3.1517303221112303,-3.151734374129025,-3.1517364168947024,-3.1517313503099444,-3.151733513292265,-3.1517393308624713,-3.151736798572414,-3.1517314394800655,-3.1517362079891007,-3.1517397835147047,-3.1517357069297196,-3.151734515012331,-3.151739081379896,-3.1517418401005775,-3.151730255825783,-3.1517360479114847,-3.151739402727941,-3.1517396246319933,-3.151735883615821,-3.151739039920166,-3.1517376517413815,-3.1517359107177363,-3.1517393053571725,-3.151739958860251,-3.151739630132105,-3.1517426438738667,-3.151738964833042,-3.151732251063213,-3.151737832430559,-3.151742571561491,-3.151738434705158,-3.1517385194231506,-3.1517388284161316,-3.1517417755119452,-3.151742420074356,-3.1517404561307227,-3.1517410305043114,-3.1517370209132447,-3.151741278118747,-3.1517386566710535,-3.151737336710731,-3.1517377587016036,-3.1517394636185254,-3.1517369330092437,-3.1517362788264256,-3.151740049112238,-3.1517368885709818,-3.151743813355196,-3.151744518915957,-3.1517395454008947,-3.15173477795301,-3.1517412940546192,-3.151731481519528,-3.1517369305731804,-3.1517411643903412,-3.151738061974499,-3.151728375321294,-3.1517424748617877,-3.151743051359717,-3.151740232682096,-3.1517456815841953,-3.151735657231338,-3.1517303215677432,-3.1517363736326756,-3.1517336243687337,-3.151741387726786,-3.151737363016644,-3.1517399798546517,-3.151734002577931,-3.151736748818114,-3.151743595121117,-3.1517356554139315,-3.151734782833251,-3.151736226088113,-3.151741003030753,-3.151739040379316,-3.1517360384088984,-3.1517409712646716,-3.151739325723839,-3.1517309355662304,-3.151742514893338,-3.1517432766413553,-3.151739233819561,-3.1517422114466367,-3.1517371328212107,-3.1517405094004554,-3.151739133632351]}