{"parameters":[[10000,-0.001,1.0e-8],[1000,-0.0001,1.0e-9]],"runtime":3986.330283734,"energies":[-2.880081707629791,-2.880182789747721,-2.8802100357089344,-2.880222802969604,-2.8802297882214525,-2.8802337824389377,-2.880236324928338,-2.88023767375184,-2.880238591610017,-2.8802390346689895,-2.880239712589879,-2.880240095584206,-2.8802402062563255,-2.8802402350146012,-2.880240362987877,-2.880240617954056,-2.8802406199339545,-2.8802406638793334,-2.880240652292482,-2.8802407340749427,-2.880240642304244,-2.8802406906735545,-2.880240780225267,-2.8802407888157684,-2.880240788429334,-2.8802408750910056,-2.8802408968610367,-2.8802409797179154,-2.880240992820013,-2.880240845991441,-2.8802407861772203,-2.8802407820217146,-2.8802407159899492,-2.8802408265458004,-2.880240788140869,-2.880240785928872,-2.880240929950341,-2.8802407323242223,-2.880240757100786,-2.8802407720850836,-2.880240519895736,-2.8802407725506676,-2.8802408169803875,-2.8802407117885838,-2.8802408263256676,-2.880240639813475,-2.8802408249065596,-2.8802408398130575,-2.8802409838850784,-2.8802408009194207,-2.880240614208769,-2.880240915922261,-2.8802408495912455,-2.8802408640464043,-2.8802408268271718,-2.880240820276503,-2.880240738204525,-2.8802406443499846,-2.8802407838437087,-2.880240764897843,-2.880240717253106,-2.880240785217013,-2.8802407680376545,-2.880240821581047,-2.8802408694633113,-2.880240842960076,-2.8802408089063376,-2.8802407786857667,-2.8802408069274397,-2.8802408177513796,-2.880240758092427,-2.8802407571660424,-2.8802407455529924,-2.8802408607946264,-2.880240874893354,-2.8802407057092787,-2.880240936818056,-2.8802407751061168,-2.880240783717596,-2.8802407100721705,-2.880240667054577,-2.8802406148429034,-2.880240763952216,-2.8802408288723376,-2.8802408402471142,-2.8802409296636515,-2.880240780756989,-2.8802407917869073,-2.880240707761134,-2.8802407526023055,-2.880240613744766,-2.8802407869017155,-2.8802407440477036,-2.8802407883711068,-2.8802408234437,-2.8802406720232607,-2.8802407689314853,-2.880240875310093,-2.8802408153070584,-2.880240772392487,-2.8802408336086827,-2.8802409544632273,-2.8802408915762236,-2.880241050890048,-2.880240976595466,-2.8802411095626796,-2.88024117351238,-2.8802411810469963,-2.8802411609952987,-2.880241162396581,-2.880240975399514]}