{"parameters":[[10000,-0.001,1.0e-8],[1000,-0.0001,1.0e-9]],"runtime":5978.435897582,"energies":[-3.290144281527058,-3.2906495464903984,-3.2909600677533746,-3.291201981038854,-3.291393828961137,-3.2915635753057626,-3.291702666538556,-3.2918251046386495,-3.291925533787189,-3.2920131683970277,-3.292092462701851,-3.292162257463782,-3.292227990898886,-3.292278430619211,-3.2923298096203264,-3.292376307003011,-3.2924096560541023,-3.292444958755719,-3.2924785051505063,-3.292505654206711,-3.2925394109353205,-3.2925621416187005,-3.29258871122884,-3.29260971749593,-3.292625205038763,-3.2926466124284643,-3.2926587310270534,-3.2926753190135214,-3.2926883290207143,-3.2927028923621293,-3.2927157556383424,-3.292725143356199,-3.2927395538243402,-3.2927468213908266,-3.2927533089481957,-3.2927643982856614,-3.2927714505439685,-3.2927802360225096,-3.2927888383191033,-3.2927933087983816,-3.292802543773306,-3.2928071961476673,-3.292822626604311,-3.292826188037946,-3.292827775268183,-3.292838939010845,-3.292838065624609,-3.292838560453789,-3.2928443440665065,-3.2928484163965503,-3.292859974207447,-3.2928492321490945,-3.2928587971786545,-3.292867329330526,-3.292869253115194,-3.292872906795104,-3.2928756496654246,-3.292880646180587,-3.2928815148596575,-3.292884092962194,-3.292890901505537,-3.292896345460067,-3.292901508528773,-3.2928954276503384,-3.292903948380225,-3.2929072045350734,-3.2928986074962294,-3.2929114646342263,-3.2929119324116543,-3.292915077567901,-3.2929090162286925,-3.2929095916537294,-3.2929205990548827,-3.2929204911599754,-3.292919426595508,-3.29291849179159,-3.2929161854903715,-3.2929277344317662,-3.2929260562210567,-3.292929278932007,-3.2929317068638215,-3.2929268116326504,-3.2929333676598853,-3.292929028787677,-3.2929325115700223,-3.292934783908729,-3.2929387916619035,-3.2929364108931707,-3.2929394021520864,-3.2929455428386643,-3.2929380462243527,-3.2929413377252064,-3.292944665373313,-3.2929441545235147,-3.2929498062464195,-3.2929498482247292,-3.2929458763563133,-3.2929574976724036,-3.292947055904926,-3.2929482248396544,-3.292945910496182,-3.2929530905480293,-3.292952412622548,-3.2929540974045888,-3.292951556735475,-3.2929528313886793,-3.2929559335576113,-3.29294919724466,-3.292950862060745,-3.2929557560511795,-3.2929544089664513]}