{"parameters":[[10000,-0.001,1.0e-8],[1000,-0.0001,1.0e-9]],"runtime":3587.2844339,"energies":[-3.609484480054018,-3.6097267922618546,-3.6097704428792756,-3.6097855060491457,-3.609792615982813,-3.6097935820965157,-3.6097721369930134,-3.6097929812076,-3.609784085964261,-3.609782874069475,-3.6097904539928223,-3.609796959040748,-3.609788408369489,-3.609795383838127,-3.609792615453475,-3.609784881153282,-3.6097935167187245,-3.6097922757205856,-3.6097838527166752,-3.609799840756904,-3.6097902032756632,-3.6097948317651807,-3.6097987843740706,-3.6097957812919503,-3.6097882367503407,-3.609787525819078,-3.609792255921737,-3.609796137832215,-3.6097960023682,-3.6097899979187074,-3.6097845220551696,-3.609791567530483,-3.6097964258704747,-3.6097901361592895,-3.6097850296435525,-3.609787339321252,-3.6097884673334453,-3.609794576148549,-3.6097865939469465,-3.60978777316219,-3.609792888589827,-3.609793533267575,-3.6097955739137264,-3.609788320241857,-3.6097920932679832,-3.609790405422266,-3.6097909981228185,-3.6097978334892122,-3.6097961459983403,-3.6097947332742732,-3.6097910992960522,-3.60979434680332,-3.609794711675193,-3.609787696631953,-3.6097920886115125,-3.6097924934746044,-3.609797015814518,-3.609790794858797,-3.609788453790235,-3.6097925729126734,-3.6097961917230323,-3.609787824906442,-3.609781213249472,-3.609793405734428,-3.609787933008239,-3.609796574485575,-3.609789347317296,-3.6097980592878507,-3.6097941491066647,-3.609780490114384,-3.6097867259944088,-3.6097886370056953,-3.6097949073212665,-3.609790654336352,-3.6097933765825356,-3.609798462783779,-3.6097926623863925,-3.6097872400167903,-3.6097926844305364,-3.609787434101319,-3.609783730811907,-3.609792481986168,-3.609796343438787,-3.6097907212420526,-3.609792713640709,-3.6097962835011916,-3.6097949853903177,-3.6097828290533838,-3.609792256303201,-3.609790631196421,-3.609797892017579,-3.609787920913681,-3.609794603530525,-3.6097902387060756,-3.6097913884847013,-3.6097833495240907,-3.609783419560207,-3.60979674115472,-3.6097989975315508,-3.609791692114549,-3.6097932841523086,-3.609785284160433,-3.6097944091688046,-3.609787980016951,-3.609791930105573,-3.6098003281537165,-3.609785938869231,-3.6098000873831992,-3.6097915225744157,-3.609792885662486,-3.6097956482174975]}