{"parameters":[[2000,-0.001,1.0e-8],[1000,-0.0001,1.0e-9],[200,-1.0e-5,1.0e-9]],"runtime":5266.090113607,"energies":[-3.2792095545071263,-3.2798081025288868,-3.2800647526214766,-3.2802153547091866,-3.2803125214814894,-3.2803808102021783,-3.280427009923465,-3.28046242054812,-3.2804890310146915,-3.2805112802935215,-3.280528591546547,-3.280542224065105,-3.280552777721083,-3.2805634143994706,-3.2805718003250384,-3.2805786338068352,-3.280585869628417,-3.2805931241985,-3.2805985987202027,-3.2806032017774784,-3.280606762291437,-3.28060865475716,-3.2806097478830383,-3.2806123709211956,-3.2806119535851472,-3.2806134924701857,-3.2806137900119365,-3.280615485177765,-3.2806159975931495,-3.2806142027573957,-3.280615622440078,-3.280616242015129,-3.280615028732606]}