{"parameters":[[10000,-0.001,1.0e-8],[1000,-0.0001,1.0e-9]],"runtime":3248.399593685,"energies":[-2.952854241256467,-2.9530013255014893,-2.9530519436463267,-2.9530787534785197,-2.9530945949976677,-2.9531042938356915,-2.9531108616737436,-2.9531139818611303,-2.953116944792396,-2.9531182666230222,-2.9531197926944452,-2.9531190242021417,-2.9531210742415217,-2.953122243774351,-2.9531215258095624,-2.9531222700408777,-2.953123042632381,-2.953122681437609,-2.9531225897226014,-2.9531226045828536,-2.9531223575809262,-2.9531227762548626,-2.953122678791687,-2.9531227981397947,-2.9531225964277947,-2.9531230745445516,-2.95312281970949,-2.953123055233908,-2.953122933599833,-2.9531230631913754,-2.9531230187203037,-2.9531226438289515,-2.9531226243818116,-2.953122564203319,-2.9531226585954977,-2.95312265130593,-2.9531232975714135,-2.9531229069825047,-2.953122776401174,-2.953122192360635,-2.953122801904911,-2.9531217116434774,-2.953122955463822,-2.953122619851559,-2.9531231206538573,-2.9531228486985004,-2.953123168523449,-2.9531216713860102,-2.9531229256624085,-2.953122853056282,-2.953123350960629,-2.95312219197908,-2.9531230384931693,-2.9531227592453604,-2.9531220337719333,-2.953122726912076,-2.953123104856766,-2.953122835670177,-2.953121674259424,-2.95312290749487,-2.9531229173748645,-2.95312273025067,-2.9531222046494445,-2.953123084123421,-2.9531233667395504,-2.953122974985897,-2.953122398279098,-2.953123110706776,-2.9531225742868203,-2.953123157973408,-2.953122719312592,-2.953122538127693,-2.953122917112771,-2.9531215712892465,-2.953121687675925,-2.953121780978604,-2.9531237243948105,-2.9531218916250315,-2.953123112457761,-2.9531228888247725,-2.9531227385333247,-2.9531223121292705,-2.9531235061958823,-2.9531228759965398,-2.953123399281367,-2.953122639751032,-2.9531231609986692,-2.9531230550934096,-2.9531222301568154,-2.95312310146222,-2.9531230911202324,-2.9531226349083086,-2.953122881649957,-2.9531230299579425,-2.9531219478596142,-2.953123534772166,-2.953123236927281,-2.953122824873878,-2.9531224051302916,-2.953122969695579,-2.9531227480975435,-2.953123166550903,-2.9531229303726185,-2.9531227694824334,-2.9531235183107407,-2.953123071962951,-2.9531231240283895,-2.953123308065837,-2.9531239426309486,-2.9531235574976895,-2.953123686291169]}