{"parameters":[[2000,-0.001,1.0e-8],[1000,-0.0001,1.0e-9]],"runtime":2794.467274416,"energies":[-2.511306179568198,-2.5113079684687505,-2.511308514081752,-2.5113087838133223,-2.5113089184248913,-2.511308996506285,-2.511309043562491,-2.511309047221947,-2.5113090650888386,-2.5113090745893434,-2.5113090786564722,-2.5113090890522716,-2.511309079573055,-2.511309112732576,-2.5113090839561547,-2.511309093086302,-2.511309083110742,-2.511309134104398,-2.51130916942075,-2.5113091892356967,-2.511309219266046,-2.5113092373029,-2.511309250310677,-2.5113092755527884,-2.511309267129627,-2.5113092808609143]}