{"parameters":[[5000,-0.001,1.0e-8],[2000,-0.0001,1.0e-9]],"energies":[-3.2744444603244665,-3.274444067343431,-3.2744433665570902,-3.274443691198062,-3.2744455603061637,-3.2744454278136628,-3.2744448818969407,-3.2744460076264845,-3.2744455389409284,-3.27444455937973,-3.2744447684175553,-3.274446095708334,-3.2744448987040196,-3.2744454732162223,-3.274445273352786,-3.274446825167833,-3.2744467661263825,-3.2744465067698325,-3.2744473214294914,-3.274447865923327,-3.2744477462890487,-3.274448246104143,-3.2744476133405316,-3.2744476783693752,-3.2744476237553237,-3.274447644895477,-3.274448784166638,-3.274449258437134,-3.27444793804464,-3.2744481353017956,-3.2744487268228593,-3.2744489127074106,-3.2744490816313987,-3.2744493105881576,-3.2744470827039573,-3.2744488349551446,-3.274449704938308,-3.274448357275813,-3.274450133312847,-3.2744493899463,-3.274450550613672,-3.2744498505822923,-3.2744501713609635,-3.274449377117419,-3.274449679104556,-3.2744505761806177,-3.274449145662113,-3.274450291935738,-3.274451089054021,-3.2744510108061076,-3.274450533578032,-3.274450834326663,-3.2744516311680076,-3.2744513436311973,-3.2744500486030756,-3.2744519360021886,-3.274451002732076,-3.274452651281092,-3.2744505291221153,-3.274451190655786,-3.2744516726048256,-3.274449611114278,-3.274451428523208,-3.2744522595412606,-3.274452100586914,-3.2744520197952935,-3.2744525607859147,-3.274450999163324,-3.2744520106852684,-3.274452461658044,-3.274451819591433]}