{"parameters":[[2000,-0.001,1.0e-8],[1000,-0.0001,1.0e-9]],"runtime":4234.476927556,"energies":[-2.8802405043052475,-2.880286507135976,-2.880305774148771,-2.880316753369955,-2.8803229925224167,-2.880326558101675,-2.8803285722788927,-2.880329874033115,-2.8803307707906156,-2.8803315894030033,-2.8803316438952566,-2.8803319469887048,-2.8803318547217103,-2.8803321213285455,-2.880332271044413,-2.880332031098358,-2.8803324696898054,-2.880332126938774,-2.8803322077824394,-2.8803320506025885,-2.880331936321234,-2.8803322546982604,-2.8803323785683754,-2.8803325229866883,-2.8803325758793754,-2.8803327991618066,-2.880332573117272,-2.880332599760172,-2.88033246983978,-2.8803328232789265,-2.8803324811184603]}