{"parameters":[[5000,-0.001,1.0e-8],[2000,-0.0001,1.0e-9]],"energies":[-3.3296604728499055,-3.3296588070272817,-3.32965839316028,-3.329658276884998,-3.3296582243263724,-3.329658185592195,-3.329658160030928,-3.3296581455222736,-3.3296581352039913,-3.3296581250909236,-3.329658115022367,-3.329658105649494,-3.329658097019041,-3.3296580889414624,-3.3296580812914627,-3.3296580874055612,-3.3296586145301226,-3.329659006621074,-3.3296593028382464,-3.329659530915789,-3.3296597102967818,-3.329659854387991,-3.329659972335855,-3.3296600704091213,-3.3296601529967313,-3.3296602231630663,-3.3296602831091198,-3.329660334542611,-3.3296603786440118,-3.3296604164268526,-3.3296604487071586,-3.329660476123734,-3.3296604992836034,-3.3296605186828963,-3.329660534780635]}