{"parameters":[[5000,-0.001,1.0e-8],[2000,-0.0001,1.0e-9]],"energies":[-3.3020084441829782,-3.3020070202567737,-3.3020067241620903,-3.3020066181889787,-3.302006582419074,-3.302006580482817,-3.302006590284954,-3.3020066036725417,-3.3020066186510135,-3.302006634648465,-3.3020066512189987,-3.3020066680644278,-3.302006685011082,-3.302006701963415,-3.3020067189999773,-3.302006735992555,-3.30200675295647,-3.3020067699451423,-3.302006786868537,-3.3020068037480934,-3.302006820608854,-3.3020068374109695,-3.3020068541714593,-3.3020068708628294,-3.302006887503352,-3.302006904084858,-3.302006920587858,-3.3020069370187626,-3.3020069533776826,-3.3020069696456753,-3.3020069858343186,-3.3020070019518104,-3.3020070179690677,-3.3020070338799075,-3.302007049707296,-3.3020070654404026,-3.3020070810914364,-3.3020070966207893,-3.3020071120609913,-3.302007127376119,-3.302007142612114,-3.3020071577184615,-3.3020071727322504,-3.3020071876404717,-3.3020072024171734,-3.3020072170903507,-3.3020072316758817,-3.302007246113699,-3.302007260476317,-3.302007274694625,-3.302007288820109,-3.302007792883485,-3.3020081612172643,-3.30200843249612,-3.30200863510579,-3.3020087894223646,-3.302008909614918,-3.3020090053689644,-3.302009083381533,-3.3020091481644323,-3.302009202871547,-3.3020092496771065,-3.3020092901536984,-3.302009325376227,-3.302009356211734,-3.302009383234863,-3.302009406966377,-3.302009427769338,-3.302009445972483,-3.30200946188559,-3.3020094757115044]}