{"parameters":[[1000,-0.001,1.0e-9],[1000,-0.0001,1.0e-9]],"runtime":4902.078165305,"energies":[-3.25792253875084,-3.2579264882517314,-3.257919624195418,-3.257919735736536,-3.257923373792293,-3.257925310409621,-3.2579198436565564,-3.25792353681084,-3.257921544033625,-3.2579222135148123,-3.257923929892516,-3.2579229776204803,-3.257921787917385,-3.2579199367330105,-3.257922356279415,-3.257918974830005,-3.2579222884189463,-3.257923491006875,-3.2579298810056008,-3.25792909384771,-3.257923615527538]}