{"parameters":[[10000,-0.001,1.0e-8],[1000,-0.0001,1.0e-9]],"runtime":3399.204169707,"energies":[-3.068719050275898,-3.0689660614521097,-3.069078836669161,-3.0691488481303217,-3.069194729548812,-3.0692308891151394,-3.069253439677891,-3.0692701195320353,-3.069283130950114,-3.0692884969354064,-3.069297092219947,-3.0693001598439604,-3.0693038566278643,-3.0693088157091752,-3.0693094674400365,-3.0693106328595308,-3.069312654789738,-3.0693146276304053,-3.0693149118633203,-3.069315241860822,-3.069314253685512,-3.0693155877385223,-3.0693139702235404,-3.0693132594549204,-3.0693160789066622,-3.069316770557648,-3.069314194201816,-3.0693165403603273,-3.0693152727630437,-3.0693172532089537,-3.0693165975431964,-3.0693177081054666,-3.0693168259922334,-3.0693166191727603,-3.0693179640639543,-3.0693178150564986,-3.0693168383615728,-3.0693144674139026,-3.0693172306286325,-3.0693137883590103,-3.0693168598009057,-3.0693176226823278,-3.0693175867166085,-3.0693158694987464,-3.069317863590994,-3.0693137756805613,-3.069315244253393,-3.069316462746727,-3.0693189172343454,-3.069318132105373,-3.069313940952301,-3.0693128347292564,-3.069317599934455,-3.0693165719657896,-3.0693162795320426,-3.0693168396255848,-3.0693177508685414,-3.0693171381065727,-3.0693183070574745,-3.0693188479315285,-3.0693177019224542,-3.0693141432379436,-3.069318368018501,-3.0693182172572095,-3.0693174391543177,-3.0693184723390328,-3.0693174509871453,-3.06931760389232,-3.0693097008954497,-3.0693155872503035,-3.069315928775312,-3.0693150234239757,-3.0693180611252746,-3.069316761348375,-3.0693164366431533,-3.0693148608695147,-3.06931716803224,-3.0693174140015564,-3.0693171189816457,-3.0693157603036036,-3.0693139632053006,-3.06931595615132,-3.06931530013202,-3.0693166201156066,-3.0693167548512026,-3.0693184188967955,-3.069316901870719,-3.0693170708053934,-3.069315841587437,-3.0693138163433558,-3.069317847351762,-3.069315270541299,-3.0693175925185594,-3.069318124511887,-3.069316132587746,-3.069313339411354,-3.069316127310375,-3.0693157413055165,-3.0693179636323222,-3.069314922773335,-3.069316914314424,-3.0693182876335072,-3.0693169071408457,-3.0693155275649997,-3.069313027983193,-3.0693190356192486,-3.0693182920224995,-3.069316716497479,-3.0693169178542137,-3.0693141656753413,-3.0693128414384967]}