{"parameters":[[1000,-0.001,1.0e-8],[1000,-0.0001,1.0e-9]],"energies":[-3.2383661238481523,-3.2383656655922914,-3.238365505092105,-3.238364790482755,-3.238364742493255,-3.2383648475436835,-3.238365218017855,-3.2383645775119176,-3.2383649967142256,-3.238365398768261,-3.238364961320287,-3.238364821938266,-3.238365640809081,-3.2383660893953325,-3.238365868294185,-3.2383664865077177,-3.238365987824055,-3.2383669660590857,-3.2383668244801576,-3.2383665698537114,-3.2383673213958497]}