{"parameters":[[2000,-0.001,1.0e-8],[1000,-0.0001,1.0e-9],[200,-1.0e-5,1.0e-9]],"runtime":5775.805661651,"energies":[-3.2746455880841077,-3.275232334822,-3.275482788839478,-3.2756324666339607,-3.275728135344915,-3.2757929278302638,-3.275842510700619,-3.275876856614891,-3.2759030121149495,-3.275923431976809,-3.27593848432627,-3.275956442831994,-3.2759660697259387,-3.275972295697321,-3.2759871035536894,-3.275993059756471,-3.2759995178232555,-3.2760070425099115,-3.2760131936473864,-3.276019630611978,-3.2760249471017358,-3.2760237138355155,-3.2760260426919228,-3.2760254071913772,-3.2760282082116947,-3.276028400570768,-3.2760286964970198,-3.2760297834825454,-3.2760311895903276,-3.276031141653431,-3.2760320885731415,-3.276029618038069,-3.2760294549059794]}