{"parameters":[[1000,-0.001,1.0e-9],[1000,-0.0001,1.0e-9]],"energies":[-3.29387834867548,-3.2938774118074297,-3.2938772049447764,-3.2938772651691215,-3.2938774204570826,-3.2938775286775015,-3.2938771497013946,-3.2938764173171635,-3.2938757845235678,-3.293875516000509,-3.293875552351272,-3.293876024861381,-3.293876410419159,-3.2938767485780414,-3.293877048820409,-3.2938772954859505,-3.2938775205710877,-3.2938777020850027,-3.2938778787898406,-3.293878004256764,-3.2938781211919532]}