{"k":25,"ms":[[-0.26612371143089086,-0.23038725910797087,-0.21441406318349737,-0.21240064236135503],[-0.23600724377883325,-0.18843944564702286,-0.16288936230157836,-0.15160251757882315],[-0.20195464729049828,-0.13552664279487253,-0.11381292301033408,-0.09773005417058249],[-0.16661421173701033,-0.1013753451901587,-0.06845231625100201,-0.046330747820055335],[-0.12288663395420461,-0.05654384850435269,-0.025355294326914298,-0.01582404391272316],[-0.07589360333562553,-0.02630130635894974,-0.010612896854182626,-0.006438136649780088],[-0.029092265853658438,-0.008379097561546887,-0.0036151712284978243,-0.0016970786148015453],[-0.009945482462137303,-0.0015371372692294623,-0.00018448003982088725,3.520364120655814e-5]],"Bs":[3.04,3.05,3.06,3.07,3.08,3.09,3.1,3.11],"blocksizes":[4,8,16,32]}