{"parameters":[[5000,-0.001,1.0e-8],[2000,-0.0001,1.0e-9]],"runtime":12718.925883067,"energies":[-3.2120284939903776,-3.212433676443862,-3.212603376074596,-3.212706556097616,-3.2127728079277524,-3.2128215329511547,-3.2128560000583932,-3.2128849759601845,-3.2129042532809216,-3.2129224520218136,-3.21293322232669,-3.2129441710494504,-3.212953719279983,-3.2129619427923313,-3.2129626357490464,-3.212974374761993,-3.212974789429204,-3.2129850337227364,-3.212984560380975,-3.2129892858532374,-3.2129882226490123,-3.212993501481714,-3.212996196795115,-3.212998688152622,-3.212997477435702,-3.2129983530424626,-3.2130029489769765,-3.2130034290363803,-3.2130070007048013,-3.2130072759072075,-3.213007527525757,-3.2130041321555485,-3.213006281673813,-3.2130046134855186,-3.2130049381613794,-3.2129993343153993,-3.2129964501639012,-3.213002376756828,-3.212998676976839,-3.2129988310447746,-3.212987340123254,-3.212987422170284,-3.212982354164792,-3.2129737733914023,-3.212975179493316,-3.2129724692728305,-3.212965627276222,-3.2129508314046897,-3.2129289235447303,-3.212932557124077,-3.2129235744944458,-3.2129147909203004,-3.21287631974816,-3.212913190254444,-3.2129257380885896,-3.2129233992442288,-3.212905937555193,-3.2128918286938575,-3.212909420774024,-3.212905175660209,-3.2129220384075587,-3.2129117824404707,-3.212906648202341,-3.2129130697359436,-3.2128587448297785,-3.2129000408500628,-3.2129142157361428,-3.2128439514046443,-3.2129123951665868,-3.2128608499180418,-3.2129132194264893]}