{"parameters":[[2000,-0.001,1.0e-8],[1000,-0.0001,1.0e-9]],"runtime":5416.029214521,"energies":[-2.810810036564502,-2.8108373894596914,-2.81084836673275,-2.810854632419858,-2.810857836757084,-2.81086036163999,-2.8108611959970338,-2.8108617246380776,-2.8108621431023693,-2.8108626947881197,-2.81086244582173,-2.810862584511904,-2.8108630172137965,-2.810862630498126,-2.8108625589686205,-2.810862759918302,-2.8108627379472213,-2.8108626199125655,-2.8108626644123564,-2.810862779302875,-2.8108626544550264,-2.8108626836341766,-2.810862964667649,-2.8108630048792973,-2.810863161570345,-2.810863105652818,-2.8108632612299225,-2.8108632161454183,-2.810863274232002,-2.8108633471598106,-2.810863200072406]}