{"parameters":[[10000,-0.001,1.0e-8],[1000,-0.0001,1.0e-9],[200,-1.0e-5,1.0e-9]],"runtime":4582.731095497,"energies":[-3.6566702966315967,-3.65689004321404,-3.6569230736308977,-3.656930410781306,-3.656937768529282,-3.6569379599774976,-3.65693737964946,-3.6569385240081904,-3.6569377026853327,-3.6569416107927295,-3.656939255876348,-3.6569411396857845,-3.6569412747617767,-3.656942724433194,-3.656938041558528,-3.6569409659314873,-3.656940043028627,-3.6569408104444805,-3.65693862798963,-3.65694176223908,-3.6569399085754863,-3.656938127723385,-3.6569422582841082,-3.6569395758116743,-3.656941147481631,-3.6569400215641994,-3.6569402894021295,-3.6569399159978673,-3.6569391317007236,-3.656939520660261,-3.656936477284388,-3.656941024911607,-3.656941317231676,-3.6569371124366246,-3.6569394730408664,-3.65693903127396,-3.656940040047982,-3.6569400158756373,-3.656940322800485,-3.6569398661392523,-3.656941067172748,-3.6569408753908865,-3.656938746803624,-3.6569398885573086,-3.6569392091990585,-3.6569416360702207,-3.656937589173151,-3.6569381258694094,-3.656937871276671,-3.656940599432085,-3.656940410799842,-3.6569408804049606,-3.656940409980193,-3.6569390034331657,-3.6569400694506866,-3.6569398572126945,-3.656939965652652,-3.656939085585982,-3.6569396658798374,-3.6569379653821716,-3.656938879618252,-3.6569386909195027,-3.656940361614336,-3.656937840708622,-3.6569391650923575,-3.6569360731658653,-3.6569393658286753,-3.656938979616066,-3.6569399743358906,-3.6569416936388914,-3.656939956347098,-3.656939848092198,-3.6569384139251646,-3.656937358702714,-3.6569395447508337,-3.6569378586037495,-3.656938292266103,-3.656941173291415,-3.6569376411911394,-3.6569388717551,-3.6569408675934945,-3.656939899571774,-3.656937630907271,-3.6569372038339427,-3.656940052840007,-3.6569407800761997,-3.65693772763611,-3.6569394377407285,-3.656941188720174,-3.65694013357607,-3.6569409301225946,-3.656939293222426,-3.6569406195668277,-3.6569382666069004,-3.6569392284462197,-3.6569408685411187,-3.656939535961135,-3.6569402783278755,-3.6569358776161027,-3.656935090209601,-3.65694149598268,-3.656940792071724,-3.656942147815436,-3.656939926779435,-3.6569378031302517,-3.6569396514455406,-3.6569412027419577,-3.656941044096659,-3.656939155413051,-3.656940598295926,-3.656939597624354,-3.6569419404523766,-3.6569401464579316]}