{"parameters":[[10000,-0.001,1.0e-8],[1000,-0.0001,1.0e-9],[200,-1.0e-5,1.0e-9]],"runtime":4377.23874118,"energies":[-3.2410085446764474,-3.2414649794965382,-3.2417356856551356,-3.241938515556629,-3.2421004940600495,-3.2422289289076582,-3.242341542670317,-3.2424262370792,-3.242505267508065,-3.2425638853627934,-3.2426181727230796,-3.2426644369937074,-3.2427069150473553,-3.242738585081056,-3.242766324108111,-3.2427915841074513,-3.242817714997923,-3.242839464089992,-3.2428538418842474,-3.2428694760909953,-3.2428827015013657,-3.2428957758612973,-3.24290462498036,-3.2429150129223507,-3.242923610650041,-3.2429329885531546,-3.2429375098674744,-3.242949090063708,-3.2429509051215977,-3.242961572188561,-3.2429655240092474,-3.2429653045259816,-3.242970289732671,-3.24297366979434,-3.242979760093094,-3.2429807366875045,-3.242983995375097,-3.242985041601753,-3.2429925548900482,-3.242991817103823,-3.2429914694400863,-3.2430002223927334,-3.2429970459326727,-3.2429992295585826,-3.2429995944280066,-3.2429989238880044,-3.2430067369939133,-3.243004178088514,-3.2430040409545926,-3.2430094885748675,-3.243004622039008,-3.243009910627892,-3.2430109204066584,-3.243007155082464,-3.243006848031134,-3.243013951699957,-3.243013794511946,-3.243013770396056,-3.243012927833761,-3.2430174148940285,-3.2430186443562534,-3.2430180039815815,-3.2430146864558065,-3.2430169657060626,-3.243018990453627,-3.2430186149607314,-3.2430230584075375,-3.243014841638964,-3.2430193607475424,-3.243020840676526,-3.2430200121899766,-3.243016739609813,-3.2430213961649432,-3.2430232010348536,-3.2430180319951036,-3.243018516519045,-3.2430199832577014,-3.243020157620639,-3.243023536823571,-3.243019901952585,-3.243019748032277,-3.2430248437569094,-3.243022155714426,-3.243023250932415,-3.2430199264245045,-3.243019392700901,-3.243024370640099,-3.2430227853443867,-3.243024983636475,-3.243023013809875,-3.243020760004269,-3.2430241500354495,-3.2430238686201274,-3.2430197309901256,-3.243021112902749,-3.2430205505658956,-3.2430218753355544,-3.243019410605213,-3.2430220767170996,-3.243026784670266,-3.243026304358389,-3.243016523481871,-3.243024771710335,-3.2430183547945877,-3.2430209151292853,-3.243024444809255,-3.243020865593045,-3.243019261875386,-3.243024349227881,-3.24302672868814,-3.243024612506721,-3.2430207111153164,-3.2430236340539205]}