{"parameters":[[10000,-0.001,1.0e-8],[1000,-0.0001,1.0e-9]],"runtime":3812.856338538,"energies":[-3.267641530093581,-3.2681360143884977,-3.2684395393909234,-3.268670525572683,-3.2688492842572296,-3.269010338967205,-3.2691375730958216,-3.2692552620267046,-3.2693426488858597,-3.2694211223621545,-3.269485706560779,-3.26953812620187,-3.269586928289887,-3.269648559093135,-3.2696831277982827,-3.2697224040286255,-3.2697473907831665,-3.2697688732240486,-3.26981269513957,-3.2698194153107725,-3.269835472264537,-3.2698693829433942,-3.2698869827200667,-3.269899876887897,-3.2699144522149544,-3.269927131554146,-3.2699453904804043,-3.2699386042602065,-3.2699552825486204,-3.26997299636107,-3.269986159527078,-3.269990698365782,-3.2699873862644484,-3.2700010426859425,-3.270000320899279,-3.27000541927827,-3.270033749695745,-3.270018724596853,-3.2700336763231013,-3.2700308805056713,-3.2700263699418635,-3.270033777705041,-3.270042385013568,-3.2700490458510876,-3.2700501329576,-3.270071083336366,-3.2700513637035513,-3.2700663764027005,-3.2700581151342223,-3.270052991254633,-3.270040048559925,-3.2700552484118743,-3.270075587775336,-3.270073756285214,-3.2700783613528737,-3.270070399317871,-3.27008758216821,-3.2700658369307445,-3.2700810462683148,-3.2700978044184428,-3.270081712987146,-3.270088742291095,-3.2700940816342006,-3.270092746212999,-3.27010515091603,-3.2700788874525912,-3.270093882477619,-3.2700963925494353,-3.270106671703486,-3.2700925027185686,-3.270086825562816,-3.2700922479243757,-3.2700845991471756,-3.2700993940021177,-3.2700923781369244,-3.270104965937219,-3.2700967169627604,-3.2701132188648794,-3.270102103237563,-3.270105423174395,-3.270110294627634,-3.2701122334451527,-3.2700900203443606,-3.270107316973454,-3.270126821051381,-3.2701141966472718,-3.2700983722214456,-3.270113733374437,-3.2701147986175103,-3.2701000277072656,-3.270113121307575,-3.2701194245702423,-3.2701226033309387,-3.2701027649450376,-3.2701182224303595,-3.2701085840512074,-3.270114406896421,-3.27011339011588,-3.2701039404325893,-3.270117059968139,-3.2701109726606488,-3.2701156186416136,-3.270113504273481,-3.2701090773798827,-3.270116848174587,-3.2701095419428334,-3.2701188251596545,-3.2701280825447663,-3.27012383833027,-3.2701027354343575,-3.2701171319665354]}