{"parameters":[[10000,-0.001,1.0e-8],[1000,-0.0001,1.0e-9]],"runtime":3622.150536122,"energies":[-3.515503142058352,-3.51577651435804,-3.515820595913086,-3.515842279057911,-3.5158539705218215,-3.515852234385481,-3.515864408846519,-3.515869279359509,-3.5158662088546055,-3.5158601934341145,-3.515870436309151,-3.5158567021233007,-3.5158620779318883,-3.515863497744614,-3.5158695397084188,-3.5158658332218344,-3.5158582663819926,-3.5158544551213518,-3.5158592008413545,-3.515857469226642,-3.5158601006661945,-3.5158578223110784,-3.5158709469409413,-3.51587388361449,-3.515866793144455,-3.51586231738166,-3.51585828048556,-3.5158680208607365,-3.515862049507652,-3.515862553910166,-3.515857210122458,-3.515864042236473,-3.5158726536317912,-3.5158607902585217,-3.5158659347837777,-3.51587129859592,-3.515870515190297,-3.5158658210711424,-3.5158580139947895,-3.5158683512707922,-3.5158547232188013,-3.515857515002023,-3.5158666009767616,-3.5158604368445263,-3.515849144540625,-3.515861143391961,-3.5158701997359803,-3.515870533345561,-3.515855437347646,-3.515859907755088,-3.5158612487774343,-3.515843263404024,-3.5158669383815524,-3.5158651370447735,-3.5158623523457733,-3.5158521913091807,-3.5158691280525014,-3.5158624238656317,-3.5158689107874945,-3.5158589902332635,-3.5158529195024,-3.515862748780444,-3.5158712689009954,-3.5158709278062057,-3.515861646058603,-3.5158621993532115,-3.5158602436414235,-3.51586669823591,-3.515861680555595,-3.515863517014019,-3.5158626622150537,-3.5158584123838468,-3.515853737801185,-3.515863592079845,-3.5158659704416007,-3.515871946757537,-3.5158694520299942,-3.5158579800225533,-3.515870979387803,-3.5158646635021533,-3.5158650533321394,-3.515853030774249,-3.515861898187917,-3.515860329974546,-3.515856846523298,-3.5158723569372223,-3.515855740560093,-3.5158635076330143,-3.5158557485268003,-3.515856520048543,-3.5158643160146688,-3.515863582336898,-3.5158636656674203,-3.5158437053868594,-3.5158656137932924,-3.515852121751868,-3.5158615483407347,-3.515862724158022,-3.5158677157553555,-3.5158680328553036,-3.5158603892872877,-3.5158686249665623,-3.5158639701898897,-3.5158709715024044,-3.51586396916056,-3.5158690505867747,-3.5158649816299157,-3.5158720791420897,-3.515861666019166,-3.5158636858434376,-3.5158604694428286]}