{"parameters":[[1000,-0.001,1.0e-9],[1000,-0.0001,1.0e-9]],"runtime":7660.03752093,"energies":[-3.294528813389916,-3.2945238924976508,-3.2945234028080206,-3.2945251072740396,-3.2945289806516875,-3.2945292381067217,-3.2945268233247553,-3.2945245214451226,-3.294526464441644,-3.294525175994013,-3.2945236945332903,-3.2945246114742055,-3.2945245895400457,-3.29452485191042,-3.2945255962906588,-3.2945253824193763,-3.294526369351055,-3.294526708321884,-3.294526965252675,-3.2945276946482416,-3.294528312743349]}