{"parameters":[[1000,-0.001,1.0e-9],[1000,-0.0001,1.0e-9]],"energies":[-3.266494914256156,-3.266493591269327,-3.2664929520401333,-3.2664927004800317,-3.2664928232134645,-3.266493103408849,-3.266493332235792,-3.266493576940917,-3.266493843674959,-3.2664938552707254,-3.2664939791973806,-3.2664943539642546,-3.266494728359001,-3.2664949951782427,-3.2664952128530045,-3.2664954436321416,-3.266495560435332,-3.266495700609412,-3.2664958150992534,-3.266495929097823,-3.2664959764568606]}