{"parameters":[[10000,-0.001,1.0e-8],[1000,-0.0001,1.0e-9]],"runtime":3290.379490612,"energies":[-2.990563958029162,-2.9907387247898214,-2.9908053105304173,-2.990841874991384,-2.9908650037449935,-2.9908801259373705,-2.990888020813646,-2.990894928728243,-2.990900501753981,-2.990901459372253,-2.990904862473419,-2.9909075992879943,-2.9909074883167457,-2.990906260622766,-2.9909089001345306,-2.990909144242619,-2.9909098712084377,-2.990910079661179,-2.990908806980261,-2.9909091716137874,-2.9909109042082758,-2.990910283301615,-2.990910904710799,-2.9909081362775636,-2.9909096138457545,-2.990910644163163,-2.990910879148096,-2.990911766069763,-2.9909099480392043,-2.990909767934803,-2.9909108291603794,-2.990908929431179,-2.990911089254558,-2.9909105917872765,-2.990909756636876,-2.990909981209298,-2.990909167576673,-2.9909109927888027,-2.9909115747092714,-2.9909088661802543,-2.9909095374520347,-2.990910949997152,-2.9909107329471407,-2.9909098964813383,-2.990910710115184,-2.9909111298672606,-2.990910520906737,-2.990910848413497,-2.990910061608718,-2.990910778821707,-2.9909105427973146,-2.9909107105618986,-2.990910203963415,-2.990910944456802,-2.9909112148366783,-2.9909110254451434,-2.990910455150993,-2.990910212587305,-2.9909099845376867,-2.9909106960291276,-2.9909113903278604,-2.9909098646040198,-2.990909133760024,-2.9909101855237994,-2.9909099276945117,-2.990909718907219,-2.9909108977985914,-2.9909094008720305,-2.9909105208658913,-2.990910835330378,-2.990910851175774,-2.9909093515057714,-2.9909107898345826,-2.9909102184563294,-2.99090817142571,-2.990910417432791,-2.99091061208291,-2.9909093215804994,-2.990910741592379,-2.9909095939626558,-2.99090913313198,-2.990909892618164,-2.990909271591366,-2.990910643289817,-2.9909106947518365,-2.9909102519956767,-2.990908104296726,-2.9909107197122586,-2.9909097326805494,-2.99091047690385,-2.990909524747048,-2.9909104568946976,-2.990909345421918,-2.9909100186499,-2.9909104019675627,-2.99091031493329,-2.9909107985550545,-2.9909113752841376,-2.9909110604793754,-2.990909262410999,-2.9909108285880595,-2.9909117684356583,-2.9909100033922913,-2.9909108443026953,-2.9909088576231877,-2.990911216963182,-2.990911395580718,-2.990909269188765,-2.990909409264088,-2.9909113381018013,-2.9909096166710576]}