{"parameters":[[2000,-0.001,1.0e-8],[1000,-0.0001,1.0e-9]],"runtime":6239.779259146,"energies":[-2.9531208946430554,-2.9531972411323086,-2.95322899315467,-2.953247290270683,-2.953259280200248,-2.953266211693621,-2.9532701233823375,-2.953272326081287,-2.953275297367681,-2.9532766526101373,-2.953276535126859,-2.9532767050788675,-2.953278127958485,-2.9532775655286545,-2.953277869403317,-2.9532786724478157,-2.9532782761101197,-2.953278827932306,-2.953278995201347,-2.95327839748516,-2.953279292466095,-2.9532787569767223,-2.953278465124377,-2.953279835639358,-2.9532788614942946,-2.9532797455294872,-2.9532788272265544,-2.953279509144126,-2.9532797034457463,-2.953279046397628,-2.9532786934863697]}