{"parameters":[[2000,-0.001,1.0e-8],[1000,-0.0001,1.0e-9],[200,-1.0e-5,1.0e-9]],"runtime":5128.300383799,"energies":[-3.2519998864734943,-3.252517695655389,-3.252737736814586,-3.252868017399401,-3.2529566923735445,-3.2530149496631027,-3.253056388405953,-3.253089855350069,-3.2531131861855505,-3.2531353208601583,-3.2531490045579234,-3.2531657002765844,-3.2531761857340182,-3.2531838120983916,-3.2531949719080684,-3.253198940097624,-3.2532085206876062,-3.2532101100302335,-3.253214665509001,-3.2532245748416337,-3.253227025470196,-3.2532279208179204,-3.2532282951444778,-3.253229813449974,-3.253231207541912,-3.2532303098437114,-3.253231577547354,-3.253230134303347,-3.253231226656813,-3.2532317051274857,-3.253232020702127,-3.253232696076769,-3.2532316787498448]}