{"parameters":[[5000,-0.001,1.0e-8],[1000,-0.0001,1.0e-9]],"energies":[-3.3111761862961746,-3.311177366616506,-3.311176802969132,-3.3111787495557223,-3.3111788526226613,-3.3111793663714213,-3.3111790443864484,-3.3111804307217207,-3.311182039750652,-3.3111811867623886,-3.3111816622357644,-3.3111820193328243,-3.3111823317793005,-3.3111842674890997,-3.3111838497816644,-3.3111863266712223,-3.3111853468569894,-3.311186364633684,-3.311187533829383,-3.3111862299707533,-3.3111866905605023,-3.3111876768645017,-3.311189341484779,-3.3111907644097704,-3.3111910896635353,-3.311190273697337,-3.311190696093544,-3.3111911037105823,-3.311190031916135,-3.3111929619646894,-3.31119170726704,-3.3111936160461006,-3.311193526355737,-3.311194009364355,-3.311194524876703,-3.311193940319284,-3.3111950283262943,-3.3111945814487584,-3.3111937178953523,-3.3111956053922613,-3.3111965477161434,-3.311195195947877,-3.3111949873279616,-3.311197879775672,-3.3111978065736425,-3.311197000981063,-3.3111969279157387,-3.311197369209448,-3.311197040715573,-3.3111971846216153,-3.311198433598828,-3.3111993017186654,-3.311199484419422,-3.311198900179553,-3.3111991162066046,-3.311199783237841,-3.311199478474396,-3.311200289526611,-3.3111998913637515,-3.311202116099811,-3.311200457911309]}