{"parameters":[[5000,-0.001,1.0e-8],[2000,-0.0001,1.0e-9]],"energies":[-3.2836019908609373,-3.2836013969634243,-3.2836015378028174,-3.2836015726198475,-3.2836016187321526,-3.283601723790448,-3.2836018259965423,-3.283601945170288,-3.283602069513968,-3.283602182352827,-3.283602307068018,-3.2836024197332283,-3.2836025237681756,-3.283602646702481,-3.283602745376876,-3.2836028544682954,-3.2836029660038184,-3.2836030741801947,-3.283603183954606,-3.2836032846663166,-3.283603372701114,-3.283603488985961,-3.283603566819452,-3.2836036738614554,-3.2836037672633425,-3.283603843476993,-3.2836039559799612,-3.2836040377014237,-3.2836041370874725,-3.2836042098425597,-3.2836042915380905,-3.283604406187258,-3.2836044766338066,-3.283604547400709,-3.283604632373124,-3.283604716498778,-3.2836047960500947,-3.2836048703366765,-3.28360494798905,-3.283605028134598,-3.283605102928769,-3.283605185041334,-3.2836052470351107,-3.28360532395905,-3.2836053825324107,-3.283605458050158,-3.283605529512021,-3.283605586041432,-3.283605665396399,-3.283605736892554,-3.283605795298599,-3.2836061828383976,-3.2836064567848915,-3.2836066295517856,-3.283606746634173,-3.2836068130041554,-3.283606871215482,-3.2836068986661417,-3.283606942300741,-3.283606952296186,-3.283606974936272,-3.2836069822548826,-3.2836069898177183,-3.2836070185543837,-3.2836070239440245,-3.2836070523428047,-3.283607060767264,-3.283607071092028,-3.283607087790606,-3.2836070906538053,-3.283607102963067]}