{"parameters":[[5000,-0.001,1.0e-8],[2000,-0.0001,1.0e-9]],"energies":[-3.2927857347418827,-3.292785087166665,-3.292785160963462,-3.2927852254645416,-3.29278536433421,-3.2927855547406284,-3.2927857586335474,-3.2927859626849694,-3.2927861643131395,-3.2927863638123815,-3.2927865614151797,-3.292786756085441,-3.292786948755123,-3.29278713774964,-3.292787324980693,-3.2927875098057173,-3.292787691426276,-3.2927878714162624,-3.2927880484690046,-3.2927882230776384,-3.2927883954262267,-3.292788565270948,-3.2927887331489107,-3.2927888989223835,-3.292789062213649,-3.292789223612213,-3.292789382618176,-3.2927895397902387,-3.2927896950767113,-3.292789847845267,-3.2927899988342624,-3.292790147873808,-3.2927902951887895,-3.2927904410209443,-3.2927905842403282,-3.292790725797338,-3.2927908658205736,-3.2927910043103163,-3.2927911408544257,-3.2927912754943627,-3.292791408656956,-3.2927915405005033,-3.2927916698712094,-3.2927917986414657,-3.2927919259343232,-3.2927920511893007,-3.2927921750765634,-3.292792297343933,-3.292792417896419,-3.292792537522732,-3.2927926558488623,-3.2927930998392143,-3.2927934119562634,-3.2927936307583794,-3.292793785754136,-3.2927938973495268,-3.2927939804309725,-3.292794044301327,-3.292794095931229,-3.2927941385323836,-3.292794175908679,-3.2927942092886333,-3.292794239891726,-3.2927942690914986,-3.292794296885968,-3.292794323378027,-3.292794348796109,-3.292794373545509,-3.2927943970212876,-3.2927944204634056,-3.29279444269075]}