{"parameters":[[2000,-0.001,1.0e-8],[1000,-0.0001,1.0e-9]],"runtime":26704.609779236,"energies":[-2.8449200331874285,-2.8450898034149326,-2.84510494272188,-2.8451076752526547,-2.845108489630891,-2.8451087689260404,-2.8451088778824434,-2.845108902045872,-2.845108911908484,-2.845108913985198,-2.8451088868483883,-2.8451088767739097,-2.845108865504852,-2.8451088502499506,-2.845108831954834,-2.845108813783573,-2.845108823021494,-2.8451088171522674,-2.8451088109298888,-2.8451088068537382,-2.845108807960583,-2.8451088028720894,-2.8451089147115463,-2.8451089959153175,-2.845109060089541,-2.8451091275066127,-2.8451091617473216,-2.845109203101678,-2.845109214879941,-2.845109245390238,-2.8451092559250206]}