{"parameters":[[2000,-0.001,1.0e-8],[1000,-0.0001,1.0e-9],[200,-1.0e-5,1.0e-9]],"runtime":5037.74337839,"energies":[-3.2430280019333146,-3.2435169556675123,-3.2437263371776552,-3.2438504268533177,-3.243931929535485,-3.2439879407513836,-3.24403033304415,-3.244060218188854,-3.244081940799281,-3.244103357098858,-3.244120067745843,-3.24413093931964,-3.244143659131748,-3.2441551966462208,-3.244158570786019,-3.2441664040799854,-3.2441757217526193,-3.2441773021129996,-3.2441836676342684,-3.244184943645283,-3.244191677312773,-3.2441912802428083,-3.244194547578138,-3.244194136777326,-3.2441939819449015,-3.2441907542257344,-3.2441952692881113,-3.244194142831539,-3.244193885783723,-3.2441955994376257,-3.244198269693539,-3.244195661655363,-3.244197229236396]}