{"parameters":[[10000,-0.001,1.0e-8],[1000,-0.0001,1.0e-9]],"runtime":1204.014769904,"energies":[-2.584813488086393,-1.0702760160041542,-1.726787597861032,-2.3144113244852136,-2.5150007224366964,-2.5699725156753366,-2.58574278492228,-2.590649559310763,-2.5922801838781604,-2.5928479430920834,-2.5930512933122447,-2.5931256352674414,-2.593153102796143,-2.593163175015636,-2.593166836805273,-2.593168127217526,-2.593168574421158,-2.593168689276455,-2.5931687069555207,-2.5931687225811824,-2.5931686996295222,-2.593168693817581,-2.5931686831518417,-2.593168680607387,-2.5931686897976953,-2.5931686687733535,-2.5931686891695063,-2.593168662645517,-2.593168768797506,-2.593168780020984,-2.593168803145887,-2.593168838810603,-2.5931688914375695,-2.59316890873904,-2.5931689211079645,-2.5931689261706197,-2.5931689442818837]}