{"parameters":[[2000,-0.001,1.0e-8],[1000,-0.0001,1.0e-9]],"runtime":20302.125910765,"energies":[-2.8802123595444296,-2.880239988363837,-2.8802454638208363,-2.8802473323580133,-2.8802480736262184,-2.880248381816989,-2.8802485071078765,-2.880248551072755,-2.8802485674969427,-2.8802485509932243,-2.8802485456557565,-2.880248537911545,-2.8802485191412384,-2.880248515510285,-2.880248505890397,-2.8802484996030815,-2.8802485120722543,-2.880248617959438,-2.880248717318244,-2.880248781762972,-2.8802488493989395,-2.8802488901894066,-2.8802489140802834,-2.880248951891404,-2.880248979592622,-2.880248998575628]}