{"parameters":[[5000,-0.001,1.0e-8],[2000,-0.0001,1.0e-9]],"runtime":12443.593234632,"energies":[-3.2032750143407736,-3.2036593559556183,-3.203821937036916,-3.2039183864408787,-3.2039847816608233,-3.204027398017394,-3.2040622421850786,-3.204082627010334,-3.2041067554465643,-3.2041156222895744,-3.20413125174466,-3.204138956678674,-3.2041502828355752,-3.2041566315500942,-3.20416218868911,-3.204170992842168,-3.2041711537753157,-3.2041699760258995,-3.204177087698813,-3.204182514033994,-3.2041788914397444,-3.2041851367378036,-3.204185211371718,-3.2041842119383825,-3.204192692067208,-3.2041892462309822,-3.2041892797648437,-3.2041955942474636,-3.2041964825486824,-3.2041914470047175,-3.204184962965565,-3.2041893428151553,-3.204191490866439,-3.204188588920003,-3.20418343006852,-3.2041765215680993,-3.204175496138615,-3.2041771511624697,-3.2041715455608335,-3.2041619822993317,-3.204159704514135,-3.204163894399713,-3.2041562742814964,-3.2041393791653743,-3.2041106292921766,-3.2041234662074767,-3.204106633021757,-3.2040782324614705,-3.2041131750309697,-3.2041268342368374,-3.2041255379040274,-3.2041255240685835,-3.2041292332389855,-3.204134881898245,-3.204134249172904,-3.204124773600158,-3.2041322959156657,-3.204131294353106,-3.2041405448901448,-3.204138390588081,-3.2041334230373772,-3.20414294671875,-3.204134266491754,-3.2041383407331216,-3.2041410279081157,-3.2041356910703387,-3.204140298045063,-3.2041433385925444,-3.204150672551977,-3.204141476934222,-3.2041397416686226]}