{"parameters":[[2000,-0.001,1.0e-8],[1000,-0.0001,1.0e-9]],"runtime":4028.843289679,"energies":[-2.810809681020637,-2.8108371581179874,-2.810848482623055,-2.810854601795712,-2.8108580205023324,-2.810860016382615,-2.810861184123858,-2.810861780180949,-2.8108620197778307,-2.810862413141733,-2.8108624655949543,-2.8108624205497255,-2.810862505921095,-2.8108626105444605,-2.8108625508226766,-2.8108626005434716,-2.8108625815269344,-2.810862652332906,-2.8108625475798266,-2.8108627233803225,-2.8108626307059446,-2.810862838105664,-2.810862853705901,-2.8108628119818997,-2.8108628303435848,-2.810863009926966,-2.8108631294912234,-2.810862937174183,-2.810863180891418,-2.810863078971177,-2.8108631018658867]}