{"parameters":[[10000,-0.001,1.0e-8],[1000,-0.0001,1.0e-9],[200,-1.0e-5,1.0e-9]],"runtime":4331.253836511,"energies":[-3.2234543164114897,-3.223890590488002,-3.2241406907300405,-3.2243283391704565,-3.224479127097571,-3.224595153020539,-3.2246914987538364,-3.224765358499789,-3.2248329057233374,-3.224886795406191,-3.2249322914582677,-3.224968766602567,-3.224997653945138,-3.2250287836299507,-3.2250504473550308,-3.2250709915644222,-3.2250873880102926,-3.2251044974211744,-3.225118091043975,-3.2251267779723114,-3.2251405950843908,-3.2251498744960667,-3.2251590062604847,-3.2251614702326505,-3.22516899554274,-3.225173594379896,-3.2251792930564505,-3.2251811077530164,-3.225190194167763,-3.2251890074149916,-3.225190865665579,-3.225196706378453,-3.225196343434683,-3.22520472598059,-3.225204630893584,-3.225205366301739,-3.2252106086735783,-3.2252083186516813,-3.225211959932278,-3.2252138033688174,-3.225214411268153,-3.2252154025458686,-3.2252165599005744,-3.22521894468713,-3.225221100761999,-3.2252163114579595,-3.2252212031061895,-3.22522353469319,-3.2252213456048575,-3.2252212515549017,-3.2252215765248655,-3.2252136718437585,-3.22522511850149,-3.225220570781165,-3.2252239912858176,-3.2252224249449304,-3.2252240371529086,-3.2252266736760995,-3.225224172297651,-3.225225413038557,-3.225222715445236,-3.2252265572682126,-3.225225375679583,-3.225222763229467,-3.225225621131666,-3.2252321759874034,-3.2252256846212495,-3.225231118172419,-3.2252288455457685,-3.2252264749780237,-3.2252306690019137,-3.2252274053305574,-3.2252253011677183,-3.225227179618986,-3.2252283142027856,-3.2252278581510554,-3.22522975427007,-3.2252250076711784,-3.225229134706599,-3.2252284044425306,-3.2252301009811757,-3.22522671464423,-3.2252285313360964,-3.2252332940089556,-3.225226237396894,-3.225232463851592,-3.2252247944885544,-3.225232029368473,-3.225228491067633,-3.2252275263477834,-3.225225546874496,-3.2252317777750195,-3.2252298354988045,-3.2252279609801318,-3.2252282437811424,-3.2252280491639893,-3.225225121044059,-3.2252272759933756,-3.2252278507443255,-3.225230142795812,-3.2252316275443156,-3.225226929583325,-3.2252321306192058,-3.225231689797953,-3.2252335013860973,-3.2252281065627435,-3.2252299260045247,-3.2252343463690774,-3.2252323438078103,-3.225227988757581,-3.225230849192546,-3.22523171539385,-3.2252307624040695]}