{"parameters":[[1000,-0.001,1.0e-8],[1000,-0.0001,1.0e-9]],"energies":[-3.2973354824542134,-3.2973392420999432,-3.297339089541197,-3.2973400708622354,-3.2973421055916354,-3.2973431136881546,-3.2973429559236127,-3.2973445519503133,-3.2973468112976745,-3.2973481509950497,-3.297348830140769,-3.2973472072602004,-3.2973491521121137,-3.297349111797137,-3.2973487877249434,-3.297350168649591,-3.297350545706594,-3.2973500269286284,-3.2973500104043505,-3.2973501881654927,-3.297351455921012]}