{"parameters":[[2000,-0.001,1.0e-8],[1000,-0.0001,1.0e-9]],"runtime":4371.743465837,"energies":[-3.4225043150080436,-3.4229894207130998,-3.4231797125499073,-3.423284199602686,-3.423345266111341,-3.4233833986635753,-3.423407896883642,-3.4234219843436353,-3.423433104519396,-3.42344048399857,-3.423445448134298,-3.4234472346468903,-3.4234498038656334,-3.423450955803397,-3.42345093124407,-3.4234532543523173,-3.4234534010182847,-3.423454307213305,-3.4234541860886343,-3.4234546338876637,-3.423455713454165,-3.4234570278925474,-3.4234559485488494,-3.4234561399912167,-3.423455281191594,-3.4234572050397256,-3.423456274930857,-3.4234567477627027,-3.423455519952992,-3.423454995889955,-3.4234561779205714]}