{"parameters":[[1000,-0.001,1.0e-9],[1000,-0.0001,1.0e-9]],"energies":[-3.2847644671113976,-3.2847631764274685,-3.28476269614935,-3.2847628675378706,-3.2847630044263187,-3.28476294310219,-3.2847628296061933,-3.284762630732509,-3.2847626521191415,-3.284762872102893,-3.2847628154746262,-3.284763335998713,-3.2847637699900774,-3.2847640971044023,-3.284764170881569,-3.2847643835851548,-3.2847645214089685,-3.2847648338942252,-3.284764880138491,-3.2847649015482028,-3.2847649925225273]}