{"parameters":[[1000,-0.001,1.0e-8],[1000,-0.0001,1.0e-9]],"energies":[-3.2927664317360437,-3.2927676801758348,-3.2927709080880216,-3.292769913997845,-3.2927677838253544,-3.292767041083889,-3.2927673093162455,-3.2927608371526,-3.292772240406492,-3.292766492211289,-3.2927613805760654,-3.2927803595683556,-3.292767856194068,-3.292771858369065,-3.2927734563922755,-3.2927712721904405,-3.292769458079796,-3.292776862652139,-3.292770719084861,-3.2927777765480033,-3.2927691624638222]}