{"parameters":[[2000,-0.001,1.0e-8],[1000,-0.0001,1.0e-9]],"runtime":1535.095149024,"energies":[-3.3298355659667442,-3.3298346261256375,-3.3298388969885258,-3.32984044164062,-3.3298360987539497,-3.329841027353204,-3.329842156411789,-3.3298384302142012,-3.329837137425731,-3.329843278720168,-3.3298456089305644,-3.3298428998360907,-3.329835306779227,-3.3298473359021483,-3.329840283669428,-3.3298487699666297,-3.3298425524183037,-3.329849557022193,-3.3298426632445595,-3.329843568735261,-3.329846454347807,-3.3298432210653166,-3.3298461197608584,-3.3298470816713994,-3.329849040119012,-3.329845539735212,-3.3298497411706522,-3.329847585082332,-3.3298524039336463,-3.329845536250825,-3.3298459423625237]}