{"parameters":[[1000,-0.001,1.0e-8],[1000,-0.0001,1.0e-9]],"energies":[-3.2790000624784126,-3.2789991764896405,-3.2790019091014555,-3.2790010053527685,-3.2790024848298587,-3.27900210940924,-3.2790027177786683,-3.2790029928993354,-3.2790027286890044,-3.279004304615882,-3.279004598509429,-3.279005221723307,-3.2790052704214245,-3.279004460929,-3.279006061106829,-3.279005751246449,-3.2790049501768577,-3.279005493580197,-3.2790063725624785,-3.2790063112476155,-3.2790068622623183]}