{"parameters":[[10000,-0.001,1.0e-8],[1000,-0.0001,1.0e-9]],"runtime":8750.14572472,"energies":[-2.810699790935446,-2.810768239875043,-2.8107818276335297,-2.810787069564961,-2.81078958218409,-2.810790889119234,-2.810791594498367,-2.810791990202836,-2.8107922228241575,-2.810792365514568,-2.8107924564401965,-2.8107925159149443,-2.8107925548109063,-2.8107925803854004,-2.8107925979450696,-2.8107926093662763,-2.8107926177413742,-2.8107926220315496,-2.810792624744203,-2.81079262894219,-2.810792629991704,-2.810792629968044,-2.8107926310977347,-2.8107927267000865,-2.8107927999890485,-2.810792855548504,-2.8107928979758037,-2.8107929300925734,-2.8107929543081833,-2.8107929725384024,-2.8107929864845924,-2.8107929965718648]}