{"parameters":[[5000,-0.001,1.0e-8],[2000,-0.0001,1.0e-9]],"energies":[-3.3204328081998487,-3.3204320370532443,-3.3204321727176893,-3.320432369803938,-3.3204325107082684,-3.3204326000525537,-3.320432655205217,-3.3204326956818706,-3.3204327225672907,-3.3204327489160046,-3.320432766488686,-3.3204327842078016,-3.3204327997486796,-3.320432818492179,-3.3204328255045747,-3.3204328453885434,-3.3204328590831427,-3.320432874812692,-3.320432887968285,-3.3204328976922284,-3.320432916202093,-3.3204329284581298,-3.320432945311518,-3.3204329494202103,-3.3204329657544074,-3.3204329764912517,-3.3204329950217897,-3.320433007660721,-3.32043302517184,-3.3204330327979577,-3.3204330447413204,-3.3204330551658847,-3.3204330651432614,-3.320433087146997,-3.3204330949644456,-3.320433107903332,-3.320433116399454,-3.320433130527909,-3.3204331332890407,-3.320433157075818,-3.3204331608784208,-3.320433177372833,-3.3204331812247463,-3.320433194714824,-3.3204332099543183,-3.3204332152695963,-3.320433226598413,-3.3204332352289097,-3.320433237143311,-3.320433777626665,-3.32043417348518,-3.3204344768237664,-3.320434703244018,-3.3204348797882637,-3.3204350267113854,-3.320435151372072,-3.3204352441040736,-3.3204353295205857,-3.320435402637448,-3.3204354578215693,-3.3204355104682177,-3.3204355535877985,-3.320435590170094,-3.320435624864942,-3.3204356554476644,-3.3204356823863916,-3.320435701238119,-3.3204357211503064]}