{"parameters":[[10000,-0.001,1.0e-8],[1000,-0.0001,1.0e-9]],"runtime":2638.897912319,"energies":[-2.505246257605331,-2.114977307110353,-2.3926896975428713,-2.38210529052143,-2.3838729193149426,-2.4524382535933142,-2.389059101732049,-2.29671487624141,-2.3115782122908852,-2.4035983913269607,-2.426399902324019,-2.373472001341467,-2.441863158008984,-2.471613000223373,-2.4905058574687,-2.491187787859527,-2.4984306272186836,-2.492978253063986,-2.5002067652302418,-2.499575801178005,-2.5001248183475133,-2.500797998744505,-2.5046293156672057,-2.504649085864238,-2.5047567969836866,-2.5077602769515845,-2.5079404732050348,-2.510522851758115,-2.5111529763825606,-2.5112638109407257,-2.5112924195260082,-2.5113012842894826,-2.5113042745688645,-2.5113053331662414,-2.5113057222410253,-2.5113058858129964,-2.511305951378322,-2.5113059782092817,-2.511305979602014,-2.511305994391299,-2.5113059967085207,-2.511305997885848,-2.51130599961843,-2.5113060019340123,-2.511305997601835,-2.5113059959363415,-2.511305999903489,-2.511306042419889,-2.511306076963514,-2.511306095529033,-2.511306129124656,-2.511306153324327,-2.511306161991925,-2.511306178895918,-2.5113061807955535,-2.5113061901124674]}