{"parameters":[[10000,-0.001,1.0e-8],[1000,-0.0001,1.0e-9]],"runtime":3552.678727708,"energies":[-3.6566560873118226,-3.6568905629206503,-3.6569312492807624,-3.6569455530335673,-3.6569454533134165,-3.65695142656334,-3.6569438794395586,-3.6569496802090242,-3.656945501641874,-3.6569479316196727,-3.656948639759473,-3.6569441937684717,-3.6569469654115387,-3.6569421159699655,-3.656949773319927,-3.6569476610435845,-3.6569499383323025,-3.656952139884853,-3.6569537104293968,-3.656946604828069,-3.656948094837765,-3.656944283826465,-3.6569456444947126,-3.656950486699871,-3.6569374803702637,-3.656945312573865,-3.6569526870942135,-3.6569532154470674,-3.65694505792811,-3.6569473234434087,-3.656947714216426,-3.656951082726467,-3.656952333020817,-3.656952601248281,-3.6569471989749243,-3.656946741246342,-3.6569445816286628,-3.656950238001364,-3.6569543062326906,-3.656951105169341,-3.6569462070208685,-3.656954717221389,-3.656937945828004,-3.6569465729613913,-3.656947357622041,-3.656947589921011,-3.6569471996342804,-3.656949581103069,-3.656954200310885,-3.6569495779016856,-3.65694782113647,-3.6569522767825795,-3.656952444431772,-3.656950827697173,-3.65694837901298,-3.6569543625484373,-3.656941467685322,-3.656949808360388,-3.656944820953416,-3.6569531687423007,-3.6569473258998872,-3.6569511942865836,-3.656948939762151,-3.656949185878289,-3.6569442832093046,-3.6569462417350382,-3.6569498574084487,-3.656951082231295,-3.6569482256807175,-3.6569528143026586,-3.656952735962411,-3.65695066130076,-3.6569467695009115,-3.6569492897534097,-3.656951138338077,-3.6569451065521705,-3.656952429413529,-3.65694815120607,-3.6569500074766466,-3.6569523825327845,-3.656942965046406,-3.6569500903306795,-3.6569461434629,-3.656944496992865,-3.65695185377161,-3.656949170750731,-3.6569469444374567,-3.656949200152231,-3.656948373407517,-3.656946970514694,-3.656952068389375,-3.6569461060629456,-3.656950799024046,-3.656944779372509,-3.656953322814842,-3.656949189076279,-3.656944933211695,-3.656940981116036,-3.6569390690708565,-3.65695172808959,-3.6569457300014596,-3.656954207939621,-3.656953643786033,-3.6569541064209363,-3.6569516319207884,-3.6569480040233113,-3.6569535347023954,-3.656947754433217,-3.6569534671078308,-3.6569544323165264,-3.656935449618325]}