{"parameters":[[2000,-0.001,1.0e-8],[1000,-0.0001,1.0e-9],[200,-1.0e-5,1.0e-9]],"runtime":5620.500443552,"energies":[-3.256504980980984,-3.257034757131355,-3.2572620399686514,-3.2574002406260867,-3.2574871896861515,-3.2575450307206335,-3.2575910465483187,-3.2576215667206285,-3.2576503553771947,-3.257670997906969,-3.2576856450316383,-3.257698522478101,-3.257712507824915,-3.2577229605606903,-3.2577294652282798,-3.257734276389649,-3.2577433840690277,-3.2577475379871554,-3.2577547290216864,-3.2577570389113735,-3.2577636124433007,-3.2577618453655606,-3.257764881960493,-3.2577638995297873,-3.2577669231836923,-3.257767393376974,-3.2577657598142293,-3.257768671002823,-3.257770159592731,-3.257768237905555,-3.2577709544666975,-3.257766982488826,-3.2577710693836193]}