{"parameters":[[5000,-0.001,1.0e-8],[2000,-0.0001,1.0e-9]],"energies":[-3.3296582735307636,-3.3296566862540304,-3.329656349912743,-3.329656297466567,-3.3296563062248006,-3.3296563281539218,-3.3296563604377423,-3.3296564036475056,-3.3296564470897314,-3.3296564897307235,-3.3296565316624838,-3.329656571161406,-3.329656609482649,-3.3296566475283056,-3.3296566854827083,-3.329656720479436,-3.3296567561132475,-3.3296567899716147,-3.329656823383159,-3.3296568565354128,-3.329656887345605,-3.3296569174816133,-3.3296569477499722,-3.3296569779225433,-3.329657005490644,-3.329657032533038,-3.329657059453306,-3.329657086312146,-3.329657110768147,-3.3296571364985392,-3.3296571599511955,-3.329657183157283,-3.3296572061016265,-3.3296572286844537,-3.329657250954759,-3.329657272757102,-3.329657291298092,-3.3296573132298346,-3.3296573325216197,-3.3296573520423216,-3.3296573700174736,-3.3296573883739304,-3.329657406869165,-3.329657424063563,-3.329657440237626,-3.32965745638214,-3.329657472721283,-3.329657487144951,-3.3296575031226214,-3.329657518151694,-3.329657533003548,-3.3296580779416076,-3.329658485399779,-3.3296587967902616,-3.329659037021537,-3.3296592257813606,-3.3296593781007395,-3.3296595037075036,-3.3296596093711686,-3.329659698492935,-3.329659774449636,-3.3296598383703087,-3.329659894704747,-3.3296599434594,-3.329659985209058,-3.3296600207258806,-3.3296600514522234,-3.329660076664843,-3.329660099967498,-3.3296601172654707,-3.3296601338405707]}