{"parameters":[[1000,-0.001,1.0e-9],[1000,-0.0001,1.0e-9]],"energies":[-3.266497163811251,-3.2664958662780337,-3.2664954101324524,-3.2664952884079357,-3.2664953241986487,-3.2664953719890484,-3.2664953985747047,-3.2664954473429075,-3.2664954735445564,-3.2664954877942414,-3.2664955243797342,-3.266495951201124,-3.2664962766345247,-3.2664965463444156,-3.266496756444716,-3.266496960440824,-3.266497118304109,-3.2664972471277403,-3.2664973538667494,-3.266497456453353,-3.266497525722767]}