{"parameters":[[1000,-0.001,1.0e-9],[1000,-0.0001,1.0e-9]],"energies":[-3.275611205993089,-3.2756100394125838,-3.2756096226414892,-3.275609530656605,-3.27560950892968,-3.2756094727796006,-3.2756093920154274,-3.2756093499180903,-3.275609379995079,-3.275609429863389,-3.2756094796852167,-3.2756098885639586,-3.2756102102400337,-3.2756104458739577,-3.2756106467622965,-3.275610840366534,-3.2756109927968646,-3.275611119860014,-3.2756112239283848,-3.2756113146374894,-3.275611403764323]}