{"parameters":[[10000,-0.001,1.0e-8],[1000,-0.0001,1.0e-9],[200,-1.0e-5,1.0e-9]],"runtime":4377.304240654,"energies":[-3.1092168106956164,-3.109504224169417,-3.1096439611747644,-3.1097368819707754,-3.109802095715564,-3.1098493626113397,-3.109884811453439,-3.109910051610346,-3.1099280201858988,-3.1099429640590754,-3.1099531751068143,-3.1099627723346233,-3.109970083764394,-3.109973782221349,-3.1099780328478888,-3.10998079158516,-3.109984109188408,-3.10998598720295,-3.109987478811002,-3.109987993505912,-3.1099900925453583,-3.10999080870539,-3.1099904365019633,-3.1099914408097042,-3.109992549302894,-3.109992313138718,-3.109994562430124,-3.109993324413969,-3.109993533356529,-3.1099947728043698,-3.1099932455062795,-3.1099944134532915,-3.1099957054831124,-3.109995175760535,-3.109993779805771,-3.109995159994707,-3.1099958890365156,-3.109995294983503,-3.1099955349703627,-3.109995653839221,-3.1099952799345782,-3.1099948607748353,-3.1099941565140723,-3.1099962692797307,-3.109995499735074,-3.109996681249321,-3.109996160943789,-3.1099947987925614,-3.109995941467013,-3.10999512322723,-3.1099957349116902,-3.1099956255833434,-3.1099961040993995,-3.1099950232994478,-3.1099959004430717,-3.109995396793748,-3.1099952156606587,-3.1099945888146316,-3.1099957045726514,-3.1099956001730122,-3.1099936894142566,-3.1099963168452267,-3.1099962892781674,-3.109994451539406,-3.1099955679059597,-3.109995447917842,-3.1099957581415665,-3.1099961891871923,-3.1099955185456367,-3.1099942136670657,-3.1099968166637315,-3.10999690767366,-3.1099964619657,-3.1099951899529374,-3.109995431227003,-3.1099961396065745,-3.109994409070546,-3.1099958972759922,-3.1099944565459614,-3.1099955441819813,-3.10999458640902,-3.1099943353759785,-3.109996132751729,-3.109994978022712,-3.1099949775764926,-3.1099955771886343,-3.109996508092416,-3.1099958086675974,-3.1099967595062954,-3.1099951786193087,-3.1099946932271796,-3.1099941440674086,-3.1099955396305017,-3.109995048392851,-3.1099955301500883,-3.10999523158116,-3.1099930117534327,-3.1099961133940695,-3.109994675627672,-3.1099959302030107,-3.1099958348306123,-3.1099956901594803,-3.1099956559367503,-3.1099953338268223,-3.109995242370629,-3.1099948896109764,-3.109996488580343,-3.109996742656013,-3.109996653921524,-3.1099953180125555,-3.1099966173464897,-3.109996217366409,-3.109994852297087]}