{"parameters":[[10000,-0.001,1.0e-8],[1000,-0.0001,1.0e-9],[200,-1.0e-5,1.0e-9]],"runtime":4162.983152165,"energies":[-3.193132221962493,-3.1935287275354107,-3.1937483817714227,-3.193907950372697,-3.194030011084691,-3.19412421658123,-3.1942005667239695,-3.194261033449641,-3.1943110075095897,-3.194347222908504,-3.194381562971694,-3.1944052884066436,-3.19442739607823,-3.1944470480022664,-3.1944596327272894,-3.1944763578900277,-3.194484100399818,-3.1944931650787147,-3.1945007730062667,-3.1945121722206355,-3.1945150762143535,-3.194520422190986,-3.194523605847987,-3.1945272707456285,-3.1945327292053203,-3.1945353917469976,-3.194538490570621,-3.194538311235233,-3.1945398755232337,-3.194544813224276,-3.194544085325709,-3.1945410032746366,-3.1945500787317354,-3.1945482939041154,-3.1945506896528473,-3.194551220802605,-3.194548945033076,-3.1945523406116494,-3.1945512502170192,-3.194553140528255,-3.1945502394551686,-3.1945552328214473,-3.1945541694249586,-3.1945564459848197,-3.19455532269012,-3.1945527182756797,-3.194557346470972,-3.1945554154137072,-3.194556262020537,-3.1945538510610083,-3.1945542418430932,-3.1945571090161997,-3.194557882518195,-3.1945575003214857,-3.1945582411497546,-3.194559132456819,-3.1945533584313797,-3.194557214681117,-3.1945592851796,-3.1945534844763754,-3.1945543335369293,-3.194556515667126,-3.1945554471019673,-3.1945582522727447,-3.1945554120783104,-3.194556316934599,-3.1945603919308443,-3.194558115176356,-3.1945545953437042,-3.1945594809924702,-3.1945576852730797,-3.1945578127362784,-3.1945564410290626,-3.1945574751569787,-3.194557620302316,-3.1945582877447225,-3.194556066495859,-3.1945553712201744,-3.1945541380389755,-3.1945574392617857,-3.1945587656575536,-3.1945609394089756,-3.1945589366131397,-3.1945587752411235,-3.1945567317133543,-3.194558783071169,-3.1945556540814133,-3.1945578296677004,-3.1945566056019583,-3.1945557864386656,-3.194555337306679,-3.194558669087767,-3.194559282490633,-3.1945557384580074,-3.194557845407796,-3.194558361950698,-3.1945579390015624,-3.194558038506495,-3.1945571675244566,-3.1945575740602323,-3.194555739939266,-3.1945604036130537,-3.1945571056224447,-3.194557678744253,-3.1945555379905786,-3.1945586535645436,-3.194555641306137,-3.194557928788068,-3.1945590156244683,-3.194558103275196,-3.1945594631847993,-3.194560539696192,-3.1945595747125153]}