{"parameters":[[1000,-0.001,1.0e-8],[1000,-0.0001,1.0e-9]],"energies":[-3.3296497454474245,-3.329650000355049,-3.329649088328251,-3.3296486437352675,-3.3296495985105836,-3.3296492217691,-3.3296496854561255,-3.3296496233065493,-3.329648240560405,-3.329649569617322,-3.329650350862573,-3.3296506960111074,-3.329650614978203,-3.3296501954261832,-3.329652080240816,-3.329651740347694,-3.329652733104222,-3.3296525594109303,-3.3296516145469086,-3.329651714848974,-3.3296532749380403]}