{"parameters":[[10000,-0.001,1.0e-8],[1000,-0.0001,1.0e-9],[200,-1.0e-5,1.0e-9]],"runtime":4357.32931366,"energies":[-3.2287032935932345,-3.229144381088851,-3.2294013441602125,-3.2295941920435327,-3.229747818503478,-3.2298681397454057,-3.2299692732985914,-3.2300496917846555,-3.23011327644689,-3.2301703991453237,-3.230218553856897,-3.2302619223140074,-3.2302908669115977,-3.230323500255907,-3.2303463367929286,-3.230368628000325,-3.2303883209810214,-3.230402724422432,-3.230420009440302,-3.2304355368267896,-3.2304441087066738,-3.2304526928346013,-3.23046351135353,-3.2304706166724806,-3.2304798512439548,-3.2304799094708576,-3.2304905948684346,-3.2304912089906486,-3.2304967706239505,-3.2305005213699767,-3.2305050881342035,-3.2305062190716827,-3.2305129972061586,-3.230513017958512,-3.230516648082856,-3.230519784876978,-3.2305218267204254,-3.230523148076839,-3.230525246418607,-3.23052993581783,-3.2305291266547913,-3.2305288929966065,-3.230527930284525,-3.230528624850928,-3.2305312759459777,-3.230535698210114,-3.2305348782141117,-3.230534716315067,-3.2305352115706807,-3.2305372339067677,-3.230536462596903,-3.230534720127753,-3.230536827439072,-3.2305362965186983,-3.2305388791228102,-3.230538698985942,-3.2305421879101712,-3.2305405241819405,-3.230538350092967,-3.2305422565890067,-3.230540056224989,-3.230538345167357,-3.230541355790217,-3.230542106648328,-3.2305398685634565,-3.2305417561664758,-3.2305477110880165,-3.230542489673792,-3.2305449392260965,-3.2305471192125497,-3.2305445566314432,-3.2305468964361053,-3.2305460776430737,-3.2305444364395397,-3.2305440316774905,-3.230541871735063,-3.230545869881369,-3.2305467151138334,-3.230544596291325,-3.2305458122707735,-3.2305443100164974,-3.230543608592484,-3.230549479165876,-3.2305468052826622,-3.2305489583965254,-3.230542382893445,-3.230543511529076,-3.2305420225980184,-3.2305470544811157,-3.230548293853301,-3.230549415901811,-3.230541761567815,-3.230543052912279,-3.2305440454680996,-3.230542942755483,-3.2305447328068833,-3.2305459780328363,-3.230546192878976,-3.2305478034742214,-3.2305448129658916,-3.2305454013814328,-3.230543781906937,-3.2305492687352686,-3.2305488818560497,-3.2305501650348067,-3.230545743555691,-3.2305486052178978,-3.230544455943887,-3.2305446515590033,-3.230546082415394,-3.2305468424941695,-3.2305507746413338,-3.2305454230598727]}