{"parameters":[[10000,-0.001,1.0e-8],[1000,-0.0001,1.0e-9]],"runtime":3477.039136636,"energies":[-3.109208359927274,-3.109502012163862,-3.1096465715363477,-3.1097394948134003,-3.10980899050642,-3.10985901919934,-3.1098936186438078,-3.109922488264849,-3.109938059584714,-3.1099530145231773,-3.109964972546129,-3.109972690200257,-3.109975497626006,-3.1099817820682967,-3.109989432548457,-3.1099912731820987,-3.1099920330202773,-3.1099979844073182,-3.109998360229066,-3.1099959587555337,-3.109994751594198,-3.109994929588944,-3.109995499720264,-3.110001760193007,-3.1100048956805884,-3.1099994748126134,-3.1100031237566843,-3.1100044850243167,-3.1100002635595914,-3.110004755945581,-3.1100051771708115,-3.1100004987639505,-3.110006367230352,-3.1100061143297895,-3.109996828772577,-3.1100046285098486,-3.110004930529464,-3.109998219005523,-3.110005491670771,-3.1100016964261012,-3.110005450907353,-3.1100064466212327,-3.110005791670838,-3.1100064535780243,-3.1100033617390808,-3.1100023720626746,-3.110006105025485,-3.109999122758935,-3.1099959602748077,-3.1100066632832912,-3.110002400828187,-3.1100051325880163,-3.1100045022993847,-3.1100037660045516,-3.1099966461999804,-3.1100052789261463,-3.110006326703366,-3.110001455541481,-3.1100032588724007,-3.1100054650723394,-3.1100018820566766,-3.110003527466559,-3.1100029833652223,-3.1100033259368205,-3.1100059602889116,-3.110005467318426,-3.1100054727540822,-3.1100073885808825,-3.1100007069639264,-3.110007258022312,-3.1100023408441517,-3.1100048179363835,-3.110002532605423,-3.110002137250878,-3.1100062327966866,-3.1100060929079745,-3.110006113429951,-3.1100073207917567,-3.1100011349272627,-3.110005392848476,-3.11000079812004,-3.110006444290135,-3.109998060583637,-3.110002533632091,-3.1100025084126766,-3.1100067569386396,-3.1100056105675877,-3.110005257466013,-3.1100038437961866,-3.110003284233093,-3.1100079550869513,-3.1100067188275338,-3.1100061008535893,-3.1100048744410946,-3.1100021933706374,-3.11000629011039,-3.110005604591109,-3.1100067554090733,-3.1100015522590807,-3.110006700693271,-3.1100042375375834,-3.1100051018879005,-3.1100040169547647,-3.1100022484358547,-3.11000205346469,-3.11000294737879,-3.110005045248348,-3.110009345916102,-3.1100105500445174,-3.110000301628337,-3.110001864536449]}