{"parameters":[[5000,-0.001,1.0e-8],[2000,-0.0001,1.0e-9]],"energies":[-3.283589598539337,-3.2835884398060116,-3.2835894705330375,-3.283588266161769,-3.2835880076178867,-3.2835887291648014,-3.283590516667993,-3.283591023612445,-3.2835900964681626,-3.283591152797785,-3.2835901772543736,-3.28359104308467,-3.2835909581010085,-3.283591805879675,-3.2835912040422026,-3.2835903299740736,-3.2835917644609647,-3.2835923837566927,-3.2835937530986286,-3.28359343841312,-3.2835926674318605,-3.283591797426965,-3.283593486909776,-3.283593146759624,-3.2835933501925703,-3.2835933002445046,-3.2835939470362816,-3.2835946300401977,-3.283593124269024,-3.2835942491804166,-3.283595378474155,-3.2835960398616573,-3.2835945186476407,-3.2835958764218915,-3.283595135166058,-3.2835961561669897,-3.2835960175214343,-3.28359660364747,-3.2835967857799506,-3.2835959579449416,-3.2835969318296967,-3.283595768903572,-3.28359666308518,-3.2835971845144627,-3.283596953369637,-3.2835965969412233,-3.2835977491366757,-3.2835976633185453,-3.2835967406440454,-3.2835984300794356,-3.28359773705185,-3.28359903793107,-3.2835969771863867,-3.2835978748871852,-3.283597411873528,-3.2835991149577257,-3.283597745567783,-3.283599154607533,-3.2835988051182396,-3.283598327599541,-3.283598442025874,-3.2835985816318365,-3.2835984104854874,-3.2835985185061514,-3.2835990870925507,-3.2835991781598435,-3.283597571220912,-3.283599279403643,-3.2835995913679183,-3.283599737244464,-3.2835996159947713]}