{"parameters":[[1000,-0.001,1.0e-8],[1000,-0.0001,1.0e-9]],"energies":[-3.256304495214373,-3.256303748873763,-3.2563036656771716,-3.2563017995596746,-3.256302715818969,-3.2563024654477952,-3.256303199904611,-3.2563035248547116,-3.2563032819519058,-3.256303254264437,-3.2563028529831897,-3.256303971689727,-3.2563037232347702,-3.2563048790675575,-3.2563051690705223,-3.2563049785769578,-3.2563051427076752,-3.256304351087352,-3.256304152967229,-3.2563043899986246,-3.256305937183653]}