{"parameters":[[2000,-0.001,1.0e-8],[1000,-0.0001,1.0e-9]],"runtime":6480.396829473,"energies":[-3.029627496563805,-3.0297539234648965,-3.029808445624619,-3.0298405740499366,-3.0298606517836477,-3.0298720165943838,-3.029882628929785,-3.0298862659367485,-3.0298924879415456,-3.0298933754241837,-3.029896443689223,-3.0298964294920623,-3.0298993222228443,-3.0298995464443244,-3.029898537798247,-3.029900305753105,-3.0299000907113713,-3.029900920606541,-3.0299010568603113,-3.029899073762706,-3.0299010854736457,-3.0299022353108613,-3.0299011519344385,-3.029901655519793,-3.029902828468151,-3.029900077732776,-3.0299007201739085,-3.0299027546024955,-3.0299012513019354,-3.0299026483627953,-3.029902362791033]}