{"parameters":[[10000,-0.001,1.0e-8],[1000,-0.0001,1.0e-9]],"runtime":3622.224476968,"energies":[-3.4209227383299132,-3.421329696744202,-3.421531422097984,-3.42167369900766,-3.421772090377746,-3.4218810565339632,-3.421964364772115,-3.4220127302550543,-3.4220749918278353,-3.422129935242945,-3.4221854739122977,-3.4222293250899396,-3.422261121201714,-3.4222941986009023,-3.422309530598411,-3.4223400302842157,-3.4223647451658397,-3.422372162540072,-3.422394631989175,-3.422416574840647,-3.422406944659481,-3.4224375901838386,-3.4224518027751842,-3.4224557109987086,-3.422443745843022,-3.422462914618224,-3.422465461235169,-3.4224882064662596,-3.422487170945746,-3.4224830834532236,-3.4224926846823607,-3.422493016250303,-3.422497378888834,-3.4224995511576295,-3.422509454909682,-3.4224998154451827,-3.4224994324415117,-3.422506760345529,-3.4225072822557223,-3.4225070297098843,-3.422514190791134,-3.422501415580952,-3.4225131878965227,-3.4225079733994757,-3.422515492315944,-3.422521603385916,-3.422508020912958,-3.422513487632565,-3.422514738123387,-3.4225179859573673,-3.422514385336731,-3.4225151115822716,-3.4225222234883224,-3.4225045107727494,-3.422506211038966,-3.4225269314484428,-3.422515985781265,-3.422521706103203,-3.4225133354637043,-3.422532006385743,-3.422530281391574,-3.4225147237949267,-3.422524554395101,-3.4225223538115968,-3.4225232122531724,-3.4225265638624034,-3.4225144521546307,-3.422527800733969,-3.4225145469677036,-3.4225168703441655,-3.422518273540917,-3.4225130051184713,-3.422521741333518,-3.422510167217058,-3.4225288545155514,-3.422516774152476,-3.422512188975781,-3.4225163992136087,-3.4225287972243414,-3.4225201221860666,-3.4225292259398965,-3.4225188015699635,-3.422526714899846,-3.42249647166469,-3.4225183899942584,-3.4225269737456596,-3.422515851131493,-3.422504626618621,-3.422521157119784,-3.4225301481785224,-3.422519428264465,-3.4225008079106436,-3.422522471706446,-3.4225098678739387,-3.4225321498251358,-3.4225272880794515,-3.4225187770233645,-3.422518764052346,-3.4225259699006316,-3.422523943063913,-3.422530196746453,-3.4225216659016993,-3.422516199232633,-3.4225277133375833,-3.422526660274568,-3.4225177542395713,-3.4225305004544797,-3.42252429645651,-3.422521534761694,-3.422527846576987,-3.4225254388123254]}