{"parameters":[[1000,-0.001,1.0e-9],[1000,-0.0001,1.0e-9]],"energies":[-3.2939030069572475,-3.2939018985525106,-3.293901363025083,-3.293901577177735,-3.2939021350211157,-3.2939025946287925,-3.2939030491969623,-3.293902813655302,-3.2939019163282204,-3.293901004010679,-3.2939006044846657,-3.29390090757461,-3.293901384569762,-3.2939017896035883,-3.2939021237465105,-3.293902219849347,-3.29390234964669,-3.2939025922083105,-3.2939027685660354,-3.2939028328236204,-3.2939030251493797]}