{"parameters":[[5000,-0.001,1.0e-8],[2000,-0.0001,1.0e-9]],"energies":[-3.302006642941449,-3.3020052812699854,-3.3020050187229217,-3.3020049295602423,-3.302004911642301,-3.3020049296148217,-3.302004958975727,-3.3020049910121214,-3.3020050241737424,-3.302005058167425,-3.3020050925449844,-3.3020051269639072,-3.3020051612488217,-3.3020051953139795,-3.302005229188573,-3.30200526282933,-3.3020052962189843,-3.302005329397349,-3.3020053622951018,-3.3020053949538184,-3.3020054273535124,-3.30200545949364,-3.3020054913911228,-3.3020055230187864,-3.3020055543950733,-3.302005585526593,-3.3020056163616243,-3.3020056469683694,-3.30200567728778,-3.3020057073401916,-3.3020057371607137,-3.3020057666908924,-3.30200579594828,-3.302005824957784,-3.3020058537154764,-3.3020058821861697,-3.302005910411365,-3.302005938369177,-3.302005966064227,-3.3020059934819415,-3.302006020673142,-3.3020060475983466,-3.302006074247565,-3.3020061006522186,-3.302006126807967,-3.3020061527023943,-3.3020061783460775,-3.3020062037527396,-3.302006228915851,-3.3020062538221078,-3.302006278464789,-3.302006779230314,-3.302007144526539,-3.302007412898095,-3.3020076127833535,-3.302007764564035,-3.30200788249756,-3.302007976294284,-3.30200805265293,-3.3020081161095387,-3.3020081697908577,-3.3020082158357207,-3.302008255804754,-3.302008290792472,-3.302008321553655,-3.302008348760906,-3.302008372800061,-3.30200839407947,-3.302008412901034,-3.302008429509537,-3.30200844417394]}