{"parameters":[[5000,-0.001,1.0e-8],[2000,-0.0001,1.0e-9]],"energies":[-3.3296602032800355,-3.3296585647083994,-3.329658165169357,-3.329658054235956,-3.329658007410174,-3.329657975569832,-3.329657956448548,-3.3296579471907775,-3.3296579415264236,-3.3296579363111576,-3.329657931107805,-3.3296579262073953,-3.329657922115631,-3.3296579182659647,-3.3296579244642044,-3.3296584484456764,-3.3296588379175063,-3.329659131865196,-3.3296593579918734,-3.329659535384436,-3.3296596779269287,-3.329659794227722,-3.329659891128803,-3.3296599726057656,-3.3296600418166262,-3.3296601009051683,-3.3296601517317317,-3.329660195434991,-3.329660232745916,-3.3296602650306273,-3.3296602921698892,-3.329660315377493,-3.3296603349458773,-3.3296603511034406]}