{"parameters":[[2000,-0.001,1.0e-8],[1000,-0.0001,1.0e-9]],"runtime":6757.01165446,"energies":[-3.6097857887774047,-3.6100973479556906,-3.6102055127470174,-3.61026010170019,-3.6102897721964293,-3.6103057386378286,-3.6103153191875825,-3.6103230924228593,-3.6103269927339774,-3.610329424497249,-3.6103289821938533,-3.6103327773985514,-3.6103323482307164,-3.610331307845355,-3.6103339010054007,-3.6103327980286553,-3.6103338957934255,-3.6103330497862665,-3.610332276302133,-3.6103318245405775,-3.610334971235524,-3.6103332140996836,-3.610335410012094,-3.6103361309607687,-3.6103327086487065,-3.6103344041568723,-3.610334293578678,-3.6103350618783496,-3.6103359391573697,-3.610336985632498,-3.610335509069426]}