{"parameters":[[1000,-0.001,1.0e-8],[1000,-0.0001,1.0e-9]],"energies":[-3.288167357400969,-3.28816688801165,-3.288166967712548,-3.288168186025543,-3.288167604284469,-3.2881684887546356,-3.2881687556679973,-3.288168859997977,-3.2881682399532743,-3.2881698160679527,-3.288170349086813,-3.288171500746765,-3.288170513299729,-3.288171332346446,-3.288171537558556,-3.2881727427754335,-3.288171404653732,-3.288171696054036,-3.288171733770332,-3.288172360639461,-3.2881716308319646]}