{"parameters":[[10000,-0.001,1.0e-8],[1000,-0.0001,1.0e-9],[200,-1.0e-5,1.0e-9]],"runtime":4130.404263148,"energies":[-3.0687275733975983,-3.0689696121871948,-3.0690775215236767,-3.0691458060129846,-3.0691922755695593,-3.0692239643520134,-3.0692456441482543,-3.0692621140008036,-3.069274316231353,-3.0692829802141492,-3.0692894344141264,-3.0692947322320525,-3.0692971546179773,-3.0692998801108686,-3.0693019279676177,-3.069303510837842,-3.0693057133354524,-3.06930570803357,-3.0693060155976384,-3.069307238378543,-3.0693080320593595,-3.0693081204059083,-3.0693088136424085,-3.069308403159715,-3.0693086392135855,-3.069308707644118,-3.069308982147803,-3.0693092268755944,-3.0693089790226917,-3.0693096869158576,-3.069310471704273,-3.069308899828705,-3.0693099126693606,-3.0693098673219215,-3.069309619112755,-3.0693103827472594,-3.069309960609683,-3.0693098147546536,-3.069309902945485,-3.0693096978771286,-3.0693099402239064,-3.0693104127567916,-3.0693102939741563,-3.069310645073775,-3.069310423634516,-3.069311037087745,-3.0693086532844904,-3.069309955445029,-3.069309906361206,-3.069310296395754,-3.069310005258692,-3.069310738337277,-3.0693102094957694,-3.0693104917776215,-3.069309352502396,-3.069310508334961,-3.0693094101136276,-3.0693099722254646,-3.0693101116392034,-3.0693093655458323,-3.069309652108695,-3.069309736835491,-3.0693105625900223,-3.0693084194330686,-3.069310030657514,-3.0693096347153985,-3.0693102666935608,-3.0693108766584225,-3.0693094507647563,-3.0693101790783515,-3.0693103985561176,-3.0693097854700904,-3.0693100676701834,-3.0693093110613963,-3.069311084302783,-3.0693098743330323,-3.069308933572064,-3.0693099504364056,-3.0693098666723606,-3.0693095088334217,-3.0693094461377393,-3.069310737803728,-3.0693104904856616,-3.0693097620832406,-3.0693099006473186,-3.069308917417875,-3.069310618172717,-3.0693096378394067,-3.069310237050334,-3.0693098513512367,-3.0693104566085476,-3.069309960230099,-3.0693105845704602,-3.0693106725864956,-3.069309400865725,-3.069309978721907,-3.0693096330805405,-3.0693102680157347,-3.069310524318932,-3.069309870243497,-3.069310236155481,-3.0693096568750127,-3.0693106191118598,-3.069311076073954,-3.069310086839449,-3.0693108545338177,-3.06930982527736,-3.069310521115149,-3.069310347019386,-3.0693108160430347,-3.069309089179269,-3.069310904644541,-3.069309364151216]}