{"parameters":[[5000,-0.001,1.0e-8],[1000,-0.0001,1.0e-9]],"energies":[-3.3019646687226762,-3.301964618786533,-3.3019661084539234,-3.30196593747284,-3.3019676973734735,-3.3019676919905407,-3.301967825679834,-3.30196894242572,-3.3019690549104195,-3.301969462653495,-3.3019698624968505,-3.301970724175031,-3.3019715796918327,-3.301971523342035,-3.3019718282586235,-3.3019732281605743,-3.301972116646314,-3.3019746524407516,-3.301974698206349,-3.301974365773545,-3.3019749593327123,-3.301974695826381,-3.3019775972865286,-3.3019766413321436,-3.3019776082054073,-3.3019788295030086,-3.3019776951789757,-3.301978129097206,-3.3019773590868993,-3.3019796482620842,-3.301979872887081,-3.3019800098222127,-3.3019808312679224,-3.3019801302023817,-3.301980665778892,-3.3019824725081826,-3.301982160234288,-3.3019827167394102,-3.3019812007514178,-3.3019826686990497,-3.3019826851844893,-3.3019835047881188,-3.301983579919278,-3.3019849070744716,-3.3019840847678052,-3.3019851107748472,-3.3019835032856832,-3.3019843404412867,-3.3019857264448302,-3.30198603900515,-3.301984598841499,-3.30198602878399,-3.301987274127084,-3.3019853415403704,-3.3019873383262257,-3.3019863422435547,-3.3019872118574547,-3.301987146148625,-3.301987742975714,-3.3019883831377532,-3.3019874351746576]}