{"parameters":[[2000,-0.001,1.0e-8],[1000,-0.0001,1.0e-9],[200,-1.0e-5,1.0e-9]],"runtime":4557.512555665,"energies":[-3.15172666575839,-3.152000803070738,-3.1521209853593466,-3.1521906852139785,-3.1522370875744024,-3.1522664213503693,-3.1522912029673296,-3.152306995803975,-3.1523175793179323,-3.15232774354622,-3.1523338981549416,-3.1523394078201767,-3.1523441236717877,-3.1523458258751904,-3.1523506347760057,-3.152351298357937,-3.1523534271234035,-3.1523563683034244,-3.152356345016665,-3.152356415222628,-3.1523596383402346,-3.1523598396449164,-3.1523594745608317,-3.152358817397989,-3.152358759147654,-3.1523622950353336,-3.1523589717081646,-3.1523595550189287,-3.1523602607131074,-3.1523607276930763,-3.152360316440129,-3.152360557529838,-3.1523604510119974]}