{"parameters":[[2000,-0.001,1.0e-8],[1000,-0.0001,1.0e-9]],"runtime":2985.975827118,"energies":[-2.5651444051685495,-2.5651476024100934,-2.5651486274120527,-2.5651491768892427,-2.5651494574136473,-2.565149636542247,-2.5651496863295162,-2.5651497464385455,-2.5651497309760947,-2.5651497697022836,-2.5651497897539612,-2.5651497786451936,-2.5651497955262252,-2.5651497996703196,-2.565149772947459,-2.565149745214999,-2.5651497641337926,-2.5651498127349366,-2.5651497925884152,-2.5651498729879894,-2.5651499138777947,-2.5651499536723206,-2.5651499498424135,-2.565149993439206,-2.5651500021686484,-2.5651499995000764,-2.5651500400269627]}