{"parameters":[[10000,-0.001,1.0e-8],[1000,-0.0001,1.0e-9]],"runtime":4571.052254546,"energies":[-3.227816726217706,-3.2282654789221095,-3.2285310496017354,-3.228726119229881,-3.228885191718713,-3.229001294376689,-3.2291031172737417,-3.2291836236982996,-3.229262865375616,-3.229312289890678,-3.2293581735787984,-3.2293956717118135,-3.229432909808006,-3.2294598856706904,-3.2294857416256084,-3.229511188719129,-3.229525688815711,-3.229542936503785,-3.2295654429683873,-3.229569483370073,-3.2295945564797854,-3.229602092394544,-3.2295867984438535,-3.2296152895271675,-3.229620865870622,-3.229616397163043,-3.229629289379302,-3.2296210008583186,-3.2296223664436603,-3.2296421752366484,-3.229634340289384,-3.2296429330966525,-3.229632112501844,-3.229649466129845,-3.2296534211463683,-3.2296582278341415,-3.229658048506376,-3.229661621045784,-3.2296612730684515,-3.2296577037922747,-3.229668418962866,-3.2296713538152018,-3.229662200849881,-3.2296794012460666,-3.229671861840682,-3.2296763017942234,-3.229678187592367,-3.2296708741935936,-3.229665525261301,-3.229675568474603,-3.2296722538748783,-3.229652556481065,-3.2296670486418426,-3.229677132050388,-3.2296763721588873,-3.22967148844912,-3.2296705904445644,-3.2296694909226935,-3.229678792466074,-3.2296742031547536,-3.2296850451106027,-3.2296694053336115,-3.229675541295424,-3.2296774128956125,-3.2296748935397277,-3.229682143612513,-3.229683512561876,-3.2296767644388016,-3.2296874684094687,-3.229677760376699,-3.229675720371186,-3.229692801546874,-3.229683299523298,-3.229683224226039,-3.2296792375023697,-3.229684948573392,-3.2296775009012992,-3.2296818266906104,-3.2296887618467096,-3.2296852010879133,-3.2296848786242878,-3.229679781794223,-3.229692203817704,-3.2296844892260492,-3.229680295506897,-3.2296842180786625,-3.2296728294192008,-3.229685718615329,-3.229687738486775,-3.229672179001529,-3.2296875694088163,-3.2296715771609517,-3.2296892339877785,-3.2296726040285217,-3.229683428279066,-3.22968254369897,-3.2296748378617197,-3.2296834782761037,-3.229684781082078,-3.2296763180226216,-3.2296757665101756,-3.229673154671237,-3.2296764313625577,-3.2296922095249094,-3.229695530031272,-3.2296948402481473,-3.229695783380415,-3.2296798875148194,-3.229680145048108,-3.2296827387120937,-3.2296849174253075]}