{"parameters":[[2000,-0.001,1.0e-8],[1000,-0.0001,1.0e-9],[200,-1.0e-5,1.0e-9]],"runtime":5066.793119954,"energies":[-3.2323274888801823,-3.2327830760690315,-3.2329798043246027,-3.2330968138294485,-3.2331710622921244,-3.233225503849705,-3.233264109385247,-3.233293221901709,-3.2333144739694104,-3.2333332453821355,-3.2333479938228753,-3.2333618750690754,-3.2333736469539294,-3.2333811911114934,-3.2333877769958406,-3.2333944348754544,-3.2333972061971887,-3.233403161813043,-3.233408732885194,-3.233410381573345,-3.233412428832009,-3.2334200387413454,-3.233417492025096,-3.233416448935824,-3.233415302505388,-3.233417342197485,-3.2334179478255853,-3.23341698790919,-3.2334169416356575,-3.2334173573460374,-3.233420484362861,-3.233420247894789,-3.2334202327675055]}