{"parameters":[[10000,-0.001,1.0e-8],[1000,-0.0001,1.0e-9],[200,-1.0e-5,1.0e-9]],"runtime":4559.025428647,"energies":[-3.236605278519084,-3.2370562061687154,-3.2373199754922655,-3.237521222886063,-3.237680168228713,-3.237807343333606,-3.2379116769587903,-3.2379970485077676,-3.2380678643919247,-3.2381299056391173,-3.238181919549236,-3.238227354183174,-3.2382607337389944,-3.238293182527915,-3.2383178000048787,-3.238342233539925,-3.2383708073563646,-3.238384834979018,-3.2384028589728424,-3.238414589838305,-3.238430538080142,-3.238441273398477,-3.2384534786212313,-3.2384591186771856,-3.2384695168160698,-3.2384763090133815,-3.238481401886241,-3.2384865030310896,-3.23849432841363,-3.2384976835448636,-3.2385022437877584,-3.2385085535892437,-3.2385117484161268,-3.238513390794192,-3.2385184889819603,-3.238520284187189,-3.238524034633453,-3.2385226001526393,-3.238524214464279,-3.238530471888359,-3.238531446887319,-3.238534426344679,-3.2385378297290788,-3.2385351213342766,-3.2385401660076742,-3.2385390206866616,-3.2385389367214983,-3.2385420524112614,-3.2385448996491166,-3.238544761279492,-3.2385384709500493,-3.238545485411091,-3.238547305633736,-3.23854927180086,-3.238545680396485,-3.238544814742595,-3.2385474441760174,-3.2385499028717204,-3.2385478767462983,-3.2385484071028774,-3.2385515434164582,-3.238546332599904,-3.238548429893229,-3.2385508561227314,-3.2385484829884477,-3.2385518400419735,-3.238550983707151,-3.2385491149602177,-3.2385504485882306,-3.238553975854422,-3.2385494578836296,-3.238553339457311,-3.2385536840924916,-3.238551405741263,-3.2385597387441494,-3.2385505049631433,-3.238552144151327,-3.2385547945832713,-3.2385549206971183,-3.238556186810995,-3.2385520682551037,-3.2385579474433426,-3.2385539403624897,-3.2385541168962395,-3.2385542520190276,-3.238556839086511,-3.2385586020318593,-3.2385535927079427,-3.238550263973478,-3.2385531927785878,-3.238550881042698,-3.2385561039576154,-3.23855425834382,-3.2385526522774253,-3.238548843489447,-3.238559087095794,-3.2385589475148593,-3.238554782681368,-3.2385589673882476,-3.238553378682261,-3.238555124085668,-3.2385548453899617,-3.238558032412751,-3.2385538028734038,-3.2385598631482875,-3.2385568685929096,-3.2385564529660344,-3.2385573154470495,-3.2385584383695223,-3.2385569586986116,-3.2385528729456325,-3.238555753497159,-3.2385601603285616]}