{"parameters":[[10000,-0.001,1.0e-8],[1000,-0.0001,1.0e-9],[200,-1.0e-5,1.0e-9]],"runtime":4164.81575994,"energies":[-3.5155224210845084,-3.515762916396034,-3.515809801057752,-3.515829989185873,-3.515838119960699,-3.515843063692328,-3.5158421693726196,-3.5158447734513034,-3.515846319696588,-3.5158452564463345,-3.5158467708283787,-3.5158468203845414,-3.5158512580216037,-3.515848422235167,-3.515846946529016,-3.5158476984801537,-3.515845545683546,-3.515845910486632,-3.515851177332275,-3.515844710116135,-3.515851612491149,-3.5158485498946184,-3.51584976636164,-3.5158501622962817,-3.515850513139532,-3.515848258298898,-3.515846924993318,-3.5158493218182674,-3.5158499685761964,-3.5158493924610617,-3.5158510504480156,-3.515847134100679,-3.5158487199764976,-3.515848889282177,-3.515845402069468,-3.5158485317688037,-3.515848840428201,-3.515849407557361,-3.515847306972846,-3.5158430846252204,-3.5158508220070908,-3.515848480775714,-3.51584611679413,-3.515847093560778,-3.515845874783636,-3.515850068753307,-3.515850412811676,-3.5158480397592253,-3.5158491055063834,-3.5158494351919654,-3.5158478347603306,-3.5158486036450665,-3.515845952188577,-3.5158513219775767,-3.5158447561118216,-3.5158485687247505,-3.5158462160273123,-3.5158456100441433,-3.5158487995964416,-3.515845152108753,-3.515847291522382,-3.515846646179992,-3.5158474200543512,-3.5158463062627208,-3.5158485050330555,-3.515848551665193,-3.5158487856250087,-3.515848309484955,-3.515846269008336,-3.51584741268031,-3.5158447241881694,-3.51584683836278,-3.5158480178702023,-3.5158480785455613,-3.51584772562906,-3.515847893893845,-3.515847065859321,-3.51584423602175,-3.515844467723751,-3.515846917810457,-3.5158448255545816,-3.515847309120512,-3.5158475878189583,-3.51585140825316,-3.515848478188444,-3.515843858563333,-3.5158498745706845,-3.5158477697096746,-3.5158441023974345,-3.5158490657949506,-3.51584604970127,-3.51584575787622,-3.51584173790209,-3.5158458694597186,-3.5158491698172663,-3.5158487545880064,-3.515849601036301,-3.515845677686554,-3.5158501300120255,-3.5158485213992545,-3.5158493144986376,-3.5158488945150017,-3.515850242573637,-3.5158480865043162,-3.5158486045249258,-3.5158473843404274,-3.5158491579128635,-3.515850022592888,-3.515849665798726,-3.5158521009405135,-3.515848581083624,-3.515846461365921,-3.515846858133421]}