{"parameters":[[2000,-0.001,1.0e-8],[1000,-0.0001,1.0e-9]],"runtime":4823.221625823,"energies":[-3.3760857202934265,-3.376631797723579,-3.376852434544727,-3.376976558339283,-3.3770500024794203,-3.377096574819607,-3.377128149707294,-3.3771490162466278,-3.3771631183618713,-3.377172121668915,-3.3771790868265126,-3.377183186201045,-3.3771859724776205,-3.3771888408853634,-3.377190911485111,-3.3771907661292486,-3.3771928228010846,-3.3771922170939117,-3.3771919040129474,-3.377193195148355,-3.3771931013712617,-3.3771951553520183,-3.3771948398293907,-3.3771944710915447,-3.3771939290733,-3.3771940852814453,-3.3771955047528603,-3.377194561643958,-3.377194494734372,-3.377195398779318,-3.377195155630052]}