{"parameters":[[1000,-0.001,1.0e-9],[1000,-0.0001,1.0e-9]],"energies":[-3.257404330852191,-3.2574035544552977,-3.2574034877901448,-3.2574030194863783,-3.2574035471988116,-3.2574038162500045,-3.2574045712677875,-3.257404672512617,-3.257405209361282,-3.2574045563461373,-3.2574051906860397,-3.2574055760090053,-3.2574055292486737,-3.2574061932679816,-3.257406151168266,-3.2574065882351873,-3.2574065893771973,-3.257407087954534,-3.2574069197614373,-3.2574069094130085,-3.257407279268686]}