{"parameters":[[2000,-0.001,1.0e-8],[1000,-0.0001,1.0e-9],[200,-1.0e-5,1.0e-9]],"runtime":1353.843770726,"energies":[-3.2296631191534027,-3.229661560135859,-3.229664070435058,-3.229658739148868,-3.2296611249880915,-3.2296630725133157,-3.229663414128744,-3.2296542917029263,-3.229661747863924,-3.2296587642895824,-3.229659425065592,-3.229660025330788,-3.229658365430293,-3.2296570376513527,-3.229658850283941,-3.229657947774265,-3.229662662737054,-3.2296595684373326,-3.229659480130537,-3.2296570656221135,-3.229659124735998,-3.2296631272042635,-3.2296600184615536,-3.229658633257042,-3.2296611758307923,-3.229664334388982,-3.2296582979633146,-3.2296599342362207,-3.2296606819566853,-3.2296621614871297,-3.2296618164789033,-3.229657001533733,-3.2296621202447957]}