{"parameters":[[5000,-0.001,1.0e-8],[2000,-0.0001,1.0e-9]],"energies":[-3.2744478631168685,-3.2744465796154767,-3.274446847143543,-3.2744459191229978,-3.274446717834238,-3.274446142626481,-3.274447558187746,-3.274446801779759,-3.274447894136182,-3.2744479200054677,-3.274448199927898,-3.27444758033144,-3.2744481715708984,-3.27444872562467,-3.2744469102803118,-3.274447180267617,-3.2744493678359077,-3.274447838587409,-3.2744488605609576,-3.274449608488631,-3.274449740149337,-3.2744491050301816,-3.2744485724801295,-3.2744495160972855,-3.2744477142392077,-3.2744500940654153,-3.2744491170506773,-3.2744492960743177,-3.2744492351710344,-3.274450305090144,-3.27445037306245,-3.2744506825705892,-3.274449730462072,-3.274450116389307,-3.274449941545387,-3.2744504334443274,-3.27444963650621,-3.2744498890072222,-3.274451327027409,-3.2744514488172256,-3.2744499907491647,-3.2744504448460585,-3.2744502296340277,-3.2744509745282455,-3.2744503120401274,-3.2744511797498217,-3.27445023397913,-3.274451033837864,-3.2744516323520605,-3.274451278877925,-3.27445120898439,-3.2744517627204455,-3.274452417799419,-3.2744515897400817,-3.2744527553936544,-3.274452771234504,-3.274451146356249,-3.274452240426294,-3.274451964923104,-3.2744516247033144,-3.274451267787448,-3.274452382734165,-3.274453129764339,-3.274452261635624,-3.274452373682693,-3.2744511659918514,-3.274452946957613,-3.274452916214622,-3.2744510742051274,-3.2744519440581854,-3.2744514260131554]}