{"parameters":[[5000,-0.001,1.0e-8],[1000,-0.0001,1.0e-9]],"energies":[-3.301955101977807,-3.3019551328033767,-3.301956932695786,-3.3019574845353272,-3.301957300776982,-3.30195745151915,-3.3019602131026238,-3.3019604580905373,-3.3019600995381686,-3.3019622369765553,-3.3019618870917578,-3.3019617249537574,-3.301963118989666,-3.3019641834932787,-3.301964977723874,-3.3019641109180613,-3.3019654926017905,-3.301967136336302,-3.3019675207150994,-3.3019676081961045,-3.301968229695762,-3.301970101919345,-3.3019698041398056,-3.301970417785545,-3.301969335726552,-3.301971980115738,-3.3019720021149466,-3.301970743976298,-3.3019721524392907,-3.3019733576053047,-3.3019735353772557,-3.301973176252414,-3.301974205358926,-3.3019746909601126,-3.301974484689145,-3.3019756651347567,-3.301976074814462,-3.301975365891904,-3.3019756326125966,-3.30197594477506,-3.3019761730526973,-3.301977931936178,-3.301977368384562,-3.301979761142043,-3.3019798246664323,-3.301978980762612,-3.3019792592436565,-3.3019803810223607,-3.3019802978635395,-3.3019790718550786,-3.3019812733614726,-3.301981776138457,-3.301982212238726,-3.3019808319457287,-3.301982415077924,-3.3019831733013763,-3.3019811681113356,-3.3019817618292646,-3.301981790692613,-3.301982211516764,-3.301982613949293]}