{"parameters":[[10000,-0.001,1.0e-8],[1000,-0.0001,1.0e-9],[200,-1.0e-5,1.0e-9]],"runtime":4558.802120804,"energies":[-3.2147397314109347,-3.215164147264924,-3.2154067152445305,-3.2155871523984976,-3.2157241060367596,-3.2158361156868094,-3.2159282456852676,-3.216000596178849,-3.2160602810100363,-3.21611132256984,-3.216149505090896,-3.2161822662686776,-3.216210565799824,-3.2162369146796435,-3.216256178386731,-3.2162749962505823,-3.216289057742904,-3.2163025901719946,-3.216313425410355,-3.2163247067827836,-3.216328986145077,-3.2163424602504036,-3.2163483110876574,-3.216352925155519,-3.2163609345631605,-3.216363954195261,-3.2163654892392106,-3.21637063895078,-3.216375943091394,-3.2163759983953275,-3.216381575075626,-3.2163799726769513,-3.216387129722761,-3.2163880155722415,-3.216388797237311,-3.2163894321566255,-3.2163932596406943,-3.2163910281115324,-3.216395825910973,-3.2163942373705283,-3.2163994167595815,-3.2163959813878953,-3.2163947001210444,-3.2163969807142427,-3.2163996795334,-3.2163974918979727,-3.2164016108006,-3.2163978380895286,-3.2163995988115026,-3.2164015511065265,-3.216398441309871,-3.2164038715741152,-3.216399649946128,-3.216402494471297,-3.216403009805919,-3.2163998115931927,-3.216400719068439,-3.216403570445313,-3.2164028648742975,-3.2164044239026404,-3.216402820631546,-3.2164033330432007,-3.2164011902374434,-3.2164011496706264,-3.2164064159348373,-3.2164043315111006,-3.216404469109784,-3.216406440925574,-3.21640567796127,-3.216407125595511,-3.2164069527280987,-3.216403654023631,-3.21640693514966,-3.216407577416396,-3.2164064599590643,-3.2164013230997632,-3.2164021516969674,-3.2164046606237897,-3.2164009782911194,-3.216406817919893,-3.2164052922091804,-3.216403652914606,-3.2164084200620513,-3.216406770161265,-3.2164034235970123,-3.216406418624822,-3.216403593097446,-3.2164067877643143,-3.216405616208135,-3.2164088402133104,-3.2164077547309096,-3.216408071116032,-3.216403282823651,-3.216408019560406,-3.2164081674508513,-3.2164077775694153,-3.216407621616761,-3.216404416556617,-3.21640106757384,-3.2164014469441033,-3.216406808416925,-3.216407008353531,-3.216406456397719,-3.2164045555142398,-3.2164088567681324,-3.21640499244676,-3.2164068641820367,-3.2164073670871565,-3.2164060775563104,-3.2164065355059797,-3.2164079488345867,-3.2164083660906746,-3.216402981935242]}