{"parameters":[[2000,-0.001,1.0e-8],[1000,-0.0001,1.0e-9],[200,-1.0e-5,1.0e-9]],"runtime":4959.81831347,"energies":[-3.225233333220747,-3.225668657220881,-3.225858145538394,-3.2259687582959797,-3.2260407160410502,-3.226092341335732,-3.2261303465552347,-3.2261579017755526,-3.2261797353080146,-3.2261949186803744,-3.226211038537039,-3.226224763593019,-3.2262308520565965,-3.2262397703165577,-3.226246468958057,-3.22625157643815,-3.2262561126941147,-3.2262613478915076,-3.2262631296744604,-3.2262674143884893,-3.2262699485655397,-3.2262691165421504,-3.226270162296106,-3.22627489087297,-3.22627173488914,-3.2262750385396894,-3.2262723605034367,-3.2262719568290925,-3.2262742545656815,-3.2262777678937513,-3.226274356940004,-3.226274266239712,-3.2262733453203767]}