{"parameters":[[2000,-0.001,1.0e-8],[1000,-0.0001,1.0e-9]],"runtime":5711.960179866,"energies":[-3.329843537258461,-3.3304566382022185,-3.330711897948975,-3.3308598737150836,-3.3309516031035895,-3.3310105083068793,-3.3310512926637816,-3.3310781786724353,-3.3310984208905587,-3.3311138489193906,-3.331123754452314,-3.331131257238299,-3.3311344041719932,-3.331138978352109,-3.3311420824035767,-3.3311465730875085,-3.3311484456396774,-3.33115184697576,-3.3311524325982256,-3.331153289370921,-3.331153943357765,-3.3311550954021683,-3.331155616716152,-3.3311559655080942,-3.33115313666696,-3.33115530322648,-3.331156277681857,-3.3311558547085434,-3.3311565901402815,-3.3311539314842644,-3.3311558969382626]}