{"parameters":[[5000,-0.001,1.0e-8],[2000,-0.0001,1.0e-9]],"energies":[-3.302003286942093,-3.302002037982519,-3.3020018396564668,-3.302001788234297,-3.302001808805782,-3.3020018677037175,-3.302001936958322,-3.302002007563621,-3.3020020783151423,-3.3020021493134712,-3.30200222009087,-3.3020022904815747,-3.302002360077161,-3.3020024288993763,-3.302002497251876,-3.302002564507484,-3.3020026314982958,-3.3020026973084415,-3.302002762557283,-3.3020028269141255,-3.3020028909636716,-3.302002953833151,-3.3020030162676473,-3.3020030779867966,-3.30200313864155,-3.302003199105589,-3.302003258574719,-3.302003317440377,-3.3020033755398193,-3.3020034332023744,-3.3020034902065425,-3.3020035462456843,-3.3020036019597785,-3.302003656851348,-3.3020037110712526,-3.3020037647638922,-3.302003817712354,-3.3020038702431593,-3.302003922264917,-3.302003973432038,-3.302004023882637,-3.302004074190875,-3.3020041235887287,-3.3020041725444345,-3.302004221009856,-3.3020042686940982,-3.302004315895846,-3.3020043626235296,-3.3020044086292275,-3.302004454202482,-3.302004499416825,-3.3020049957125486,-3.302005356913999,-3.3020056211873587,-3.3020058173416302,-3.3020059662647805,-3.302006081266693,-3.302006172612294,-3.3020062471346927,-3.302006309049535,-3.3020063618140743,-3.302006407265563,-3.302006447048619,-3.30200648241898,-3.3020065135361776,-3.3020065415254547,-3.302006566689422,-3.3020065890309516,-3.3020066093100557,-3.3020066277401714,-3.3020066440758287]}