{"parameters":[[2000,-0.001,1.0e-8],[1000,-0.0001,1.0e-9]],"runtime":4168.383761357,"energies":[-2.845103522985265,-2.845139079700438,-2.8451538124450684,-2.8451619807993827,-2.8451667396524027,-2.845169413081256,-2.8451709626578143,-2.8451718213097394,-2.8451722366310848,-2.845172689417661,-2.845172890136749,-2.8451731289610036,-2.8451730865622014,-2.845172979513654,-2.8451730839913085,-2.845173120682256,-2.845173071132202,-2.845173253824339,-2.845173271890932,-2.845173389340698,-2.8451733386146447,-2.845173327961346,-2.8451733787344797,-2.845173485154889,-2.8451735757985124,-2.8451736775068723,-2.8451736272040398,-2.8451737089724514,-2.8451736178181526,-2.845173773566665,-2.8451737556024987]}