{"parameters":[[10000,-0.001,1.0e-8],[1000,-0.0001,1.0e-9]],"runtime":19972.623692016,"energies":[-2.809550130329723,-2.7733838108890665,-2.7962895463015287,-2.8065145142672443,-2.808974028618887,-2.8097322243117016,-2.809999744969975,-2.810121090447646,-2.8101820870860785,-2.8103108763833484,-2.810426743465265,-2.810474824796164,-2.8104908439514094,-2.81050543624622,-2.81053288214032,-2.810548910046121,-2.8105526218031898,-2.8105517517255896,-2.810556180338805,-2.8105719893081904,-2.810591522017615,-2.8106100523321356,-2.8106248512438383,-2.8106349760527913,-2.81064140769011,-2.8106456055417635,-2.8106485144160507,-2.8106504111995583,-2.810652354815422,-2.810652472296285,-2.810653092971006,-2.810653388660429,-2.8106523250583524,-2.810652314928382,-2.8106524645983915,-2.8106521464480347,-2.8106522501362594,-2.810651993521984,-2.8106513845857406,-2.8106509546412526,-2.8106507432449064,-2.8106505244593114,-2.8106513532388773,-2.810650962149153,-2.810651212172908,-2.8106512503330503,-2.8106514568012204,-2.810651583796323,-2.8106506358732464,-2.8106503496313113,-2.810650162982553,-2.8106503568001875,-2.8106507153678426,-2.81065132854459,-2.810651397532711,-2.8106508812531943,-2.8106505543170597,-2.8106506378685157,-2.8106505122582925,-2.810650532970625,-2.8106509906180555,-2.810650908242353,-2.810651056513895,-2.810650624957837,-2.8106504195101905,-2.8106504897661515,-2.8106506280153045,-2.8106507615283474,-2.8106502765309505,-2.8106508263344527,-2.8106512763303306,-2.810651972887997,-2.8106518481750995,-2.8106509762591396,-2.810651052468982,-2.810650621571071,-2.8106507719471048,-2.8106504851733947,-2.810650162506215,-2.810650544393608,-2.8106501642617614,-2.8106501103055743,-2.810650345831311,-2.8106507860995458,-2.81065119218415,-2.8106518450808506,-2.8106513920098326,-2.8106519283131126,-2.8106517907396102,-2.8106526870499318,-2.810652150290226,-2.810652112126729,-2.810651845023282,-2.81065107225648,-2.8106513922892105,-2.8106509918807667,-2.8106510235393163,-2.8106510294615332,-2.8106508122056093,-2.810651152515165,-2.8106512228214093,-2.810651293778956,-2.8106513345175332,-2.8106513584990243,-2.810651369887439,-2.8106513979463994,-2.8106514687296373,-2.810651561649851,-2.8106516126202887,-2.8106516867101847,-2.8106518445218405]}