{"parameters":[[1000,-0.001,1.0e-9],[1000,-0.0001,1.0e-9]],"runtime":4897.772684093,"energies":[-3.248839150709466,-3.2488331298889688,-3.248836195600923,-3.2488374089614966,-3.248840500206952,-3.2488369118547054,-3.2488394802768665,-3.2488372571963615,-3.248837307177019,-3.2488273949070345,-3.2488356908991483,-3.2488401489984056,-3.2488423569624256,-3.248837875218281,-3.2488364738677196,-3.248837375112016,-3.2488405622364356,-3.248833819397581,-3.2488383333072246,-3.2488455669982965,-3.248833381071532]}