{"parameters":[[10000,-0.001,1.0e-8],[1000,-0.0001,1.0e-9]],"runtime":3982.889872596,"energies":[-3.2766038564569526,-3.2771078915100222,-3.2774202190846236,-3.2776613348306967,-3.2778544133004663,-3.2780177470203613,-3.278150618273943,-3.2782576070137894,-3.2783560999433465,-3.278439648018021,-3.278517024496201,-3.278580118523993,-3.2786280376198143,-3.2786814337863603,-3.278717096545627,-3.2787619897477183,-3.2787990969807437,-3.278828650088397,-3.278859681416783,-3.278870724760458,-3.2789047854055413,-3.2789280218418315,-3.278955179620773,-3.278973017651933,-3.278979163472073,-3.2790013340875293,-3.2790071748143736,-3.2790261547004143,-3.279033020761619,-3.279042030809407,-3.2790618272717054,-3.2790666023867963,-3.2790693392241046,-3.279083393880511,-3.279093488095063,-3.2791088890871256,-3.279109027709559,-3.279104072281553,-3.279106780481955,-3.279127174444607,-3.2791324758470637,-3.2791376520260855,-3.279130667340746,-3.2791397376468936,-3.279140545625318,-3.2791507203945396,-3.279165498753068,-3.2791507584785036,-3.279153879394771,-3.2791685525136707,-3.2791774473697033,-3.279167927130371,-3.2791818326751865,-3.2791893183413516,-3.2791826785161504,-3.279185443808627,-3.2791683972429704,-3.2791939712233185,-3.2791771012581874,-3.27918780139292,-3.2791986040792085,-3.2791926311983284,-3.279184939551925,-3.279196168193142,-3.279206025061469,-3.2791793464959342,-3.2791858963401657,-3.2791941710415413,-3.279211328203444,-3.2792183810985787,-3.279194649855687,-3.2792163672416637,-3.2792223948337833,-3.2792121075215395,-3.279224391890409,-3.2792045112023516,-3.2792104812706655,-3.2792071350407164,-3.27920026205706,-3.279216250060246,-3.2792224451981147,-3.279215389941815,-3.2792157648473084,-3.279227238699836,-3.2792205501047023,-3.2792196819704498,-3.2792168453493167,-3.27921822512851,-3.2792200726622722,-3.2792229479157244,-3.279221443116728,-3.279223173583919,-3.2792190316675933,-3.279230017669609,-3.279231318361171,-3.279226945626883,-3.279226829658225,-3.2792340670629248,-3.279242648724836,-3.2792324785275344,-3.279215649688138,-3.279236148124353,-3.2792276073050886,-3.2792315668233387,-3.279226283176749,-3.279234176293613,-3.2792449980885414,-3.279230197715789,-3.279229082114772,-3.2792304388821187,-3.2792240029281152]}