{"parameters":[[2000,-0.001,1.0e-8],[1000,-0.0001,1.0e-9]],"runtime":2843.36318919,"energies":[-2.537859343790172,-2.5378617312927108,-2.5378624948199997,-2.5378628686426468,-2.537863054229266,-2.537863178474015,-2.5378632298855344,-2.537863258727479,-2.537863287619967,-2.5378632873703872,-2.5378632936639534,-2.537863284932034,-2.5378633022969197,-2.5378633035901013,-2.537863309511365,-2.537863306090589,-2.5378633090656444,-2.537863344640738,-2.5378633847044387,-2.5378634266866644,-2.5378634181143758,-2.537863457458993,-2.5378634749145927,-2.5378634957622825,-2.5378635057979446,-2.5378635098647986]}