{"parameters":[[10000,-0.001,1.0e-8],[1000,-0.0001,1.0e-9]],"runtime":5502.106616382,"energies":[-3.308327351311688,-3.3088448910552244,-3.3091613524067847,-3.3094124961705758,-3.3096167697420102,-3.3097918406202615,-3.3099425236198483,-3.310072809957137,-3.3101812519122005,-3.310281591905634,-3.3103679013984153,-3.3104437892089322,-3.310509293501819,-3.310572415481023,-3.310625468102274,-3.3106805946148548,-3.3107256563902348,-3.3107622746610232,-3.3107939029486335,-3.3108369413696335,-3.310866491890311,-3.3108921389292636,-3.310923168804352,-3.310945381145812,-3.310969333298477,-3.3109924166234985,-3.311014055992669,-3.3110312836753977,-3.311049446570205,-3.3110647099454416,-3.3110789327205428,-3.31109623049295,-3.3111068101463137,-3.311119837108108,-3.31113136282774,-3.3111376135089317,-3.311154103446172,-3.3111643131582147,-3.311167132823142,-3.311178059445079,-3.311187173523055,-3.311190112898011,-3.3112074869906403,-3.31121342245045,-3.311214254349353,-3.311216207469542,-3.311228884804797,-3.311237406160162,-3.3112417758425288,-3.311250724072331,-3.3112503346287565,-3.3112592788585884,-3.3112646230636233,-3.311272689082413,-3.3112757914993343,-3.311276922979053,-3.311284696616725,-3.3112867712244585,-3.3112886949069793,-3.3112900821548528,-3.3112966199594807,-3.3112977593720183,-3.3112998686173403,-3.311311974980234,-3.3113119830125317,-3.3113132357762565,-3.311318814474967,-3.3113159100016123,-3.3113258420359215,-3.311325566375012,-3.311330870488763,-3.311324618633562,-3.31132937185816,-3.3113265047455775,-3.3113315701277957,-3.3113367627951993,-3.311341425210586,-3.3113397808524665,-3.311348424645741,-3.3113488119569214,-3.3113463040386213,-3.3113481277337944,-3.3113482073981206,-3.3113491630800898,-3.311358828556997,-3.3113608395444722,-3.3113618314872793,-3.31135670474992,-3.3113610642361526,-3.3113642239674483,-3.3113532352306407,-3.3113626871197113,-3.31136168656029,-3.311366087442791,-3.311371090343627,-3.311371158857216,-3.3113701616619062,-3.3113753959481826,-3.311366394062692,-3.3113702073507505,-3.3113739669450344,-3.311372662176348,-3.3113775873068354,-3.3113763783196637,-3.3113776626986873,-3.311378726478427,-3.311374533959487,-3.3113805218124988,-3.311377513571421,-3.3113768578928084,-3.311367659506501]}