{"parameters":[[1000,-0.001,1.0e-9],[1000,-0.0001,1.0e-9]],"energies":[-3.284738254777352,-3.2847370662519193,-3.2847367038311717,-3.2847367277720285,-3.2847367187771686,-3.2847365585676997,-3.2847364675816335,-3.2847364671803616,-3.2847365783139395,-3.2847367082754975,-3.284736946898217,-3.284737236923141,-3.284737649267619,-3.284737832193016,-3.284738034701218,-3.284738232462164,-3.2847383442859854,-3.2847384820016763,-3.284738565736941,-3.2847385611753537,-3.284738632632318]}