{"parameters":[[2000,-0.001,1.0e-8],[1000,-0.0001,1.0e-9],[200,-1.0e-5,1.0e-9]],"runtime":4855.034856392,"energies":[-3.1945594502768735,-3.19491852374423,-3.195072927536007,-3.1951664541294287,-3.1952262972590804,-3.195269798938643,-3.1952979502963395,-3.1953195818270017,-3.195340733903465,-3.1953532241322127,-3.1953627215071854,-3.1953717326562314,-3.195377467550396,-3.1953843931755355,-3.1953881569566254,-3.195392238947773,-3.1953951738530213,-3.195397118759314,-3.195399948674823,-3.1954025242777875,-3.195402857380748,-3.1954047353601043,-3.195405460669418,-3.1954051614856085,-3.1954048528945718,-3.195405346146456,-3.195404213001286,-3.195405420168095,-3.1954068118072536,-3.19540654277023,-3.1954073649647845,-3.1954064990497772,-3.1954064333806538]}