{"parameters":[[1000,-0.001,1.0e-8],[1000,-0.0001,1.0e-9]],"energies":[-3.2973504010123245,-3.2973514775568686,-3.297352730459839,-3.297350790588742,-3.2973534704594853,-3.297353688136954,-3.2973553769020265,-3.2973569397526346,-3.297356918117326,-3.2973580283146546,-3.297357620371611,-3.2973595302580865,-3.2973583094704733,-3.2973590267620914,-3.2973593209416654,-3.297359527187913,-3.297359763415109,-3.297359432626927,-3.2973595616531703,-3.297360220269578,-3.297359870374739]}