{"parameters":[[1000,-0.001,1.0e-9],[1000,-0.0001,1.0e-9]],"energies":[-3.2938782050895288,-3.2938771553418738,-3.29387699139504,-3.2938771681369827,-3.2938774666945783,-3.293877698442745,-3.293877249557218,-3.293876501894228,-3.2938759457716795,-3.293875799699973,-3.2938758376668096,-3.2938762868544673,-3.2938767399244524,-3.293877024256049,-3.2938772732218977,-3.293877493978559,-3.293877657982889,-3.2938778999030545,-3.2938780135186256,-3.2938782214345212,-3.293878295652953]}