{"parameters":[[5000,-0.001,1.0e-8],[2000,-0.0001,1.0e-9]],"energies":[-3.2927991230982414,-3.2927981194470983,-3.292797975462085,-3.2927978875068016,-3.2927978797791866,-3.292797922298365,-3.292797978257563,-3.2927980351763715,-3.2927980921839426,-3.2927981496338057,-3.29279820733421,-3.2927982649508722,-3.292798322231086,-3.2927983791622024,-3.292798435671283,-3.292798491743462,-3.292798547391029,-3.2927986025894778,-3.2927986573445596,-3.292798711686031,-3.292798765573651,-3.2927988189971265,-3.292798872018067,-3.2927989245800653,-3.2927989767355665,-3.2927990284579813,-3.2927990797563638,-3.2927991306259523,-3.2927991810581236,-3.292799231089039,-3.2927992807024307,-3.2927993298971328,-3.292799378688827,-3.2927994270610057,-3.292799475047569,-3.2927995226254714,-3.2927995698168937,-3.2927996166143347,-3.292799663009402,-3.2927997090324537,-3.2927997546500323,-3.2927997999377245,-3.2927998448035734,-3.2927998893367256,-3.2927999334740674,-3.292799977263575,-3.292800020676225,-3.292800063745557,-3.292800106470288,-3.292800148818842,-3.292800190838098,-3.292800643957951,-3.2928009642109854,-3.292801190108232,-3.292801350642466,-3.292801466552204,-3.292801552171869,-3.292801617302378,-3.292801668522037,-3.292801710164725,-3.292801745192511,-3.2928017755182513,-3.2928018024386034,-3.2928018267813064,-3.29280184908405,-3.292801869754899,-3.292801888971735,-3.292801906924317,-3.2928019237018136,-3.292801939414353,-3.292801954074615]}