{"parameters":[[2000,-0.001,1.0e-8],[1000,-0.0001,1.0e-9]],"runtime":6612.510449337,"energies":[-3.069312507966374,-3.069476264080412,-3.0695469891288365,-3.069585913473288,-3.069614954945517,-3.0696319292636454,-3.0696425541541412,-3.0696521586205052,-3.069658112829888,-3.0696595607886783,-3.06966383139247,-3.069666692405857,-3.069668950692412,-3.069669142019184,-3.069669634673104,-3.0696727305748754,-3.0696700549229092,-3.069671333529364,-3.069672751218672,-3.0696717885321636,-3.06967169448751,-3.0696737944051646,-3.069673504186261,-3.069671715544339,-3.069674273936874,-3.0696734827893097,-3.069674082835683,-3.069674235510048,-3.0696741062100457,-3.0696740277014367,-3.0696745410052815]}