{"parameters":[[10000,-0.001,1.0e-8],[1000,-0.0001,1.0e-9]],"runtime":24406.319999525,"energies":[-3.265797789137975,-3.2662635018116384,-3.2665437835938915,-3.2667613879352237,-3.2669381026304976,-3.267083074656953,-3.267203743404094,-3.2673053962726657,-3.267391842798216,-3.26746455964222,-3.2675281200689597,-3.267582661517012,-3.267629980283946,-3.2676725239545807,-3.267708996465344,-3.2677412217530666,-3.267769717272237,-3.26779496723504,-3.267818568696227,-3.267838679770023,-3.2678569001980318,-3.26787304106547,-3.2678882781197034,-3.2679016011914794,-3.267913815491501,-3.267925296572963,-3.267935435426571,-3.267945054588085,-3.2679537123432247,-3.267961237546685,-3.2679685539481675,-3.2679750516717814,-3.2679816497519796,-3.2679871432910015,-3.2679925822054074,-3.2679971156053145,-3.2680017980685445,-3.268006035216708,-3.268009364370632,-3.268013453263966,-3.2680172823104923,-3.2680197834975773,-3.2680230230395804,-3.268026530006703,-3.268028881360058,-3.2680307741564554,-3.268032948846012,-3.268035435715305,-3.268037635631736,-3.268039632536038,-3.2680411442234787,-3.2680424764155074,-3.268044501595386,-3.2680458999222637,-3.268047739143201,-3.2680487322921636,-3.2680503131949807,-3.2680517307219707,-3.2680528412019547,-3.2680538222561575,-3.26805472444831,-3.2680555745492046,-3.268056292700072,-3.2680572180775393,-3.268058310594015,-3.268059232777642,-3.268059510258989,-3.268060342448474,-3.268061201859539,-3.268061700352561,-3.268062650755815,-3.268063025803523,-3.268063806489817,-3.268065175675582,-3.268064915635956,-3.2680655431880297,-3.2680656748587262,-3.268066622335852,-3.268066975629912,-3.2680673574334564,-3.2680677948921306,-3.268067970659965,-3.2680688287886825,-3.2680691918462785,-3.2680698157027828,-3.268069905284249,-3.2680701584914864,-3.2680699903081916,-3.2680694170276494,-3.2680711495972443,-3.2680716438875463,-3.268071039474295,-3.268071921096024,-3.268072597947446,-3.2680728458652,-3.2680726048743582,-3.2680728199356337,-3.268073153301419,-3.268073535003549,-3.2680734648597567,-3.2680736430926665,-3.268073866276306,-3.268074524196834,-3.2680742124282878,-3.268074524970056,-3.2680750893832995,-3.268074920186901,-3.26807541806418,-3.268074934875107,-3.268075708982916,-3.268075150626553]}