{"parameters":[[2000,-0.001,1.0e-8],[1000,-0.0001,1.0e-9],[200,-1.0e-5,1.0e-9]],"runtime":5291.370718714,"energies":[-3.230549873944569,-3.231001590937467,-3.2311963238126666,-3.2313122021256175,-3.2313888274497735,-3.2314385062824,-3.2314769952632694,-3.2315079565185827,-3.2315307267695457,-3.231547335579597,-3.231561407882478,-3.2315743197368465,-3.231582739237483,-3.2315924725276317,-3.2315978539776626,-3.231606098629982,-3.231608469444775,-3.231615046266048,-3.2316200030691444,-3.231624107037713,-3.231624578081303,-3.231624424322274,-3.2316273751523186,-3.2316271307537443,-3.231626869035104,-3.231629830685234,-3.2316298067182005,-3.231630821047636,-3.2316323888549876,-3.2316301705089723,-3.2316299068379024,-3.231628533572891,-3.231632034855347]}