{"parameters":[[2000,-0.001,1.0e-8],[1000,-0.0001,1.0e-9],[200,-1.0e-5,1.0e-9]],"runtime":5527.639452775,"energies":[-3.237667980294686,-3.2381411098217185,-3.238343883086617,-3.238466486380953,-3.238542504038456,-3.2385959058152025,-3.2386373921553346,-3.238666849112916,-3.2386914512899665,-3.2387135331688666,-3.2387239310462594,-3.2387396470631513,-3.2387488309142807,-3.238758047364121,-3.2387641895287227,-3.2387698331786168,-3.2387749323627144,-3.2387823481084155,-3.2387864369527652,-3.238791688192749,-3.238795140659687,-3.2387949940097696,-3.2387950983340374,-3.2387975930014017,-3.238796411869687,-3.238793608589994,-3.2387966265518715,-3.238802525782959,-3.2387936746396266,-3.2387985911550206,-3.2387975254345895,-3.2387980477811764,-3.2387972754699996]}