{"parameters":[[10000,-0.001,1.0e-8],[1000,-0.0001,1.0e-9]],"runtime":3761.779794289,"energies":[-3.294661263661435,-3.295185472117242,-3.2955036722417725,-3.2957547452362483,-3.295956034224141,-3.296131457320815,-3.296271564655503,-3.2963856006123144,-3.2965099220064826,-3.2966037526584273,-3.296668849351085,-3.296752926040292,-3.296810025935452,-3.296864749874168,-3.2969161337110764,-3.2969725661975087,-3.297011449889155,-3.2970450799951045,-3.29708247153107,-3.2971045702186212,-3.2971431915226845,-3.2971624218120072,-3.2971942156907748,-3.2972163864547963,-3.2972299310413407,-3.2972441624925457,-3.2972690163366485,-3.2972905212393813,-3.2972867091101596,-3.2972911359307657,-3.2973299056371914,-3.297331035001664,-3.2973484441806757,-3.2973654804032773,-3.2973795087251174,-3.297372741259392,-3.2973769345898596,-3.297397172520618,-3.297397804124479,-3.297419385514649,-3.2974219467654615,-3.297429748284914,-3.2974417682609234,-3.2974403261210496,-3.2974425968929713,-3.297450810156886,-3.297448574343931,-3.2974494555065954,-3.2974563101207095,-3.297464218757757,-3.2974906826283803,-3.297479156954729,-3.2974961212127694,-3.297496988974307,-3.2974801029955128,-3.2975001172481235,-3.2975024027080755,-3.297511295973448,-3.2975006146391213,-3.29750754427065,-3.2975008827753576,-3.2975082778871663,-3.2975293825767,-3.2975186306510844,-3.2975176705811977,-3.297540264084565,-3.2975210997187125,-3.2975224177314653,-3.2975265990835076,-3.297533855292854,-3.2975248408256332,-3.297544771994234,-3.2975495635582326,-3.297556683007458,-3.2975379134884366,-3.297530904093801,-3.2975443579596453,-3.297562500124341,-3.2975428133280116,-3.2975393020197825,-3.297546939971761,-3.2975530827994,-3.2975445059884816,-3.297561290289685,-3.2975468896666174,-3.2975661271951715,-3.2975632413573597,-3.2975695620793437,-3.297550955033337,-3.29755308867473,-3.2975711143651605,-3.2975790588698226,-3.2975682317324364,-3.2975546304670305,-3.2975664662906294,-3.2975716311002885,-3.2975763279189305,-3.297583660132451,-3.297574975058661,-3.29756488067472,-3.2975792657408505,-3.297574136904024,-3.2975752093649398,-3.2975774311196364,-3.2975759749876437,-3.2975871622804784,-3.2975646432386596,-3.297585652734002,-3.297557824765853,-3.2975977199735347,-3.297568363075275]}