{"parameters":[[10000,-0.001,1.0e-8],[1000,-0.0001,1.0e-9],[200,-1.0e-5,1.0e-9]],"runtime":4350.497676705,"energies":[-3.281115280798164,-3.281616024299264,-3.281917178870594,-3.2821515693526866,-3.2823462913307457,-3.282504823311233,-3.282638813808501,-3.282755166471665,-3.282855629557995,-3.2829402862446564,-3.283016239431115,-3.2830760652825672,-3.283136076221395,-3.283188499061263,-3.283233902912673,-3.2832756530162914,-3.2833085247717184,-3.283339032387868,-3.2833741549806925,-3.28339623801008,-3.283423330898789,-3.2834471622341734,-3.28346732582235,-3.2834821924332673,-3.2835019799687,-3.283517049736116,-3.2835319152766402,-3.2835466204466575,-3.2835579508149606,-3.2835703821099456,-3.2835771385519394,-3.283594718071892,-3.283601709386537,-3.2836090015256683,-3.2836169467369487,-3.2836270154670095,-3.283633807926856,-3.2836439669102027,-3.283648330334336,-3.283652054915907,-3.283654237051541,-3.283660631720586,-3.283667577136405,-3.2836732273111315,-3.2836799418636553,-3.2836848800472658,-3.283689564715878,-3.2836879939520305,-3.2836980863406167,-3.2836961404602656,-3.283706318578732,-3.2837064499099515,-3.283710048253434,-3.2837131218774696,-3.2837117432534004,-3.283719170349249,-3.2837191389178098,-3.2837215786321448,-3.2837216763147894,-3.2837227709851997,-3.283726686149721,-3.2837372189114173,-3.2837258223642767,-3.283741720825418,-3.283733878318129,-3.2837407968224315,-3.283739958571441,-3.2837420654668987,-3.283739250071582,-3.283743669371646,-3.283746938810533,-3.2837494538256786,-3.283751624410497,-3.283751225739429,-3.2837458142699294,-3.2837556076703076,-3.283756826083432,-3.28375754654901,-3.283750171638339,-3.2837607512780673,-3.283753966804803,-3.2837618833624918,-3.2837632905494667,-3.283757846961793,-3.28375729106076,-3.2837614321767785,-3.2837648082371276,-3.283764248005996,-3.2837693822678644,-3.2837688761563233,-3.283768044815019,-3.2837776105909278,-3.2837660324578715,-3.283776393268378,-3.2837716744951275,-3.2837739401402026,-3.283770960106954,-3.283773830404785,-3.2837713460087974,-3.2837751762960754,-3.283778793826993,-3.2837732164367877,-3.2837727805580124,-3.283773317389401,-3.283773488319748,-3.283775968075652,-3.283778027406183,-3.283779646392717,-3.2837771638179003,-3.2837854798591097,-3.2837771442100685,-3.283782077999246,-3.283778231996067]}