{"parameters":[[1000,-0.001,1.0e-8],[1000,-0.0001,1.0e-9]],"energies":[-3.2653491532068744,-3.2653486472426714,-3.265348191259917,-3.265348194811502,-3.2653490102233773,-3.26534810303708,-3.2653487518026125,-3.2653477829828406,-3.2653480185054784,-3.265349432951981,-3.2653484821067447,-3.265350440938625,-3.2653489688652075,-3.2653506729724704,-3.2653511188537356,-3.2653511476555073,-3.265350948473406,-3.2653519785266463,-3.265351020750608,-3.2653520774881026,-3.2653522590853523]}