{"parameters":[[2000,-0.001,1.0e-8],[1000,-0.0001,1.0e-9]],"runtime":6091.078835448,"energies":[-2.8802411079861114,-2.8802865765657346,-2.880305411889332,-2.8803165977982963,-2.8803228922044966,-2.8803264238396764,-2.8803286740560066,-2.880330293434571,-2.880331042377694,-2.88033175449819,-2.880331735079389,-2.8803321584014334,-2.8803321521677283,-2.8803323010504593,-2.880332110482177,-2.8803324327252255,-2.8803321953277035,-2.880332947377263,-2.880332564613753,-2.8803322771826454,-2.8803323952741424,-2.8803324199186244,-2.8803327921199786,-2.8803323882655167,-2.880332469411027,-2.8803332443014718,-2.880333340144656,-2.8803331483288206,-2.880332311660541,-2.8803332454504114,-2.880333380529275]}