{"parameters":[[1000,-0.001,1.0e-8],[1000,-0.0001,1.0e-9]],"energies":[-3.2836052681141226,-3.2835883179674323,-3.283587661051487,-3.283599029489295,-3.283614454325897,-3.2835997708745728,-3.2835965890597745,-3.283594564196721,-3.2835935635011833,-3.2836042764676767,-3.2835997641003267,-3.283594102276651,-3.28359755801501,-3.2835994300420874,-3.283608942587464,-3.283595806471748,-3.283603352546063,-3.2836079878883524,-3.283603316584235,-3.2836034339318223,-3.28360441961945]}