{"parameters":[[1000,-0.001,1.0e-8],[1000,-0.0001,1.0e-9]],"energies":[-3.2790053886643733,-3.279006891849683,-3.279006355492755,-3.2790064860498656,-3.2790075582479297,-3.279006864871895,-3.279008679832918,-3.2790075159087557,-3.2790086673091894,-3.279008045217832,-3.2790090411097443,-3.2790089710832193,-3.279009471669495,-3.2790091981792533,-3.279010445600965,-3.279009243009182,-3.279009843642439,-3.2790107796200836,-3.2790102082808508,-3.2790101708747956,-3.2790105671722163]}