{"parameters":[[10000,-0.001,1.0e-8],[1000,-0.0001,1.0e-9],[200,-1.0e-5,1.0e-9]],"runtime":4613.306409614,"energies":[-3.2766169953795776,-3.277111347259748,-3.2774128140736165,-3.277644216269594,-3.277834594350381,-3.277988760272474,-3.278121673604055,-3.2782382150806955,-3.278329997361978,-3.2784164025556968,-3.2784889205540493,-3.2785469072373963,-3.2786044936013,-3.278652816996011,-3.278697175748946,-3.2787358527749855,-3.278771761031793,-3.278801106132616,-3.2788278638464936,-3.2788605352935103,-3.278880183046794,-3.278898259164619,-3.2789174783270787,-3.2789377473171153,-3.2789526256244432,-3.2789706513059103,-3.2789841101977553,-3.2789951530751695,-3.279005192843953,-3.2790147802042084,-3.2790268636488604,-3.2790343751361153,-3.2790444737190225,-3.2790555447991405,-3.279063791248386,-3.279066383492747,-3.279072857015838,-3.2790832318652416,-3.279092157959124,-3.2790921437752494,-3.279096536883995,-3.279103468162187,-3.279106697786884,-3.2791063407661865,-3.279112350947854,-3.2791165085626557,-3.2791275416696877,-3.2791244680220477,-3.279128505405794,-3.279132351307474,-3.279135609129174,-3.279140742281741,-3.2791396733240603,-3.2791455414105184,-3.2791503447269985,-3.2791530414512593,-3.2791580948390138,-3.2791514186158013,-3.2791562776104533,-3.279162320371272,-3.279163437962046,-3.2791678122926196,-3.2791707961157,-3.279165666968929,-3.2791674890434446,-3.2791711242351638,-3.2791695414615494,-3.279168642272239,-3.279178512518457,-3.2791751846534463,-3.279174427492531,-3.279173795758806,-3.279183733935953,-3.279178799695913,-3.2791738933287324,-3.279189792027125,-3.2791874738063216,-3.27918332840048,-3.2791791916783364,-3.279187088946122,-3.2791868037042704,-3.279190483927433,-3.279195076178464,-3.2791902358802645,-3.279196576954166,-3.279188387466386,-3.279191336749949,-3.2791945380225034,-3.2791981127392256,-3.279195507468439,-3.2791973689875533,-3.2791984557417084,-3.2791940112429763,-3.279198860794438,-3.2792010210124753,-3.2791996195803743,-3.2792028501364663,-3.2792003454250995,-3.279196925390144,-3.2792041495163287,-3.2791940325805085,-3.279203039208887,-3.2792020894954796,-3.2792013023222126,-3.279203459663954,-3.27920632866394,-3.2792039147239818,-3.279204061514284,-3.279209304295442,-3.2792063365640804,-3.279201905068424,-3.2792029514986476,-3.279196879865826]}