{"parameters":[[10000,-0.001,1.0e-8],[1000,-0.0001,1.0e-9]],"runtime":3217.708030534,"energies":[-2.9160312187814372,-2.9161544241565087,-2.916193036984427,-2.916212664658037,-2.9162234696615283,-2.916229553512341,-2.916233958553931,-2.9162362567295945,-2.916237357346512,-2.9162390701392065,-2.916238903713454,-2.9162403153952843,-2.9162404791814356,-2.916240449233017,-2.9162406729454533,-2.9162408548103373,-2.9162409839305936,-2.9162403379486754,-2.916241319312996,-2.9162411562986366,-2.916241353922336,-2.9162410460375727,-2.9162407883942354,-2.9162412343312276,-2.9162410281655053,-2.916241148340917,-2.916241183703911,-2.9162410284625127,-2.9162409715204234,-2.9162411236730197,-2.9162412639873,-2.9162411048753984,-2.9162406271794765,-2.9162405397999516,-2.916241082371357,-2.916241163700915,-2.9162404368613903,-2.9162411863618067,-2.916241161968351,-2.916241515953727,-2.916241084500026,-2.916241188319978,-2.9162411126061913,-2.916241005078059,-2.916240470488519,-2.916241360783129,-2.9162411215121153,-2.9162414468147815,-2.9162412204697756,-2.9162411267553137,-2.916241388308366,-2.916241204898631,-2.9162412891444163,-2.916240816145168,-2.916241551546821,-2.9162408517325065,-2.9162412735298333,-2.9162400838612372,-2.916241047599098,-2.9162412108605853,-2.9162410708855693,-2.9162410356384987,-2.916241494323246,-2.916241271515649,-2.916241152587445,-2.9162412873692074,-2.9162412322929,-2.91624080338243,-2.9162415067740737,-2.91624027427057,-2.916241420609282,-2.9162415116389497,-2.9162408935760835,-2.9162411963561135,-2.916241310068486,-2.9162413874233595,-2.9162407309624774,-2.9162410614511947,-2.9162411637127814,-2.9162406698577894,-2.91624097105235,-2.9162412933397666,-2.9162401957159476,-2.916241169608841,-2.916241028582818,-2.916240796023218,-2.91624103527971,-2.9162405241223857,-2.9162412154012856,-2.9162413049485494,-2.9162411449877434,-2.9162409244427554,-2.916241434592493,-2.9162403219009123,-2.916240637638368,-2.91624023260015,-2.9162405341696847,-2.9162410450401337,-2.9162411597227877,-2.916241133943551,-2.916241324896153,-2.916241226344103,-2.9162414999956674,-2.916241422299933,-2.916241744318539,-2.9162415539362767,-2.9162416060631013,-2.9162411363506098,-2.91624188146492,-2.916241556289757,-2.9162419837184297]}