{"parameters":[[10000,-0.001,1.0e-8],[1000,-0.0001,1.0e-9],[200,-1.0e-5,1.0e-9]],"runtime":4442.112124045,"energies":[-3.2060656369582383,-3.2064790765084092,-3.206711753682363,-3.206883856283937,-3.2070183345473775,-3.2071228436590915,-3.207204405408876,-3.207272950766373,-3.2073269313507233,-3.207371175792415,-3.207408709188556,-3.2074390715520535,-3.207465822649688,-3.2074861029378257,-3.207507021448945,-3.2075225645662586,-3.207535373781327,-3.207547572885954,-3.2075574180771955,-3.2075650608039004,-3.207571510885596,-3.207580680711209,-3.2075820158772976,-3.207589224334481,-3.2075955409476546,-3.207595698969366,-3.20760014371663,-3.207605801689781,-3.2076062336445523,-3.2076058239184997,-3.2076115793174997,-3.2076099213239733,-3.2076156569654968,-3.2076175436867658,-3.2076198049409372,-3.2076220240827276,-3.2076226133509387,-3.2076192565009882,-3.2076216712749166,-3.2076214728880283,-3.2076258774778146,-3.207623971961885,-3.2076255679710846,-3.2076195279355306,-3.2076280169883007,-3.2076272935264236,-3.207626378655856,-3.2076267625393378,-3.2076283465283217,-3.2076302767461575,-3.2076278275886136,-3.207626352601624,-3.2076320163017327,-3.2076289363264605,-3.20763076381683,-3.207626012998626,-3.2076296790827707,-3.207630876461761,-3.2076259843760866,-3.207633786902442,-3.2076287093391853,-3.207632149598753,-3.2076303663855534,-3.207626721888281,-3.207634137676492,-3.207631666579065,-3.2076274906877,-3.207634420827414,-3.2076333324912474,-3.2076293936985993,-3.207631727505404,-3.2076279206034046,-3.207630135257574,-3.2076317729960033,-3.2076293009316617,-3.207633302479033,-3.2076288003425484,-3.207631847179186,-3.2076334656422234,-3.2076306773186882,-3.2076299574040967,-3.2076326801601978,-3.2076287474514866,-3.207630565939947,-3.2076321219259567,-3.2076280882905643,-3.2076317816381428,-3.2076327732834087,-3.207630700155998,-3.2076338238136892,-3.2076305679776875,-3.2076298341952736,-3.207632757124777,-3.2076330332818763,-3.207632152616364,-3.2076329914157435,-3.207632343362798,-3.207629741135867,-3.207631364779305,-3.207629465155332,-3.207632100077172,-3.207633648062617,-3.207630745625312,-3.2076303511164497,-3.20763170132443,-3.207633071048799,-3.2076321508857246,-3.207630571291503,-3.2076320031442234,-3.2076312893712315,-3.207633093301941,-3.207632865765898,-3.207632368873746]}