{"parameters":[[1000,-0.001,1.0e-8],[1000,-0.0001,1.0e-9]],"energies":[-3.2383669224883986,-3.2383661139945605,-3.238365536513392,-3.238365843150829,-3.2383655348444655,-3.2383653498703664,-3.238364772048552,-3.2383651219599665,-3.2383646801349286,-3.2383643695674635,-3.238365226700081,-3.23836607044999,-3.2383665349284207,-3.238366560340485,-3.2383670855505198,-3.2383662735123755,-3.2383668254265854,-3.2383674924363492,-3.2383666707564354,-3.2383676172480085,-3.2383670104139775]}