{"parameters":[[2000,-0.001,1.0e-8],[1000,-0.0001,1.0e-9]],"runtime":7075.674883328,"energies":[-3.4691032478406596,-3.4695348509040813,-3.4696976425641415,-3.469785176270406,-3.469835635285664,-3.46986639209708,-3.4698824205229695,-3.4698983442283944,-3.4699064152292767,-3.4699121232853414,-3.4699135530547958,-3.4699174748664188,-3.469919139612097,-3.469918503490529,-3.4699234628445037,-3.4699230451110896,-3.469924279399476,-3.469919939445356,-3.4699239330820255,-3.4699227365083933,-3.469925368067461,-3.4699257419964855,-3.4699238290520724,-3.46992597119669,-3.469927944828403,-3.469926696058089,-3.469927640933774,-3.4699276346001495,-3.469925813655362,-3.469926231060681,-3.4699283507649232]}