{"parameters":[[5000,-0.001,1.0e-8],[2000,-0.0001,1.0e-9]],"runtime":12326.367026535,"energies":[-3.19456964034768,-3.1949319085459233,-3.1950872122618548,-3.1951789673963265,-3.195240507370227,-3.195283361808197,-3.195309588254444,-3.1953364955076258,-3.1953539128182236,-3.1953692820787905,-3.195381053419295,-3.1953864414542057,-3.195394804804515,-3.195402483796869,-3.1954069780826386,-3.195406824319209,-3.1954145887934593,-3.1954171284502064,-3.195414368908225,-3.1954198723212617,-3.195425285900485,-3.1954208102314263,-3.1954229836471777,-3.195425833322112,-3.1954248433094414,-3.1954290701504062,-3.195428118568984,-3.1954343126032625,-3.1954305928634974,-3.1954286787399924,-3.1954256673354413,-3.195425444340003,-3.19542444882842,-3.195422792301664,-3.1954259531482685,-3.1954114275913503,-3.195408018788526,-3.1954045576890495,-3.1954038582896946,-3.19539813246318,-3.195390256214626,-3.195381566636393,-3.1953731824581104,-3.1953652270615365,-3.195370926655477,-3.195371714025937,-3.195375439903373,-3.1953784493655877,-3.195395187960404,-3.1953958875607125,-3.1954044681992397,-3.1954028014174822,-3.1954027743871176,-3.1953998454512975,-3.1954043158708956,-3.1954056241134525,-3.1954040261861225,-3.1954132103248654,-3.1954082061286546,-3.1954100771792784,-3.1954120359361244,-3.1954107033672647,-3.1954145750087273,-3.195418225078073,-3.1954141347195995,-3.1954140223812386,-3.1954178403452356,-3.1954141162031338,-3.1954180824732292,-3.1954187078227916,-3.195421531315434]}