{"parameters":[[1000,-0.001,1.0e-9],[1000,-0.0001,1.0e-9]],"energies":[-3.2847381487296055,-3.284736840635615,-3.284736447567418,-3.284736546702239,-3.284736816374422,-3.284737118247188,-3.2847373347471605,-3.2847373936897997,-3.2847369909144373,-3.2847367879965854,-3.2847366905423754,-3.284737099610958,-3.2847374040615382,-3.2847376224211606,-3.2847378083691705,-3.284737961481836,-3.284738090529222,-3.284738171511588,-3.2847382074065052,-3.284738247567728,-3.2847382770937665]}