{"parameters":[[10000,-0.001,1.0e-8],[1000,-0.0001,1.0e-9],[200,-1.0e-5,1.0e-9]],"runtime":4069.282328791,"energies":[-3.1506776276129247,-3.151016616283941,-3.1511942256022913,-3.151317333661513,-3.151408845233961,-3.1514751058251127,-3.151528077413622,-3.151567609155984,-3.151597641144865,-3.1516217195672853,-3.1516428886113865,-3.1516553034206085,-3.151667203752901,-3.1516788185599927,-3.1516856456254576,-3.15169427734746,-3.151696211882115,-3.1517027589436784,-3.1517067050097394,-3.1517084746258575,-3.1517129764193914,-3.151713869370749,-3.151714953966083,-3.1517164559753392,-3.151715331305379,-3.1517175414915144,-3.151719245580839,-3.1517225475507984,-3.15172155018812,-3.1517223577243754,-3.151723312467992,-3.151720593252468,-3.151720988273558,-3.1517241930379285,-3.151722694874055,-3.15172582226689,-3.1517257732649204,-3.1517232555242356,-3.1517241880161926,-3.1517264334815573,-3.1517250115113846,-3.1517264680861254,-3.1517267670440323,-3.151726751518389,-3.1517255186321256,-3.1517257395337848,-3.1517239557954397,-3.151724212691277,-3.151726098037991,-3.1517269928003286,-3.1517272057778234,-3.1517258751206,-3.151725545605928,-3.151726482378769,-3.15172310869062,-3.1517276831875427,-3.151727167050849,-3.151725639463632,-3.151723031200466,-3.1517282209621236,-3.1517257118078157,-3.151727783857735,-3.151727381977974,-3.1517254940583888,-3.151727315691695,-3.1517295501397853,-3.151726761858278,-3.151725921257933,-3.15172662723516,-3.1517260655932398,-3.1517274608716073,-3.1517274919035922,-3.1517244805164224,-3.151726654461829,-3.1517271410654013,-3.151726194925198,-3.151725327240195,-3.151725671465786,-3.151725755040689,-3.1517277731988615,-3.1517253806986445,-3.1517276665444403,-3.151723019453829,-3.151725270066059,-3.15172740533535,-3.1517274579983905,-3.1517276348817163,-3.1517262236410537,-3.1517280471059794,-3.1517265919267743,-3.15172775554519,-3.1517258289378525,-3.1517243665879597,-3.1517285339467147,-3.1517258746492582,-3.151726842371425,-3.151724617620604,-3.151725791718606,-3.1517281181382457,-3.1517261642972083,-3.151727557258613,-3.1517283703663064,-3.151725986000657,-3.1517271033072807,-3.1517259625738694,-3.151726166142308,-3.1517275546920183,-3.151725679890221,-3.151726271150101,-3.151727295221577,-3.1517262547884863,-3.1517269436601754,-3.1517291512079346]}