{"parameters":[[1000,-0.001,1.0e-8],[1000,-0.0001,1.0e-9]],"energies":[-3.256306107144573,-3.2563043749857825,-3.256304239646095,-3.256303063174024,-3.256303842781731,-3.256303355364751,-3.2563030958275863,-3.256304504159647,-3.2563043560554736,-3.2563044375558796,-3.2563041094968,-3.2563043969502568,-3.2563054702648495,-3.256305599258365,-3.256306455783893,-3.256305908874919,-3.256306567171455,-3.256306139398292,-3.2563048290965946,-3.2563065245143257,-3.25630615619892]}