{"parameters":[[10000,-0.001,1.0e-8],[1000,-0.0001,1.0e-9]],"runtime":3610.1738822,"energies":[-3.562428856443746,-3.5626786576590757,-3.5627359500633604,-3.562745342320688,-3.5627528925118472,-3.562754307147827,-3.5627567717828788,-3.5627526647438983,-3.562749695208927,-3.5627630799854444,-3.562764030273388,-3.5627474500142076,-3.562762436307729,-3.562761159852403,-3.562761147016804,-3.562754304331138,-3.5627635178721677,-3.562760194871384,-3.5627638622488673,-3.562759193660032,-3.562757634521891,-3.5627624276172085,-3.562766337765717,-3.562764803247083,-3.5627615463484847,-3.5627608714102768,-3.5627585053247537,-3.5627647384589802,-3.562762723164723,-3.5627513552666916,-3.5627640301862007,-3.562757937099551,-3.5627609484266403,-3.5627658292014406,-3.562761539033999,-3.5627554675898447,-3.5627662697209193,-3.5627653512067337,-3.5627562333522054,-3.562758207821475,-3.562758254567354,-3.5627674514808825,-3.562760971797956,-3.562766152455186,-3.562764953574513,-3.562752911831251,-3.5627587882834497,-3.562751395390416,-3.5627552570653624,-3.5627668020228107,-3.5627606830015344,-3.5627618324181283,-3.5627504557254777,-3.5627602279121593,-3.5627598305188393,-3.562759656099754,-3.5627622814214757,-3.562762308385255,-3.5627609074988156,-3.5627579928142126,-3.562764598511729,-3.5627617364244806,-3.562762545986931,-3.562753017782159,-3.5627614246668857,-3.562757628590904,-3.5627647599701673,-3.5627522010568478,-3.5627480104389493,-3.562760488669408,-3.562764163177274,-3.56275883843378,-3.562763012574493,-3.562762230599656,-3.562759941193381,-3.5627639422181097,-3.562755322478372,-3.5627615537885546,-3.5627551203893595,-3.5627517208932478,-3.5627560837061765,-3.562761096478719,-3.5627555756479703,-3.5627634659120497,-3.562760404864152,-3.5627551944395695,-3.562753233286113,-3.562762773298595,-3.562766422668166,-3.5627664208694982,-3.5627526833721372,-3.562754236928952,-3.5627616233682757,-3.562766295681965,-3.5627528754615443,-3.5627603102817784,-3.5627584500353375,-3.5627604609167673,-3.562751164931081,-3.5627520552940792,-3.5627633414704643,-3.562757627209823,-3.562760786186086,-3.5627686053154553,-3.562759837485614,-3.562760657757885,-3.5627514341051665,-3.5627625927342907,-3.56276549677844,-3.5627616455409434,-3.5627560821788107]}