{"parameters":[[5000,-0.001,1.0e-8],[1000,-0.0001,1.0e-9]],"energies":[-3.2927716729276986,-3.2927710722007237,-3.2927713789467417,-3.2927723307224155,-3.2927722586524584,-3.292771221024882,-3.2927729357236513,-3.292772861726005,-3.2927734449580384,-3.292774981836352,-3.292774775844853,-3.292775074076768,-3.292775885288564,-3.292776238868943,-3.2927751593661867,-3.292774529606532,-3.2927762082989567,-3.292777011918319,-3.292776445500081,-3.292776977832125,-3.29277730173747,-3.2927785611719176,-3.2927766302011388,-3.292778231692937,-3.2927784124495347,-3.2927784391348265,-3.2927796555048863,-3.292779837233889,-3.2927780800960935,-3.29277996124366,-3.2927801114896385,-3.292779321023623,-3.2927796731075265,-3.292779646013138,-3.2927799600427092,-3.29278158221514,-3.292780072238581,-3.2927807800102915,-3.292780880208282,-3.292782378729295,-3.292782282025655,-3.2927813616006167,-3.292781116857546,-3.292782578388314,-3.2927818575393255,-3.2927833845274046,-3.29278201722947,-3.2927812973900235,-3.2927840286346943,-3.2927831120128466,-3.2927841530865276,-3.292783036304982,-3.2927843714945206,-3.29278440646169,-3.29278560522841,-3.29278544951332,-3.292784870696587,-3.292785312345138,-3.2927861652255768,-3.2927861138921557,-3.2927861092699136]}