{"parameters":[[2000,-0.001,1.0e-8],[1000,-0.0001,1.0e-9],[200,-1.0e-5,1.0e-9]],"runtime":5326.033626422,"energies":[-3.261022135942304,-3.2615667406647946,-3.2618004968213836,-3.261941369036676,-3.2620299788710545,-3.262091628671872,-3.262134426054635,-3.262168083069838,-3.2621928672889973,-3.262215929223585,-3.2622333366909646,-3.2622456037576466,-3.2622592947005193,-3.2622667014172086,-3.2622751576381224,-3.262283749977717,-3.262290309598293,-3.2622976966090906,-3.2623007424894506,-3.262305274648635,-3.262312076520406,-3.2623125031790874,-3.2623129825911916,-3.2623152138490825,-3.262315583053726,-3.262314708000679,-3.262316581783411,-3.2623165791558444,-3.2623177329057547,-3.2623188838804245,-3.262319517051114,-3.2623187512647176,-3.2623195465287838]}