{"parameters":[[2000,-0.001,1.0e-8],[1000,-0.0001,1.0e-9],[200,-1.0e-5,1.0e-9]],"runtime":5283.848943569,"energies":[-3.2358861537088304,-3.236354027254282,-3.2365530422740987,-3.2366732460406302,-3.236748221274565,-3.236803738816051,-3.236841773313699,-3.236874480693123,-3.2368970601126605,-3.236915500399831,-3.2369317462067415,-3.2369463648252124,-3.2369569894508774,-3.2369645280865194,-3.236970416301979,-3.236976131366566,-3.2369830632566243,-3.236987721332785,-3.2369916183486978,-3.2369998764185497,-3.2369998211884283,-3.237002102078975,-3.236999830825661,-3.2369993110132285,-3.237001090596526,-3.2370033907555906,-3.2370021378892897,-3.236999972571658,-3.2370067052899767,-3.237004225312421,-3.237005513061452,-3.2370028216562687,-3.23700026500135]}