{"parameters":[[2000,-0.001,1.0e-8],[1000,-0.0001,1.0e-9]],"runtime":4619.964998732,"energies":[-3.6097827479136453,-3.61009575536085,-3.6102046165932085,-3.6102589781736247,-3.610288214810722,-3.610305119620293,-3.6103143031924265,-3.6103209151712004,-3.6103245209065418,-3.610326359416729,-3.6103286619621184,-3.6103286774888397,-3.6103287145278795,-3.6103296194548173,-3.6103303523366943,-3.6103308732610904,-3.610330597676887,-3.610330118973895,-3.6103305800492107,-3.6103309253605667,-3.610330631365701,-3.610330829252679,-3.6103317673534256,-3.610331469677875,-3.6103309573332343,-3.6103310480479736,-3.61033139606853,-3.610331949049497,-3.610331774899778,-3.610330899238394,-3.6103316767841442]}