{"parameters":[[2000,-0.001,1.0e-8],[1000,-0.0001,1.0e-9]],"runtime":6706.671427677,"energies":[-3.656943113845981,-3.657224421596548,-3.6573192495708815,-3.6573662885342997,-3.657391065813905,-3.657404423215179,-3.657412797996573,-3.657417322452701,-3.6574212734210563,-3.657421225422384,-3.6574234635186706,-3.6574249301351056,-3.657424830365751,-3.657423598257455,-3.6574240510620206,-3.657426158156918,-3.6574262483816673,-3.6574261532318983,-3.657426142152918,-3.6574261209579113,-3.657426398588198,-3.65742764165804,-3.6574266065270074,-3.657426220512102,-3.657426639501158,-3.657428195698483,-3.6574277334795267,-3.657428080614075,-3.6574290063863164,-3.6574292236369983,-3.657429017932099]}