{"parameters":[[2000,-0.001,1.0e-8],[1000,-0.0001,1.0e-9]],"runtime":6109.011090074,"energies":[-2.9162397991501567,-2.916298756946424,-2.9163237799455217,-2.9163378060779066,-2.9163459475699147,-2.916351309163835,-2.9163542783771192,-2.9163561354973573,-2.916357225220914,-2.9163582127137904,-2.9163582079526083,-2.916359300277823,-2.916359234058161,-2.916359515830685,-2.9163597653255513,-2.9163604051426635,-2.9163593640212664,-2.916360620186289,-2.9163598096430645,-2.916360489455595,-2.916360255492608,-2.916359861486583,-2.9163607726624274,-2.9163603344883455,-2.9163596667925615,-2.9163611282201964,-2.9163598592835185,-2.9163609081463893,-2.9163600634115276,-2.9163607968198617,-2.9163608029425]}