{"parameters":[[5000,-0.001,1.0e-8],[1000,-0.0001,1.0e-9]],"runtime":2731.802001448,"energies":[-3.029626467556731,-3.029626412709669,-3.0296262712394886,-3.029626020344415,-3.0296257566001987,-3.0296261145554433,-3.0296267747979417,-3.029626087765679,-3.0296269142544086,-3.0296257766912045,-3.029626298681188,-3.0296267189198183,-3.02962635549823,-3.0296269978937804,-3.0296264215107325,-3.0296269069064214,-3.0296267096485034,-3.0296263911359067,-3.029626723513127,-3.0296268396851835,-3.029626228855209,-3.0296266573416077,-3.029625623293205,-3.029626082808301,-3.029626619531526,-3.0296266429615186,-3.029626216594223,-3.029625965136613,-3.029626969626341,-3.0296268066894467,-3.0296262621950145,-3.029626031222998,-3.029626189117071,-3.0296265698855644,-3.029627105276749,-3.02962639907421,-3.029626722292219,-3.02962626735438,-3.029626601254232,-3.0296264438875737,-3.02962652046972,-3.02962572985231,-3.029626336349355,-3.029626875043025,-3.0296265888883442,-3.0296261749581754,-3.029626759639765,-3.0296264252228613,-3.029626654125786,-3.029626426104199,-3.029627207880374,-3.0296262542896275,-3.029626923123124,-3.029626762009724,-3.029626508554588,-3.029625804859413,-3.029626260579933,-3.029625829214836,-3.0296269448101034,-3.0296269852200295,-3.029627553489932]}