{"parameters":[[1000,-0.001,1.0e-8],[1000,-0.0001,1.0e-9]],"energies":[-3.269889742437254,-3.2698890925640907,-3.2698883638695264,-3.2698895301118207,-3.269888764642707,-3.2698901934365514,-3.269888549457886,-3.269889031535601,-3.2698908676080474,-3.2698903555416834,-3.2698903937855675,-3.269890831196586,-3.269891776526669,-3.2698906199666187,-3.2698913701599137,-3.269891979613555,-3.269890766391878,-3.2698924393221316,-3.2698915334534475,-3.2698924511924297,-3.269891942046984]}