{"parameters":[[1000,-0.001,1.0e-8],[1000,-0.0001,1.0e-9]],"energies":[-3.3204202696837903,-3.3204187934122604,-3.3204178682656,-3.320419599528099,-3.320418193826362,-3.320419220775365,-3.320418569688943,-3.32041830232105,-3.3204203922280104,-3.320420654827181,-3.3204191846538773,-3.320421552070921,-3.320421779417297,-3.320421598783592,-3.3204227457726914,-3.320422112892461,-3.3204213873161246,-3.3204221125722935,-3.320421933383292,-3.320422907190598,-3.3204214923185615]}