{"parameters":[[10000,-0.001,1.0e-8],[1000,-0.0001,1.0e-9],[200,-1.0e-5,1.0e-9]],"runtime":4386.615840423,"energies":[-3.2498480562965866,-3.25031601986886,-3.2505914446884536,-3.250804808936349,-3.250973045273713,-3.2511133961358873,-3.2512224437882358,-3.2513186809719237,-3.2514007301621324,-3.2514664517371394,-3.2515256791185485,-3.251573165954821,-3.2516203134577917,-3.2516540810340686,-3.2516893975048546,-3.251718966501668,-3.2517428982164294,-3.251767830085572,-3.25178491419824,-3.251803753476591,-3.2518182452395865,-3.2518334296188742,-3.2518477802441352,-3.251859261415546,-3.251864733574194,-3.251881188270447,-3.2518860909259955,-3.2518913761595627,-3.251898578356614,-3.2519078225362517,-3.2519134526318703,-3.251920908471361,-3.25192138277331,-3.2519260980937914,-3.2519378358356508,-3.25193628968146,-3.251943021491635,-3.2519398872451424,-3.251948630333899,-3.251948609628586,-3.251956434073561,-3.2519534562550043,-3.251961200366193,-3.2519606554479763,-3.2519655560288196,-3.2519672537784787,-3.25196427966799,-3.251965917405938,-3.2519627655094765,-3.2519696478806823,-3.2519741711999495,-3.251976203105919,-3.2519755901183034,-3.2519758441977036,-3.251977645804881,-3.25197606703598,-3.2519764986296993,-3.251981107439324,-3.2519849961182565,-3.25198059720843,-3.251979850798169,-3.2519824395058015,-3.2519829669049556,-3.2519827496726177,-3.251982180084418,-3.2519855684100447,-3.2519853884273275,-3.2519877363403316,-3.2519866666937234,-3.2519822426749334,-3.251986335239018,-3.251988042051071,-3.251991829123724,-3.251988068948304,-3.2519874283706574,-3.251991908499729,-3.25198807444956,-3.2519923999120817,-3.2519907694895123,-3.2519941989478824,-3.251990515807205,-3.2519918485549213,-3.25198976938249,-3.251990262161515,-3.2519917253795665,-3.2519895279010287,-3.2519891534948147,-3.251990518447461,-3.251990756986498,-3.2519949744519647,-3.2519914650225608,-3.2519957405874957,-3.251997049904948,-3.251993366206607,-3.251994057766027,-3.2519965882693724,-3.251993223147196,-3.2519911953892486,-3.251994154393987,-3.2519914578719233,-3.2519937596330926,-3.2519958641509588,-3.2519973812931697,-3.2519949332434157,-3.251996940269342,-3.2519978295140124,-3.251999865355092,-3.251992309097297,-3.251997057587843,-3.251996388199407,-3.2520033267876607,-3.2519998532852252,-3.2519925605402915]}