{"parameters":[[10000,-0.001,1.0e-8],[1000,-0.0001,1.0e-9],[200,-1.0e-5,1.0e-9]],"runtime":4848.38977874,"energies":[-3.2631859614238126,-3.2636670333542503,-3.263953885637341,-3.2641769087761565,-3.2643581462400206,-3.264506308614579,-3.264631514607488,-3.2647312524663064,-3.264820908553789,-3.2648975101350377,-3.264964713316451,-3.265017438090176,-3.2650677556665118,-3.265106916043711,-3.2651470199983144,-3.2651837020799594,-3.26521270880853,-3.2652409620435487,-3.2652633322038453,-3.2652845227752008,-3.26530080901019,-3.265320077079458,-3.265334947392505,-3.2653522444402157,-3.26536489802675,-3.2653758359431824,-3.2653883252095444,-3.265393861786909,-3.2654079964180758,-3.2654138874985144,-3.2654238482124387,-3.2654357601129247,-3.2654376395297735,-3.26543883508739,-3.2654458595296694,-3.2654609547394817,-3.265458177659542,-3.265465060398719,-3.265466778019862,-3.26547657456959,-3.2654789536938793,-3.26547854517613,-3.2654806433798518,-3.2654881223086556,-3.2654931764412565,-3.265492184039714,-3.265494750802954,-3.26549931625539,-3.265501653255834,-3.265505317727288,-3.2655058805897257,-3.2655059575789003,-3.2655094141182626,-3.265510682315372,-3.2655140580418767,-3.2655115995235584,-3.2655148926119377,-3.265517169921481,-3.2655205289527354,-3.265514293663677,-3.265522983346171,-3.265522987773009,-3.2655195401143695,-3.265520223536471,-3.2655271318636805,-3.265525410619737,-3.2655258545202934,-3.265531588261213,-3.26553028244077,-3.2655311316391478,-3.265530004005481,-3.2655278162707395,-3.2655353202068467,-3.2655341456270706,-3.265533484715772,-3.265533841012053,-3.2655374556649153,-3.265531536276497,-3.265536002207449,-3.2655329831194804,-3.265535518797014,-3.2655358846703813,-3.265537996115575,-3.2655422632076077,-3.2655401723603505,-3.2655387892936547,-3.2655391929301754,-3.265544502111157,-3.2655448440524117,-3.265544295025741,-3.2655421464326344,-3.265545933732958,-3.2655437359742385,-3.265534777582508,-3.2655460059493535,-3.2655460924418187,-3.265546464249114,-3.265549932236445,-3.2655420695702637,-3.2655443228441636,-3.2655497831338187,-3.265547726764164,-3.265546405969164,-3.265540180604556,-3.2655472471274685,-3.265545504534195,-3.2655489787891723,-3.2655474103049804,-3.265549753255956,-3.265541452450884,-3.265545053599918,-3.265539558160951,-3.265542994779612]}