{"parameters":[[5000,-0.001,1.0e-8],[2000,-0.0001,1.0e-9]],"energies":[-3.3296511449925497,-3.329647944256308,-3.3296481169751546,-3.329650245345122,-3.329647542982185,-3.3296494406081973,-3.3296499672413944,-3.3296498890648247,-3.3296496565983773,-3.3296485322631977,-3.3296503673633593,-3.329651259813857,-3.329650906283249,-3.3296510310417817,-3.329649251531957,-3.329649467752448,-3.3296515058477256,-3.3296504832033467,-3.329651451075129,-3.3296499464364064,-3.329651299591986,-3.329651385255348,-3.3296495145192173,-3.329651029937869,-3.3296507502802557,-3.3296519827976607,-3.3296503201627403,-3.329652021018207,-3.329651617254412,-3.329652226012435,-3.329652512934934,-3.329652315290962,-3.3296511654778467,-3.3296525586206895,-3.3296526780184603,-3.329652711204088,-3.32965191992848,-3.3296521861761663,-3.32965241079256,-3.3296514451488983,-3.329652732598598,-3.3296522719227237,-3.3296515358586967,-3.3296526106494104,-3.329653281795835,-3.329653128979743,-3.329653331242358,-3.3296528089720763,-3.3296529985475445,-3.3296530549514505,-3.329652830671876,-3.3296527959915863,-3.3296525271706745,-3.329654683271512,-3.3296551915434147,-3.3296540984283234,-3.32965480698931,-3.3296540320545955,-3.3296542727546603,-3.329655278393718,-3.329655266409131,-3.329655828618109,-3.3296559697186767,-3.3296561625693073,-3.329653924320902,-3.3296548158458235,-3.3296564031943214,-3.329655761586848,-3.329656111299808,-3.329656555911517,-3.3296544068453837]}