{"parameters":[[1000,-0.001,1.0e-9],[1000,-0.0001,1.0e-9]],"energies":[-3.2303227198991538,-3.230321439132643,-3.2303217629574874,-3.230321724117311,-3.2303219098223686,-3.2303212251656257,-3.2303225465488485,-3.2303220085181152,-3.2303223487776256,-3.2303225331732026,-3.230322275033081,-3.230323016859396,-3.2303228759853795,-3.230323656408541,-3.2303239460353024,-3.230323532728689,-3.230324172080276,-3.2303240208615174,-3.23032421343048,-3.2303241267667713,-3.230324130880299]}