{"parameters":[[1000,-0.001,1.0e-9],[1000,-0.0001,1.0e-9]],"runtime":7473.30396579,"energies":[-3.2308140481935537,-3.230816516877857,-3.2308073837926434,-3.2308094397283664,-3.2308120164138128,-3.230810633906054,-3.230811113094706,-3.230805185796341,-3.2308074471617116,-3.2308091723839376,-3.2308030213839065,-3.230808938948531,-3.230817192835831,-3.2308128713239923,-3.230814822248389,-3.2308107566916826,-3.2308082598906074,-3.23080511679219,-3.230809349607267,-3.2308103874937144,-3.2308220650246504]}