{"parameters":[[2000,-0.001,1.0e-8],[1000,-0.0001,1.0e-9]],"runtime":108002.438784736,"energies":[-2.810863914178965,-2.8108640538254988,-2.810863839490781,-2.8108634419510574,-2.8108638272042237,-2.810863268485722,-2.8108635466003173,-2.8108637066805073,-2.810863494271367,-2.810863557856913,-2.8108637080139305,-2.8108636514159078,-2.810863645377555,-2.8108635490428386,-2.8108634663196894,-2.8108636844859514,-2.8108637894835096,-2.8108637416185602,-2.8108638012281277,-2.8108637148877174,-2.810863737302518,-2.8108636409174523,-2.810864010703126,-2.8108637511346934,-2.810863953464671,-2.810863993146927,-2.8108640173865793,-2.810864189361478,-2.8108640532618288,-2.8108643140985903,-2.8108642233912]}