{"parameters":[[2000,-0.001,1.0e-8],[1000,-0.0001,1.0e-9]],"runtime":1384.638429477,"energies":[-2.617137813688464,-2.617090720980374,-2.6169279201402027,-2.61701537309984,-2.6170541147773614,-2.617053533079994,-2.6170457171312282,-2.505984741219988,-2.598446386554209,-2.6118609310155154,-2.6144312247887553,-2.6165016583670324,-2.6165658959068763,-2.617043370267891,-2.6169801405325046,-2.6170264823788676,-2.617043594490905,-2.6170560705170987,-2.6170510875570407,-2.6170505545074336,-2.617047424679893,-2.617050533327329,-2.6170542432711517,-2.6170474877671586,-2.6170485974440316,-2.6170501880764707,-2.6170505834624036,-0.8775475907527335,-0.9300289312333907,-0.9842775517641131,-1.0411159889541919]}