{"parameters":[[2000,-0.001,1.0e-8],[1000,-0.0001,1.0e-9],[200,-1.0e-5,1.0e-9]],"runtime":5095.861167593,"energies":[-3.2385606414138075,-3.2390363627555283,-3.2392407457227628,-3.2393614130599033,-3.239440195873151,-3.2394949656972076,-3.239534552814772,-3.23956338648183,-3.239587287018964,-3.2396061735948503,-3.239624778838711,-3.2396384557156948,-3.2396438465145985,-3.2396553353652284,-3.2396618773628325,-3.239669379809562,-3.2396766653744913,-3.2396825881218585,-3.2396847078254987,-3.2396915239506576,-3.239692145109553,-3.239693195048567,-3.239693760276689,-3.2396948572958166,-3.2396974957359834,-3.239694132639669,-3.239693916966037,-3.239692503076745,-3.2396972217969786,-3.239698103223576,-3.2396965999299296,-3.239697948332657,-3.239697143965429]}