{"parameters":[[2000,-0.001,1.0e-8],[1000,-0.0001,1.0e-9],[200,-1.0e-5,1.0e-9]],"runtime":5338.612395276,"energies":[-3.2164095243712,-3.216821619475832,-3.216999843281824,-3.2171056737294785,-3.2171740527894683,-3.217220248615084,-3.2172575592801733,-3.2172837443071756,-3.217304730394799,-3.2173214729258883,-3.217333374481331,-3.217344222779312,-3.2173526956939655,-3.21736003877951,-3.2173642598455547,-3.2173713209371124,-3.2173752856638105,-3.2173772982973037,-3.2173806520658297,-3.2173840441698975,-3.217388018386924,-3.217388459685913,-3.2173873587714494,-3.2173888218453546,-3.2173886686608695,-3.217391204373563,-3.217390270111789,-3.21739189591898,-3.2173937413321068,-3.2173929736790217,-3.2173883775689753,-3.2173938567328033,-3.217390862207086]}