{"parameters":[[5000,-0.001,1.0e-8],[2000,-0.0001,1.0e-9]],"energies":[-3.3019954438152954,-3.30199531078702,-3.3019957774834197,-3.3019961328282985,-3.3019964286443164,-3.3019966691870613,-3.3019968825384827,-3.301997048644715,-3.301997206153407,-3.301997370337155,-3.3019975190083737,-3.301997658763315,-3.3019977933474225,-3.3019979251874205,-3.3019980621479856,-3.3019982033380986,-3.3019983412517733,-3.3019984560998568,-3.301998585058146,-3.3019987223514202,-3.3019988328915835,-3.3019989664740015,-3.3019990846884646,-3.301999202106213,-3.3019993216706203,-3.3019994325132602,-3.301999554480137,-3.301999664592423,-3.301999772372131,-3.30199989098808,-3.301999985843888,-3.3020000955204267,-3.302000220300499,-3.302000342614538,-3.302000416776929,-3.302000534066841,-3.3020006112942735,-3.3020007204692985,-3.3020008006171038,-3.302000909980086,-3.3020010152257946,-3.3020011098504187,-3.3020011979207915,-3.3020012813970103,-3.3020013868473246,-3.302001463614415,-3.30200156139936,-3.3020016425194108,-3.302001722817487,-3.3020018150843153,-3.3020018958876416,-3.302002404910909,-3.302002735197602,-3.3020029948602856,-3.3020031915404946,-3.302003343675345,-3.3020034614574545,-3.302003523558768,-3.3020036157512034,-3.3020036627177083,-3.3020037119124632,-3.30200377859623,-3.302003811745479,-3.302003842665897,-3.3020038799659615,-3.302003905447252,-3.3020039429795327,-3.3020039657722697,-3.3020039859092183,-3.3020039962746512,-3.3020040321227735]}