{"parameters":[[1000,-0.001,1.0e-9],[1000,-0.0001,1.0e-9]],"energies":[-3.2392680184166833,-3.2392672933471616,-3.239267030920406,-3.2392669738465205,-3.239266994129132,-3.2392669110243224,-3.2392669585051506,-3.23926698450015,-3.23926700088846,-3.239267135721471,-3.2392671726923226,-3.239267579915216,-3.2392678567166406,-3.2392679258402364,-3.2392683272818568,-3.2392684174456186,-3.2392685506369583,-3.2392686145270946,-3.2392688237501392,-3.239268810066299,-3.239268879980636]}