{"parameters":[[1000,-0.001,1.0e-8],[1000,-0.0001,1.0e-9]],"energies":[-3.2383644667755376,-3.238364034115138,-3.2383641879151135,-3.2383631396743846,-3.2383636286079156,-3.2383637578226767,-3.2383634908021497,-3.238363211650258,-3.238364021238958,-3.2383646417460255,-3.2383643378604026,-3.238364763774029,-3.238365044464981,-3.2383655939633655,-3.2383657301921143,-3.238365707092231,-3.238365899067095,-3.2383657001178774,-3.2383656237591847,-3.238365750080866,-3.238365811397445]}