{"parameters":[[1000,-0.001,1.0e-8],[1000,-0.0001,1.0e-9]],"energies":[-3.2744475299151614,-3.27444725355004,-3.2744467780567543,-3.2744466574084647,-3.274447255701476,-3.2744465465448114,-3.274447664403241,-3.274448337285132,-3.2744470665841297,-3.274448052725366,-3.274448032573178,-3.274448301547926,-3.2744491705814545,-3.2744487816864245,-3.2744492845487967,-3.2744478583276018,-3.2744497703289284,-3.2744495063659325,-3.274447988376272,-3.2744490824335086,-3.274449117407007]}