{"parameters":[[2000,-0.001,1.0e-8],[1000,-0.0001,1.0e-9],[200,-1.0e-5,1.0e-9]],"runtime":5274.813155781,"energies":[-3.23410603195206,-3.2345674055970406,-3.2347659612172848,-3.234884337565242,-3.2349612971075974,-3.2350141430400936,-3.2350531182966518,-3.2350827493756418,-3.235106171100752,-3.235125822085657,-3.2351392985882645,-3.235149826207905,-3.235160913237356,-3.2351736515581,-3.2351762666558237,-3.2351841019477416,-3.235185767581946,-3.235194125736544,-3.235201146388726,-3.235201587003006,-3.2352050043252896,-3.2352071421101147,-3.235209039695412,-3.23520682042855,-3.2352069039284648,-3.235209038935328,-3.2352078361119374,-3.235207547322482,-3.2352060409362675,-3.235211522850836,-3.2352120097589316,-3.2352129299034247,-3.235211629335185]}