{"parameters":[[2000,-0.001,1.0e-8],[1000,-0.0001,1.0e-9],[200,-1.0e-5,1.0e-9]],"runtime":5237.439868901,"energies":[-3.2032641481444935,-3.203643607201487,-3.203807980493473,-3.2039050333136196,-3.2039686217032104,-3.204010955337017,-3.204043515872428,-3.2040671465377746,-3.204084926882858,-3.2041007044260073,-3.2041134059599985,-3.204123492301933,-3.204131700862877,-3.2041354797687194,-3.2041417144469926,-3.204145311179296,-3.204149639760308,-3.2041546671337158,-3.2041535783633925,-3.2041553204882693,-3.204159140846829,-3.2041587762044754,-3.204159169375499,-3.2041615906914394,-3.204162430792906,-3.2041600909804298,-3.2041619250540485,-3.2041626294243724,-3.204162565623215,-3.204161788444152,-3.2041629253457216,-3.204163109619412,-3.20416346314744]}