{"parameters":[[5000,-0.001,1.0e-8],[2000,-0.0001,1.0e-9]],"runtime":1437.033550584,"energies":[-3.329872150642508,-3.3298705306718546,-3.3298702833791114,-3.3298701186889206,-3.3298701669092816,-3.329870146945928,-3.329870087702041,-3.329870076604175,-3.329870082581104,-3.3298701091584078,-3.3298701035412734,-3.329870111995742,-3.3298700759638398,-3.3298701377672915,-3.3298707340910507,-3.329871069163924,-3.329871424242606,-3.3298715482932013,-3.3298717537498725,-3.3298718529087075,-3.3298720048965853,-3.3298720158152926,-3.3298720439503287,-3.3298721526587647,-3.329872143088057,-3.3298722510960848,-3.3298722494241777,-3.329872320911125,-3.3298723365399696,-3.3298723370645433,-3.329872301777791,-3.3298724577718537,-3.3298724591435884]}