{"parameters":[[1000,-0.001,1.0e-8],[1000,-0.0001,1.0e-9]],"energies":[-3.2383618684478073,-3.2383617599138,-3.2383621212805287,-3.2383630928213556,-3.238362816951792,-3.2383641400999803,-3.2383637768271485,-3.2383631282956182,-3.2383644080632124,-3.2383649908932846,-3.238364580726243,-3.2383650139080817,-3.238364956538912,-3.2383659394411053,-3.2383665665300407,-3.238365509449057,-3.2383665942721707,-3.238365819022932,-3.238365860363535,-3.238366766268708,-3.2383668841071955]}