{"parameters":[[10000,-0.001,1.0e-8],[1000,-0.0001,1.0e-9],[200,-1.0e-5,1.0e-9]],"runtime":4229.417880261,"energies":[-3.231334210450112,-3.23177747270569,-3.232037221850622,-3.2322327076174493,-3.232386135287023,-3.232511571961877,-3.232612883349554,-3.2326956456213667,-3.2327655764870173,-3.232822493731395,-3.232868413855537,-3.2329109426611184,-3.232947505817167,-3.2329792093614813,-3.233004707017173,-3.2330241308340186,-3.2330445417416085,-3.2330586665283008,-3.2330779216699232,-3.2330881910096494,-3.2331007542130084,-3.233112491924738,-3.2331248573747313,-3.2331308010514967,-3.2331386595216025,-3.233142469201352,-3.2331520511368663,-3.233156715111698,-3.2331602896076523,-3.233162934015679,-3.233169888822323,-3.2331705994850983,-3.2331731992592188,-3.233178924730707,-3.233178874923914,-3.233182119762932,-3.2331854830139743,-3.2331882857085694,-3.23318862375124,-3.233192500194221,-3.2331889650455645,-3.2331904858354297,-3.233193689964572,-3.2331994024001607,-3.23319847242431,-3.233201295843659,-3.2331977722879888,-3.2331997164523636,-3.2331996484768863,-3.233201645072506,-3.2332029703434735,-3.23320457512624,-3.233202488197817,-3.2332036005691775,-3.2331989403417976,-3.233202899852983,-3.2332073048224608,-3.233207317538014,-3.2332086110785223,-3.2332041124838202,-3.2332047660466494,-3.2332091148236533,-3.233207113413466,-3.233209689839711,-3.2332077012321454,-3.2332082861022964,-3.233209025946411,-3.233206668875018,-3.233205370925267,-3.233210972526966,-3.2332085916484092,-3.2332109088378385,-3.233213610544657,-3.2332082557505335,-3.2332093779317335,-3.233211656254541,-3.233208176526425,-3.23321075148777,-3.2332125463927635,-3.233210593942388,-3.233215103862987,-3.2332133258035363,-3.233213203135901,-3.2332093173102483,-3.233211805497187,-3.2332064644350127,-3.233208706651973,-3.233213860164831,-3.2332107265999492,-3.2332114541717307,-3.233217077650956,-3.233213179435329,-3.2332133355514077,-3.2332102843142745,-3.2332135798380834,-3.233212883637031,-3.2332091597284385,-3.233211078066104,-3.233212010016952,-3.233214971481134,-3.233208926003891,-3.233214969268674,-3.233213793775144,-3.233211760694706,-3.233213805235238,-3.2332126026068595,-3.2332160562691765,-3.2332155857213816,-3.2332129873188995,-3.2332113630278827,-3.233209593674926,-3.2332118866722417,-3.2332097963677326]}