{"parameters":[[1000,-0.001,1.0e-9],[1000,-0.0001,1.0e-9]],"energies":[-3.257384715712652,-3.25738392618866,-3.2573837325381936,-3.2573838479119575,-3.257383807536221,-3.2573839470540653,-3.2573842079847197,-3.2573845564990855,-3.2573849340655783,-3.2573851172740036,-3.257385225054901,-3.2573856575644067,-3.2573859042135536,-3.257385944023266,-3.257386348974447,-3.2573863199827513,-3.2573865907237876,-3.257386599659483,-3.2573867793377262,-3.2573867893898174,-3.2573867948070245]}