{"parameters":[[5000,-0.001,1.0e-8],[2000,-0.0001,1.0e-9]],"runtime":3234.652448387,"energies":[-3.2655659017761756,-3.2655772337732247,-3.2655755895222303,-3.265579719034104,-3.26556541689994,-3.2655798866609183,-3.2655711871498605,-3.265567444156483,-3.2655797038298235,-3.2655765082690893,-3.26557519962003,-3.265570864324552,-3.2655817174398116,-3.265570128552823,-3.2655695307314687,-3.2655829592820353,-3.26556632837421,-3.2655747065340526,-3.2655810869493327,-3.265572889311141,-3.265577723662653,-3.2655846989717023,-3.265564920920694,-3.2655728893607736,-3.2655822402356587,-3.2655752769446957,-3.265580081713723,-3.265583232261935,-3.2655675477371893,-3.2655854183036883,-3.2655796664765617,-3.265581520870888,-3.2655798777864598,-3.265573158277458,-3.2655785235596433,-3.265582733333164,-3.265582002666352,-3.26557828115992,-3.265572627300939,-3.2655613054554857,-3.2655708008624416,-3.265581950752509,-3.265568641205832,-3.265584431814242,-3.265584210839755,-3.2655739147809255,-3.2655771189267186,-3.265578710423386,-3.265574413986405,-3.265575516660972,-3.2655973664960296,-3.2655864849008096,-3.26558216809399,-3.2655826198159574,-3.2655707895208064,-3.2655625037603198,-3.265578568085079,-3.2655868419818797,-3.265588527803825,-3.2655752117432613,-3.265574975426613,-3.2655685941367385,-3.2655908101613162,-3.2655628478577543,-3.265575394211848,-3.265589396446631,-3.2655897967421117,-3.265573536939296,-3.2655850577798065,-3.2655841889940653,-3.2655814287092735]}