{"k":15,"ms":[[-0.2659495339850703,-0.23317674151782802,-0.2155841850212864],[-0.23622162748318892,-0.19239283335166493,-0.16595123940106413],[-0.2021485725974553,-0.13740917949770204,-0.11565641685552377],[-0.1672410421643245,-0.10763017710184974,-0.07310560560003695],[-0.12399896905733523,-0.06467721280140291,-0.02970862771404735],[-0.08044730851712197,-0.032660364282030764,-0.012569892391086298],[-0.03404359265282345,-0.010449648787012083,-0.004263518251206967],[-0.01259151903200215,-0.002253277892392563,-0.0002737410467717271]],"Bs":[3.04,3.05,3.06,3.07,3.08,3.09,3.1,3.11],"blocksizes":[4,8,16]}