{"parameters":[[1000,-0.001,1.0e-9],[1000,-0.0001,1.0e-9]],"energies":[-3.2483053427110082,-3.2483042832751137,-3.2483036963824055,-3.2483035644777187,-3.248303451178794,-3.2483035765809865,-3.248303744824221,-3.2483037498932594,-3.2483040220846346,-3.2483039805488017,-3.2483040320088055,-3.2483043963616156,-3.2483046141064875,-3.2483048389103835,-3.248305047109523,-3.248305209819438,-3.2483052992436505,-3.2483052395310326,-3.2483053901964523,-3.2483053962694917,-3.2483053218275337]}