{"parameters":[[2000,-0.001,1.0e-8],[1000,-0.0001,1.0e-9],[200,-1.0e-5,1.0e-9]],"runtime":4280.039267024,"energies":[-3.0693088912878794,-3.0694721150872724,-3.069543212421125,-3.069585264769052,-3.0696116535482996,-3.0696283103089037,-3.069640618219755,-3.0696484208252732,-3.069654261637514,-3.069657340751515,-3.0696605759888675,-3.0696637745975357,-3.0696642499939086,-3.0696662931364114,-3.069667098191764,-3.0696674219439823,-3.0696674273003444,-3.069668133025361,-3.069669377134979,-3.069668612666499,-3.0696696817505758,-3.0696698480135156,-3.069669080039923,-3.0696692934865633,-3.069669743761237,-3.0696687455500733,-3.0696693348619646,-3.0696702661870945,-3.0696699631761515,-3.0696698590227607,-3.0696698271634864,-3.0696697417688887,-3.069668980066147]}