{"parameters":[[1000,-0.001,1.0e-9],[1000,-0.0001,1.0e-9]],"energies":[-3.2392687091473427,-3.2392678992146995,-3.2392676736198167,-3.239267470285415,-3.2392673442060023,-3.2392673325211536,-3.2392673362909465,-3.2392673940532464,-3.239267412408174,-3.2392674584324856,-3.239267526474552,-3.2392678785697324,-3.2392681316475,-3.2392683343650868,-3.2392685627214304,-3.2392686776188855,-3.239268797247346,-3.239268854388131,-3.2392689410351165,-3.239268986314845,-3.239269080835605]}