{"parameters":[[1000,-0.001,1.0e-8],[1000,-0.0001,1.0e-9]],"energies":[-3.2881587763132156,-3.2881587191271393,-3.28816031030306,-3.288160666615652,-3.2881612371755424,-3.2881625196282576,-3.2881621236320706,-3.2881636297779746,-3.2881635303920556,-3.2881639634857396,-3.2881644446835576,-3.2881651774386205,-3.2881659586593637,-3.2881661616239857,-3.288164672300553,-3.2881651201284283,-3.288165257113862,-3.2881657666217423,-3.288165983781827,-3.2881653532401813,-3.2881663656639946]}