{"parameters":[[5000,-0.001,1.0e-8],[2000,-0.0001,1.0e-9]],"energies":[-3.2836095714613496,-3.2836088510178016,-3.283608824369285,-3.283608728856669,-3.2836086805333053,-3.2836086788660377,-3.2836086963645497,-3.2836087201099318,-3.283608746113604,-3.2836087731001102,-3.28360880049576,-3.2836088279289526,-3.283608855247917,-3.2836088823708147,-3.283608909242445,-3.2836089358274845,-3.2836089621218947,-3.2836089881333956,-3.2836090138618315,-3.2836090393017114,-3.2836090644423757,-3.283609089323263,-3.2836091139245998,-3.2836091382401857,-3.283609162304856,-3.283609186106971,-3.283609209636504,-3.283609232913393,-3.2836092559580425,-3.283609278745078,-3.2836093012893084,-3.2836093235648707,-3.283609345652479,-3.283609367490154,-3.283609389085733,-3.283609410450672,-3.2836094316174176,-3.2836094525538564,-3.2836094732630587,-3.2836094937453595,-3.283609514032434,-3.2836095341083915,-3.283609553985764,-3.2836095736475546,-3.2836095931061475,-3.283609612383821,-3.283609631438047,-3.2836096502976115,-3.2836096689738095,-3.2836096874517278,-3.2836097057544933,-3.2836100978098797,-3.2836103618068924,-3.283610536814283,-3.283610651838708,-3.28361072730793,-3.283610777167338,-3.2836108106803907,-3.2836108339924683,-3.2836108510785924,-3.2836108644353814,-3.2836108756573648,-3.2836108857013455,-3.283610895119392,-3.2836109042261596,-3.2836109131078577,-3.283610921801749,-3.2836109303378658,-3.28361093860787,-3.283610946580443,-3.2836109541841534]}