{"parameters":[[2000,-0.001,1.0e-8],[1000,-0.0001,1.0e-9]],"runtime":6963.402016729,"energies":[-3.5158547431364946,-3.516241187901941,-3.516382472829209,-3.516456789800184,-3.5164994278719917,-3.5165247112916376,-3.516539235240699,-3.5165495155513247,-3.5165551137312114,-3.5165589193093596,-3.516561963288451,-3.516563190956774,-3.5165657259062897,-3.516566293116438,-3.516567764704935,-3.5165670560565725,-3.5165660525071454,-3.5165672034026816,-3.516567973804264,-3.5165676583323173,-3.516567504292071,-3.516569106317068,-3.5165703839559614,-3.5165715345298345,-3.5165691555564704,-3.516571367511238,-3.5165701986014426,-3.5165700465926095,-3.5165684186842716,-3.5165695450175565,-3.5165728036616386]}