{"parameters":[[5000,-0.001,1.0e-8],[2000,-0.0001,1.0e-9]],"energies":[-3.2744576047349376,-3.2744567879553688,-3.2744568848522344,-3.2744569221358226,-3.27445688353961,-3.274456860698779,-3.274456858459147,-3.2744568673949725,-3.2744568817383355,-3.2744568988127725,-3.2744569173516935,-3.274456936627569,-3.274456941010095,-3.27445730617492,-3.2744575534391718,-3.2744577179077146,-3.2744578261395416,-3.2744578971344325,-3.274457943858322,-3.2744579750660794,-3.2744579964409217,-3.2744580118204794,-3.2744580235439296,-3.2744580332119417,-3.2744580417632827,-3.2744580497941493,-3.27445805765044,-3.2744580654668614,-3.2744580733590265,-3.2744580813308524,-3.2744580893318878,-3.2744580973809527]}