{"parameters":[[5000,-0.001,1.0e-8],[2000,-0.0001,1.0e-9]],"energies":[-3.311217083916425,-3.311215568271172,-3.3112152433345856,-3.3112151530726543,-3.311215128227507,-3.3112151290917873,-3.3112151417576827,-3.3112151597936856,-3.311215180273403,-3.311215201065936,-3.3112152219639572,-3.311215242825845,-3.3112152637162087,-3.311215284582979,-3.3112153051866375,-3.3112153257590435,-3.311215345894566,-3.3112153663440385,-3.3112153863008706,-3.311215406162753,-3.3112154257463935,-3.31121544506018,-3.311215464476961,-3.311215483740767,-3.311215502656387,-3.3112155212609697,-3.311215539865086,-3.3112155583562304,-3.3112155764756293,-3.31121559466023,-3.311215612619652,-3.311215630126009,-3.311215647621755,-3.3112156648542133,-3.3112156819851686,-3.3112156988937747,-3.3112157155766004,-3.3112157321042335,-3.3112157484479594,-3.3112157645322937,-3.3112157804928515,-3.31121579613375,-3.3112158117529384,-3.3112158270008223,-3.31121584228497,-3.3112158572467374,-3.3112158720752127,-3.3112158865684362,-3.3112159010812285,-3.311215915329849,-3.3112159293783465,-3.311216452757721,-3.3112168393785293,-3.311217128303567,-3.3112173477468003,-3.311217517969583,-3.311217653057619,-3.311217762613202,-3.311217852844153,-3.3112179287375367,-3.3112179931176513,-3.311218048303247,-3.3112180959816584,-3.3112181373669447,-3.3112181730311008,-3.311218204382267,-3.3112182314169387,-3.311218254922279,-3.3112182751655643,-3.3112182924263447,-3.3112183074249835]}