{"parameters":[[10000,-0.001,1.0e-8],[1000,-0.0001,1.0e-9]],"runtime":24106.793918026,"energies":[-3.3266066371355683,-3.327109653253231,-3.3274183241159188,-3.327666071068841,-3.32787431645792,-3.3280505836808802,-3.3282016964444257,-3.3283333411494356,-3.3284481614010963,-3.328549589349076,-3.3286387662862635,-3.3287185159822363,-3.32878896109023,-3.328853023459459,-3.328910236990406,-3.32896233142177,-3.329009088321075,-3.329052239564832,-3.329091559772957,-3.32912729023878,-3.329160567787617,-3.329190452383981,-3.3292179263121455,-3.329243985925765,-3.329267556902868,-3.3292894153839927,-3.3293093234922067,-3.329329090803052,-3.3293464666169004,-3.329362718191739,-3.3293784545225997,-3.329393035088187,-3.3294065824769774,-3.329418635728749,-3.3294304412031197,-3.3294418739743086,-3.329452559960072,-3.3294618657242037,-3.3294718321123016,-3.3294802010634426,-3.3294888132288896,-3.3294962071367156,-3.329503646326125,-3.3295104790502634,-3.3295174261918015,-3.329523577535708,-3.3295297536779898,-3.329535099187676,-3.329540076425109,-3.3295449509801247,-3.3295500997236585,-3.3295547237352867,-3.329559041735932,-3.329563119679974,-3.3295666347374566,-3.329569783687404,-3.32957393920899,-3.329577185525896,-3.329580705578359,-3.3295835136581102,-3.329586466577043,-3.329588982585021,-3.329591693753095,-3.3295942991785,-3.329596790501563,-3.3295988240457013,-3.329600960909244,-3.32960306484233,-3.3296049609592533,-3.3296065696853576,-3.3296094592045824,-3.3296103969412836,-3.3296118874899308,-3.3296136993798826,-3.3296156005529376,-3.329616673872091,-3.3296183518272295,-3.3296188816203873,-3.329620393573153,-3.32962184833262,-3.329622991665927,-3.329624246000367,-3.329625607666053,-3.3296260291296957,-3.329627438751597,-3.329627953444569,-3.329628772931168,-3.329630206013751,-3.3296308811805626,-3.3296311212583114,-3.329631974629817,-3.32963313249137,-3.329633314931579,-3.3296338317261474,-3.329634554177232,-3.3296355190718634,-3.3296355472515455,-3.3296366251961267,-3.3296370659250223,-3.3296375031439247,-3.329638309417035,-3.3296380660889016,-3.329638295851675,-3.3296388507264747,-3.3296394966051683,-3.3296398010180113,-3.329639516227706,-3.329639592539031,-3.329640214495933,-3.3296404877443466,-3.3296402847028292]}