{"parameters":[[5000,-0.001,1.0e-8],[1000,-0.0001,1.0e-9]],"energies":[-3.311193117902928,-3.311191976442232,-3.3111921988915474,-3.3111932144329694,-3.311192074204266,-3.3111937434316188,-3.311194395890074,-3.3111932586348174,-3.311193429639963,-3.311195645267537,-3.311194741852587,-3.3111963600673415,-3.3111957666074163,-3.3111964481160188,-3.3111961837688013,-3.3111970730873748,-3.3111977236361914,-3.3111973582884127,-3.3111974468886705,-3.3111991104190994,-3.31119737455848,-3.3111974696986906,-3.311199633387865,-3.3111988660764067,-3.311199531095005,-3.311201034288807,-3.3112001459319,-3.3112003945451614,-3.311201175611112,-3.3112006329274832,-3.3112012173426564,-3.3112014677439605,-3.311201548722176,-3.3112018940157397,-3.3112024488861618,-3.311202163559157,-3.3112015382411357,-3.311202494216931,-3.3112026511092303,-3.311203415352873,-3.311202897288605,-3.311203477764538,-3.3112023536133464,-3.3112042922045637,-3.3112033543819193,-3.311204661258415,-3.311204574849353,-3.31120482562479,-3.311203120045081,-3.3112047596957277,-3.311204506586531,-3.311204460770175,-3.3112055586556703,-3.3112056624595754,-3.311205360836814,-3.3112065951291965,-3.311206019417348,-3.3112053246973785,-3.3112065720190613,-3.3112069361992216,-3.3112067847958504]}