{"parameters":[[10000,-0.001,1.0e-8],[1000,-0.0001,1.0e-9],[200,-1.0e-5,1.0e-9]],"runtime":4391.763641427,"energies":[-3.245423027304405,-3.2458858863607474,-3.246157892239095,-3.246366404362671,-3.2465330326666693,-3.2466645898936455,-3.2467784519943956,-3.2468666297734567,-3.246947082536918,-3.247008515826758,-3.2470679939983698,-3.2471136417966306,-3.2471551082628802,-3.247191108971704,-3.247224769825385,-3.2472471229228703,-3.2472745057168115,-3.2472932900134945,-3.2473128652077192,-3.2473294241751196,-3.2473480623084137,-3.247358790992486,-3.247371612822688,-3.2473798583864966,-3.247388611859068,-3.247396031473807,-3.247405704417351,-3.2474170110479648,-3.2474225403288695,-3.2474301291353096,-3.247434298924629,-3.247437295418303,-3.2474445841156467,-3.24744351692093,-3.247447587260836,-3.247450403361356,-3.247456410229024,-3.24745897455409,-3.2474576032980798,-3.247464591752989,-3.247467183168186,-3.2474707626415653,-3.2474755171954817,-3.247476235302698,-3.2474759378423497,-3.247481130928985,-3.24747997081442,-3.2474791453040837,-3.247478320602694,-3.2474829353287875,-3.247485874246707,-3.2474856695409478,-3.2474857165619935,-3.2474845690421787,-3.247482909219312,-3.247487723464948,-3.2474911877109673,-3.2474875757253647,-3.2474897122063004,-3.2474861316935675,-3.247489390073042,-3.2474932327425785,-3.2474879702474664,-3.247495231788005,-3.2474977870586352,-3.2474983197023253,-3.247494013990124,-3.24749587841489,-3.2474941504759998,-3.2474972765346397,-3.2474946387318533,-3.247497720338195,-3.2474959288529317,-3.247500141030782,-3.24749803206086,-3.247498765601601,-3.247502048390134,-3.2474968892305367,-3.247501733421239,-3.247500913130474,-3.247502215188607,-3.2474995096215613,-3.2474991488748395,-3.2474991214959967,-3.2475022245761602,-3.2475030975761423,-3.247504712422064,-3.247504633666173,-3.2475017318302823,-3.2475034946393055,-3.2475082191846267,-3.2475006780419426,-3.247501965854743,-3.2474985088152692,-3.247503296532404,-3.2475003759168137,-3.2475037444838915,-3.247507430497185,-3.2474985699572114,-3.2475034761150043,-3.247503753720278,-3.2474983761389566,-3.2474998521929983,-3.2475043585237775,-3.2475039597296647,-3.247502719453545,-3.247503729291572,-3.2475091957611832,-3.2475082615484783,-3.247504433838168,-3.2475072222303063,-3.2475065078240877,-3.247509064553857]}