{"parameters":[[10000,-0.001,1.0e-8],[1000,-0.0001,1.0e-9],[200,-1.0e-5,1.0e-9]],"runtime":4737.796882054,"energies":[-3.254284194506957,-3.254756103399064,-3.2550356696893945,-3.2552517193966795,-3.2554236370749834,-3.25556778367237,-3.2556820629052825,-3.2557829330307193,-3.2558642513114076,-3.2559309981820395,-3.2559910160990726,-3.2560454034247273,-3.2560905154146047,-3.256129282265345,-3.2561692236701973,-3.256197297560745,-3.256221898534089,-3.2562489140346296,-3.256267741066375,-3.2562874958290564,-3.256303269730941,-3.2563175317044992,-3.256333567458008,-3.2563442106539218,-3.2563587242165966,-3.256367534481172,-3.2563743823291182,-3.2563813492218787,-3.256393533888603,-3.25640029001082,-3.2564081743848385,-3.2564114845520424,-3.2564213043429397,-3.2564265315464325,-3.256430636602733,-3.2564315977836764,-3.2564348225591946,-3.256439444646333,-3.256442117528736,-3.2564463376661514,-3.256453123238994,-3.2564501786778446,-3.256458770788129,-3.2564594366762543,-3.25646087335669,-3.256460336212029,-3.256468635849371,-3.256470005605795,-3.2564699710110094,-3.256473243361052,-3.256467844032808,-3.256470293757724,-3.2564774575489777,-3.2564738556020583,-3.256478973853891,-3.2564770370330196,-3.2564781498360866,-3.256482390790894,-3.2564808753369268,-3.2564828920601054,-3.256485907495091,-3.2564842437356525,-3.2564810646040048,-3.2564866323584174,-3.256486719416379,-3.256487371422432,-3.256488290188021,-3.256489816223098,-3.256490583296265,-3.256487953674984,-3.256490577845814,-3.2564904766047325,-3.2564934160849273,-3.256490040552817,-3.256493145656942,-3.256491961110546,-3.256497172336013,-3.256490407847289,-3.25648541166147,-3.2564965731804603,-3.2564955999433702,-3.25649699207552,-3.2564942184385357,-3.256494056437931,-3.2564945616041254,-3.2564943592023092,-3.2565000838556357,-3.2564969541364537,-3.2564952283940563,-3.256499124653744,-3.256500337051243,-3.2564967674872167,-3.2564991405104022,-3.2564992012911533,-3.256494822602647,-3.25649157802373,-3.25649852144964,-3.2564975891019325,-3.2564946088946627,-3.2564989523827546,-3.2564989578701002,-3.25650079108983,-3.2564957826741905,-3.25649925281766,-3.256501460308836,-3.2565029711942466,-3.2565017228439253,-3.2564954766720238,-3.2565004311060664,-3.256499314406629,-3.2564979938817937,-3.2565024151169295,-3.2565003854344132]}