{"parameters":[[10000,-0.001,1.0e-8],[1000,-0.0001,1.0e-9],[200,-1.0e-5,1.0e-9]],"runtime":4977.445385774,"energies":[-3.609498440793231,-3.6097228514183795,-3.609759872419737,-3.6097698877091,-3.609775945464873,-3.609779773047441,-3.60977951033568,-3.6097819893798757,-3.609781301321982,-3.609781353793223,-3.609781385737203,-3.60978296293793,-3.609784029412391,-3.6097815090340006,-3.609782902265996,-3.609782553802277,-3.6097810223509605,-3.609778715826161,-3.6097825226912863,-3.6097823427544897,-3.609780403434426,-3.6097828817115727,-3.6097766231336825,-3.6097796156506425,-3.6097820870151445,-3.6097831034242045,-3.6097807466644736,-3.6097822331971483,-3.6097828247171586,-3.6097801675961616,-3.609781363852747,-3.609781521012839,-3.609782050476698,-3.609779066491241,-3.6097816715105404,-3.609776468666643,-3.609779710963928,-3.6097829802306416,-3.6097806232797267,-3.60978019646914,-3.6097794014589626,-3.6097797271722447,-3.6097816782670704,-3.60978165155399,-3.609782257983878,-3.6097830305120544,-3.6097815009143503,-3.609780940811764,-3.609781061622728,-3.609780556163646,-3.609784606165707,-3.609779738234501,-3.6097831905989435,-3.609781363420033,-3.609782789235614,-3.609780875709665,-3.6097816158436573,-3.609780654805154,-3.609780210217234,-3.6097783744091707,-3.609780597740673,-3.609781977191875,-3.609780922647667,-3.6097823924662698,-3.6097812656974937,-3.6097817404814476,-3.6097812541778933,-3.6097814722132977,-3.6097810788428157,-3.609782331893233,-3.6097811122993857,-3.609779335265154,-3.6097785094849026,-3.6097820530200155,-3.6097838620344223,-3.6097797118525174,-3.609783409414218,-3.6097808816737027,-3.609783875706079,-3.609782467849016,-3.609784095052705,-3.609782998878668,-3.6097805238434315,-3.609780638748732,-3.6097809107047434,-3.609779438772341,-3.6097822678789835,-3.609781487345556,-3.609778078290493,-3.6097802209465617,-3.609781959879896,-3.6097810734577656,-3.609780449875377,-3.6097792369414154,-3.6097817550616824,-3.609782163042941,-3.609782947762271,-3.609781316386111,-3.609781829759399,-3.6097819622889165,-3.6097815870042838,-3.609780876017068,-3.6097797057911536,-3.6097805691359315,-3.609783342116621,-3.609783341204834,-3.6097830025175246,-3.6097845912194817,-3.609784366950305,-3.6097791204964262,-3.6097851172193987,-3.609782261494627,-3.609784042963942]}