{"parameters":[[1000,-0.001,1.0e-8],[1000,-0.0001,1.0e-9]],"energies":[-3.2973680235826195,-3.297365918499876,-3.2973673214819605,-3.2973665148062006,-3.2973683519530503,-3.2973691967992442,-3.297368880727993,-3.297369398674236,-3.297370174101903,-3.297369967230203,-3.2973708048124752,-3.2973719886600197,-3.2973721859364176,-3.2973721372485327,-3.2973724702755103,-3.297372208497446,-3.297371519459447,-3.2973716684557,-3.297373009359351,-3.2973732983442776,-3.297372341783374]}