{"parameters":[[2000,-0.001,1.0e-8],[1000,-0.0001,1.0e-9],[200,-1.0e-5,1.0e-9]],"runtime":5065.899004604,"energies":[-3.2475079712493136,-3.248011213277105,-3.248225852683342,-3.2483557849512708,-3.248435832267232,-3.2484940295647373,-3.248536947906554,-3.2485685909651134,-3.2485923585533825,-3.2486116829887335,-3.248630001737535,-3.248641333522722,-3.2486550230097415,-3.2486660942504497,-3.2486726809228386,-3.2486789125162847,-3.248683201792897,-3.248691326946451,-3.248696814968981,-3.2486999629714006,-3.248702638048278,-3.248703779896343,-3.248705196140269,-3.248708243988575,-3.248706771406897,-3.2487059775714413,-3.2487060436984416,-3.248707783504569,-3.2487070993143337,-3.2487081136131066,-3.248704934386271,-3.2487095916644217,-3.2487108348686364]}