{"parameters":[[5000,-0.001,1.0e-8],[2000,-0.0001,1.0e-9]],"runtime":16152.318765704,"energies":[-3.292959725746462,-3.2935847735310153,-3.2938506851843754,-3.2940084999558215,-3.294109129797241,-3.2941760382096255,-3.2942241437695614,-3.2942582055096277,-3.2942873192632223,-3.294307230302601,-3.294323811493691,-3.294338413694638,-3.294347607490769,-3.2943547683779175,-3.294362254837547,-3.294369775841914,-3.294377075808467,-3.2943798493784686,-3.2943862907750465,-3.2943924503767312,-3.2943970878343225,-3.2944018089152536,-3.2944075578054366,-3.2944097280606592,-3.294413865793774,-3.294416084587527,-3.294420964477748,-3.2944234928426823,-3.294426852722665,-3.2944305983259423,-3.2944321696118184,-3.2944317239705025,-3.294436933721611,-3.29444059377254,-3.2944430406836918,-3.2944468151007995,-3.294448855769365,-3.2944494272539044,-3.2944512440740255,-3.2944553754110997,-3.294455689630147,-3.2944581714421455,-3.2944611710122658,-3.2944626640004127,-3.2944632283499358,-3.294466540715547,-3.2944646290090533,-3.294468379682728,-3.2944681054946994,-3.2944727510695935,-3.2944732262742757,-3.2944728868315227,-3.2944736131937526,-3.294473606403431,-3.2944747406942385,-3.2944749174937216,-3.294475181715446,-3.2944751573227498,-3.29447374037487,-3.2944765496610686,-3.29447745933936,-3.294474810307078,-3.294475802236003,-3.29447668418601,-3.2944750423837883,-3.2944790216564637,-3.2944778088562345,-3.2944784183455953,-3.294478391015584,-3.2944792676646704,-3.294477909961297]}