{"parameters":[[1000,-0.001,1.0e-8],[1000,-0.0001,1.0e-9]],"energies":[-3.2698781776500585,-3.269878451674643,-3.2698801118956875,-3.269881346353879,-3.269881729283208,-3.269882274808194,-3.2698840883029474,-3.2698824628211423,-3.269884412103603,-3.2698841934796006,-3.269884439909658,-3.2698854310733987,-3.269886516297791,-3.2698861444810987,-3.2698868046184066,-3.269886769283901,-3.269885691841901,-3.269886088479587,-3.269885918585554,-3.269886246422959,-3.269885353086546]}