{"parameters":[[10000,-0.001,1.0e-8],[1000,-0.0001,1.0e-9],[200,-1.0e-5,1.0e-9]],"runtime":4873.849674694,"energies":[-3.2676527776847775,-3.2681387794621766,-3.2684317604714983,-3.2686574559553097,-3.268840495363785,-3.2689944431514864,-3.2691161612993564,-3.26922456589692,-3.2693159632417794,-3.2693898174756613,-3.269459288662236,-3.2695157955687506,-3.26956816623483,-3.2696181480903714,-3.2696540604286186,-3.2696893977679746,-3.269723612092753,-3.2697492228570115,-3.2697762208079064,-3.2697982872137468,-3.2698178107123272,-3.2698371044484245,-3.269854788733985,-3.2698725328408402,-3.2698863599486394,-3.269902421089878,-3.2699095262253133,-3.2699229998505537,-3.269927462573074,-3.269932984147701,-3.269945965770176,-3.269956701795151,-3.2699662649111456,-3.2699736553862087,-3.2699739720783905,-3.2699804574422355,-3.269986049275405,-3.2699949134093753,-3.2700027536535625,-3.270005476282546,-3.270007853734969,-3.270015856681984,-3.2700177232978582,-3.270020276837229,-3.2700175406728835,-3.27002563919054,-3.2700273177515284,-3.2700339894016595,-3.2700332477669223,-3.2700398954565886,-3.2700434729873114,-3.270040332108721,-3.2700477857568075,-3.270042002289995,-3.27004876064736,-3.270051248660433,-3.270053319072602,-3.2700463053411624,-3.270054128985659,-3.270052169357057,-3.2700594966468164,-3.270056541543101,-3.270061154288973,-3.270064835552272,-3.2700612999927805,-3.270055626702702,-3.270067277663599,-3.270063813091541,-3.2700646580959924,-3.2700640453199767,-3.270069565047313,-3.2700648444933225,-3.270071322346975,-3.270072227803362,-3.270071425011734,-3.2700686939340673,-3.2700659642187864,-3.2700701887275927,-3.2700758957436915,-3.2700716146294027,-3.270084468234664,-3.270077128233875,-3.2700769629287993,-3.270077699499095,-3.270081334005203,-3.270078574233541,-3.2700790821532326,-3.2700769438077555,-3.2700800265520558,-3.2700837915879624,-3.2700870855658586,-3.2700814850964903,-3.2700785296518915,-3.270087223360774,-3.27007965581087,-3.270087283985062,-3.2700846920342292,-3.2700836534537716,-3.270085981309246,-3.2700836753700218,-3.270080481696645,-3.2700853837430954,-3.2700822145868482,-3.2700851342639994,-3.2700878641956295,-3.2700916301744467,-3.270088133978779,-3.270087587366193,-3.270093999201306,-3.270086446916633,-3.2700873818463383,-3.27008463876684,-3.2700886303459287]}