{"parameters":[[2000,-0.001,1.0e-8],[1000,-0.0001,1.0e-9],[200,-1.0e-5,1.0e-9]],"runtime":5046.639366201,"energies":[-3.2314379556162685,-3.2318920293761617,-3.232086289035335,-3.232204636277977,-3.232279168904065,-3.232331662239921,-3.2323685642833007,-3.2324002992208865,-3.232421803988653,-3.2324412670458447,-3.2324549823663515,-3.2324661826734262,-3.2324789803531555,-3.2324837587068025,-3.2324927900910114,-3.2324971613355715,-3.23250272090332,-3.2325093637045383,-3.232512826707829,-3.232516088922921,-3.2325199591097915,-3.2325229186472315,-3.2325188065100927,-3.23252152882101,-3.232523466486854,-3.232524512129631,-3.2325231933496434,-3.2325222371960156,-3.2325237140933645,-3.2325241408990593,-3.2325249482073968,-3.232523585160452,-3.232523609791142]}