{"parameters":[[5000,-0.001,1.0e-8],[2000,-0.0001,1.0e-9]],"runtime":15665.816536499,"energies":[-3.3021631700410423,-3.302795330229651,-3.303063953025233,-3.3032211410331525,-3.3033211508378977,-3.303386893151963,-3.303434301177367,-3.3034688755269244,-3.3034933301304106,-3.3035131860316556,-3.3035285715692666,-3.30354077744727,-3.3035524592678187,-3.303561929431264,-3.303566066090763,-3.3035713748115976,-3.3035768640283365,-3.303579706206008,-3.303586717521199,-3.3035883025225994,-3.303593258300485,-3.303597163184321,-3.3035981080306036,-3.3036053750523986,-3.3036051131822224,-3.3036096021878985,-3.303610669221191,-3.3036122070562532,-3.3036138101244643,-3.3036177979626484,-3.3036198197931816,-3.3036192468740007,-3.303622162183331,-3.3036221132165142,-3.3036254147204818,-3.303625467290871,-3.303628177798137,-3.303628663553899,-3.303632152775711,-3.3036320569213076,-3.3036343285476617,-3.303633449039691,-3.3036353124977986,-3.303637230894372,-3.303638606017539,-3.303640436341594,-3.3036417682631574,-3.303640759088788,-3.303643881656093,-3.3036439976763363,-3.303645179631606,-3.3036443545483576,-3.303644821426165,-3.3036467054308827,-3.303648277606275,-3.3036476947674416,-3.303649472007667,-3.3036485860534968,-3.3036487075605496,-3.3036473848750516,-3.3036499658074,-3.3036500538696796,-3.3036498478527774,-3.303648080527419,-3.30365021180404,-3.303649989194008,-3.303649107516527,-3.3036491132721078,-3.3036495313560654,-3.303650842916088,-3.303648170289988]}