{"parameters":[[1000,-0.001,1.0e-9],[1000,-0.0001,1.0e-9]],"energies":[-3.2756106329070294,-3.2756093143524745,-3.2756089332862315,-3.2756088705820687,-3.2756088683550084,-3.2756089353611246,-3.2756088506408876,-3.275608826846697,-3.2756088337385707,-3.2756089194827784,-3.275608995549672,-3.2756093960124035,-3.27560977283017,-3.27560995103058,-3.2756102053518625,-3.2756103624653443,-3.275610454656624,-3.2756106727120273,-3.2756108223148837,-3.275610875247727,-3.2756109781502962]}