{"parameters":[[1000,-0.001,1.0e-9],[1000,-0.0001,1.0e-9]],"runtime":7696.096848762,"energies":[-3.285387224209315,-3.2853839911034584,-3.2853808001192526,-3.2853799330391946,-3.2853798357962365,-3.2853811197007574,-3.285384863698103,-3.2853861692535706,-3.285386875850665,-3.285386163745505,-3.285386070772257,-3.2853877248699774,-3.2853872361842624,-3.285387683244501,-3.2853876147479095,-3.2853888399073927,-3.2853890727205544,-3.2853892021848283,-3.285390518457901,-3.2853902912631234,-3.285390309618034]}