{"parameters":[[5000,-0.001,1.0e-8],[2000,-0.0001,1.0e-9]],"energies":[-3.2835931696472236,-3.283592053398519,-3.283591779626932,-3.2835924476696126,-3.2835908543467465,-3.2835915266526965,-3.283592986652488,-3.28359162272184,-3.2835929525524037,-3.283592619124982,-3.2835939061567028,-3.2835933279942497,-3.2835940456643,-3.2835934560103945,-3.2835932774252576,-3.283593580627336,-3.2835945446514154,-3.2835943538139274,-3.2835947339482496,-3.283593747622362,-3.2835951818056266,-3.2835948529578665,-3.2835951037794695,-3.2835958903051687,-3.283595601300034,-3.2835959931818666,-3.2835962370520955,-3.2835958309011457,-3.283596281797114,-3.2835957510346603,-3.28359734266835,-3.2835955581865375,-3.283595133382089,-3.2835962059305386,-3.2835974999496855,-3.2835971210865846,-3.2835969428018643,-3.2835965484174126,-3.283598087527137,-3.283597922990203,-3.283598517656812,-3.2835980243343235,-3.2835985215091488,-3.283596564766255,-3.2835996645300387,-3.283597370773215,-3.2835970224571955,-3.283598660646472,-3.283598884613764,-3.2835993731387774,-3.2835991692803255,-3.2835998047534676,-3.2835987987697717,-3.2835997775129586,-3.283600070683468,-3.283599136462088,-3.2835997575289855,-3.2836002697592805,-3.2835988658574355,-3.2836008081553394,-3.2835996670896415,-3.2835988690033027,-3.2836001837151056,-3.2836004852369394,-3.283599621801118,-3.283599549340704,-3.2836007784472505,-3.283600120719286,-3.283600016958777,-3.283600038846666,-3.2835993648470065]}