{"parameters":[[10000,-0.001,1.0e-8],[1000,-0.0001,1.0e-9]],"runtime":6296.049317551,"energies":[-3.299214310440684,-3.299727929372156,-3.3000383600512264,-3.300285167655467,-3.30048923968165,-3.3006599849959035,-3.300803962583246,-3.300929064758701,-3.301037499386178,-3.30113381844419,-3.3012128810890764,-3.3012881243827543,-3.30135211605497,-3.3014098847915294,-3.301464500455473,-3.301511614315529,-3.3015523241095686,-3.301592121068936,-3.3016232330379287,-3.3016552348367716,-3.3016837357092825,-3.3017184551554126,-3.301740568269647,-3.3017621307116647,-3.301783445845732,-3.3018043680228346,-3.3018204325131397,-3.3018344215743785,-3.3018537135115236,-3.3018657006564607,-3.301885820638911,-3.3018934461986866,-3.3019110142710577,-3.301919167571737,-3.30192657924424,-3.3019438105688113,-3.301953098520446,-3.3019638382112766,-3.3019626598423084,-3.301978649512294,-3.3019821515481107,-3.301987080510588,-3.3019932572623683,-3.3020062569169704,-3.3020101241982167,-3.3020163752181153,-3.302017246079444,-3.30202435355203,-3.3020292439377235,-3.302032908974297,-3.3020438955804847,-3.3020427624179627,-3.302050806410354,-3.3020575943677533,-3.3020547677538006,-3.302067388747566,-3.3020668308815235,-3.3020736418690246,-3.302073434440152,-3.3020788027927845,-3.302084852557698,-3.3020893708925967,-3.302081865178258,-3.302090982808409,-3.302097235309554,-3.3020966985150415,-3.3020981093763604,-3.302102048227901,-3.3021020731072337,-3.302105955149168,-3.302107816092917,-3.302114611401365,-3.3021141621510157,-3.3021162685665812,-3.302114849249093,-3.3021195181755068,-3.3021216931836666,-3.3021248313393348,-3.302125048272319,-3.3021270984849553,-3.302128380997338,-3.302133384024737,-3.3021246064458873,-3.302135950105317,-3.302133195716985,-3.3021362026342547,-3.302143016526657,-3.3021327139592174,-3.302140138647257,-3.302141613642743,-3.302143576695902,-3.302152088980652,-3.3021454014478797,-3.3021461348789276,-3.3021473591030004,-3.302148261852213,-3.3021452621149203,-3.3021514974551964,-3.302154445685881,-3.302156229891653,-3.3021614928901855,-3.302152930127173,-3.3021597949446444,-3.302154260601424,-3.3021580856267088,-3.3021597287189017,-3.3021579567721835,-3.30215141864313,-3.3021572883972232,-3.3021591633067633,-3.302158254550386]}