{"parameters":[[2000,-0.001,1.0e-8],[1000,-0.0001,1.0e-9],[200,-1.0e-5,1.0e-9]],"runtime":5366.624859485,"energies":[-3.234995667639431,-3.2354608850622295,-3.2356587114677247,-3.2357782642803734,-3.2358528980005294,-3.235908728646222,-3.2359487866261265,-3.2359785879419483,-3.23600114491929,-3.236020178110019,-3.2360346587696682,-3.236045292835264,-3.236056899795548,-3.2360663877581337,-3.2360730867139864,-3.236080199489123,-3.236085193800101,-3.236091585421648,-3.2360948826202764,-3.2360995140222664,-3.2361039988480638,-3.236104243995578,-3.2361020995312946,-3.2361001648939753,-3.236105557272883,-3.2361053820867554,-3.2361044864681636,-3.2361047020187583,-3.236106253565176,-3.2361073931142235,-3.236104870877085,-3.2361093305055197,-3.236105608917127]}