{"parameters":[[10000,-0.001,1.0e-8],[1000,-0.0001,1.0e-9]],"runtime":4464.374684762,"energies":[-3.2017355784169004,-3.202146523245851,-3.202385126723078,-3.2025590477963117,-3.202692806743115,-3.2027916459155477,-3.2028749726853185,-3.2029471191092647,-3.2029896197200456,-3.2030364070574215,-3.203077263702539,-3.2031114287112326,-3.203125727025808,-3.203152007691239,-3.20316606570954,-3.203181590752829,-3.2031913729863875,-3.203199097887172,-3.2032211586774526,-3.2032161383578797,-3.2032240719175835,-3.203237020230364,-3.203246892970749,-3.2032380863916208,-3.20325294418241,-3.203251164763457,-3.203258577879156,-3.2032599624608875,-3.2032610746053733,-3.203255944425754,-3.203268305383413,-3.2032593698668506,-3.2032718702012946,-3.2032665468857773,-3.203269291240792,-3.2032757352828023,-3.203270542631021,-3.203277694956734,-3.203270616623298,-3.2032645753029634,-3.203268069498839,-3.2032749767874984,-3.2032783004338974,-3.2032843035649208,-3.2032720152477747,-3.2032800686094767,-3.2032747254948966,-3.2032736319766495,-3.2032769967252355,-3.2032743832305304,-3.2032834573857665,-3.2032816562305597,-3.203274678177962,-3.203272597089982,-3.203282837760768,-3.20327880254261,-3.2032739465992615,-3.2032759232958696,-3.203282174292146,-3.203275044767505,-3.2032776504577782,-3.2032707771820066,-3.2032891503775827,-3.2032777453762744,-3.2032799284057036,-3.203276790535192,-3.2032736669630255,-3.203287094672641,-3.2032846855729655,-3.2032859672631266,-3.203286021864006,-3.2032811375626755,-3.203292480965782,-3.2032822388457842,-3.2032809604216435,-3.20328204481078,-3.2032778124170833,-3.2032723522054805,-3.2032715592893486,-3.2032793421969146,-3.2032870808003073,-3.203283424371624,-3.2032843264608477,-3.2032784460981576,-3.203279777982966,-3.2032900109610836,-3.203278341139301,-3.203280509537894,-3.2032839535922752,-3.2032808034571882,-3.2032864817912703,-3.2032814182970397,-3.2032742174010673,-3.203278719016671,-3.2032798034015144,-3.2032817454991482,-3.2032733967879676,-3.2032813401143923,-3.2032836432414147,-3.2032739488946858,-3.2032821155508295,-3.20328425419359,-3.2032829014852306,-3.203279987697599,-3.2032676515583116,-3.2032883077773757,-3.203290008827186,-3.20328122497943,-3.2032836859641076,-3.2032807415764513,-3.2032795612659326]}