{"parameters":[[10000,-0.001,1.0e-8],[1000,-0.0001,1.0e-9]],"runtime":25445.673827547,"energies":[-3.420829802995301,-3.42120324503543,-3.4213801913003827,-3.421512810018576,-3.4216223076743604,-3.4217147254513645,-3.4217938080120924,-3.421861384213581,-3.421920037556025,-3.421970942508717,-3.422015614114486,-3.422054722210497,-3.422088642899862,-3.4221184705823027,-3.422144500628487,-3.4221676856108916,-3.4221878372237478,-3.4222058241277695,-3.422221511602425,-3.422235360058462,-3.422247138040701,-3.422257435506261,-3.4222672876742064,-3.4222755229848354,-3.4222830375873055,-3.4222893660440925,-3.422294987862009,-3.422300281509367,-3.422304351592101,-3.4223081595132023,-3.42231178380303,-3.4223145093612075,-3.4223169681639733,-3.4223197316466525,-3.4223220698671253,-3.4223238512425493,-3.422325171638959,-3.4223270133907486,-3.422328027366469,-3.4223288409826726,-3.4223300677134705,-3.4223308593051236,-3.4223316064195366,-3.4223323864015236,-3.4223327614361487,-3.4223335153531385,-3.422333878384175,-3.422334616600421,-3.4223345221629113,-3.422335097059679,-3.422335322199449,-3.422335383439025,-3.4223357965732717,-3.4223360343939624,-3.422336285046368,-3.422336616196632,-3.4223364474955784,-3.4223365083022474,-3.422336576200947,-3.422336812198129,-3.4223371069048225,-3.422336730108279,-3.4223369771050334,-3.4223375240819096,-3.4223371393493025,-3.4223373170658005,-3.422337063607414,-3.4223371869699934,-3.42233739100229,-3.4223375188217853,-3.4223376528869336,-3.42233728683223,-3.4223375523814434,-3.4223374249036658,-3.4223374373153725,-3.4223373276361455,-3.4223372333292437,-3.4223374679426883,-3.4223372930677702,-3.422337329488228,-3.4223375527846995,-3.422337624747699,-3.4223373975347817,-3.4223375294311085,-3.4223375859046814,-3.422337260820538,-3.4223375993495675,-3.4223377359970084,-3.4223376779956025,-3.422337571987185,-3.422337588560063,-3.42233761847916,-3.4223375427826035,-3.4223373345292973,-3.422337665999672,-3.422337544382463,-3.4223377224149183,-3.422337270320073,-3.4223374375969504,-3.4223375423955864,-3.422337443442612,-3.4223380312325955,-3.4223380555891114,-3.4223383609139795,-3.42233888613483,-3.4223390046096562,-3.422338828265802,-3.422338986239315,-3.4223390311020494,-3.422339344362531,-3.4223391771017524]}