{"parameters":[[5000,-0.001,1.0e-8],[2000,-0.0001,1.0e-9]],"runtime":14253.950721666,"energies":[-3.3206106812847134,-3.321234433615013,-3.3214965371417553,-3.3216493761361487,-3.321744383695393,-3.321807363143506,-3.3218484982602843,-3.321878381028623,-3.3219001865889854,-3.321916768504377,-3.321927218573622,-3.321935730987095,-3.3219436705741594,-3.3219497951303847,-3.3219521110985126,-3.321958031177178,-3.3219582827673997,-3.321960968511973,-3.3219656740295056,-3.32196648760979,-3.3219670753842947,-3.321969806786431,-3.3219692906616025,-3.32197217762477,-3.3219728360542278,-3.3219721648832685,-3.321974172256366,-3.321974886835855,-3.3219763630377392,-3.321975753293189,-3.3219757139656134,-3.3219754841551095,-3.3219776730517148,-3.3219785780235,-3.3219778089408627,-3.321978007549756,-3.321979908594961,-3.3219781017476078,-3.321980206862822,-3.3219786393860504,-3.321979054205114,-3.321979416125136,-3.3219820648385285,-3.32198152830514,-3.3219802570352606,-3.3219820560155155,-3.32198254742131,-3.3219834170041445,-3.3219827533438195,-3.321983062758667,-3.3219833893436923,-3.3219832512477927,-3.3219847598591947,-3.321982682108247,-3.3219839450800603,-3.321984960839552,-3.3219848320438743,-3.3219837148844005,-3.3219848302108765,-3.321985710035913,-3.3219840185003924,-3.321984300198776,-3.3219854768444055,-3.321985520544961,-3.321986438864235,-3.3219839731142944,-3.3219829069035223,-3.321983958871679,-3.3219851598390013,-3.3219855363429627,-3.321986538241318]}