{"parameters":[[2000,-0.001,1.0e-8],[1000,-0.0001,1.0e-9],[200,-1.0e-5,1.0e-9]],"runtime":4368.528862312,"energies":[-3.029625386672722,-3.0297512780468807,-3.0298066417872658,-3.029838846516789,-3.029858460040148,-3.02987164051706,-3.029880249228448,-3.029885871312677,-3.0298893818260715,-3.0298916275815553,-3.0298939851249993,-3.0298949995288162,-3.0298964859452155,-3.029897129063532,-3.0298973093881094,-3.0298979317499244,-3.02989797636412,-3.029898378396423,-3.0298980630273094,-3.0298984014076873,-3.0298988261892665,-3.0298992585084994,-3.029899400014448,-3.029898835573928,-3.0298992806401386,-3.0298985669777156,-3.0298995621973948,-3.0298999975466043,-3.0298997051376073,-3.0299001817188227,-3.0299001040459985,-3.029900205959694,-3.029899719187862]}