{"parameters":[[10000,-0.001,1.0e-8],[1000,-0.0001,1.0e-9]],"runtime":4440.436347154,"energies":[-3.2190825438022324,-3.219522820838433,-3.2197773239363974,-3.2199626552790113,-3.2201136212972887,-3.2202257676149495,-3.22032095132297,-3.220389851509759,-3.2204657561496264,-3.2205095457736244,-3.2205552182341446,-3.2205952323014087,-3.2206282338503804,-3.220648956236773,-3.2206736285171895,-3.220695333955346,-3.2207090482586667,-3.220727715927517,-3.2207371499922086,-3.2207417952949133,-3.2207464599382716,-3.2207564949049203,-3.2207638246185963,-3.220779644275341,-3.2207719477226213,-3.220779439975821,-3.220782016067152,-3.220793237493545,-3.2208010813655465,-3.220808350721115,-3.220805080838929,-3.2208146303385985,-3.2208111317947674,-3.2208099246973205,-3.220813425175724,-3.2208087119060096,-3.2208222243651505,-3.220826266444554,-3.2208155044759503,-3.22080320177516,-3.2208215587171707,-3.220824074859878,-3.2208213553699134,-3.220816025037556,-3.220829246607835,-3.22080994126659,-3.2208315773978784,-3.2208212897992725,-3.22082273642517,-3.2208350779737804,-3.220833970221692,-3.2208308168152184,-3.220834216337084,-3.2208333971218934,-3.2208316861091513,-3.220829646959371,-3.2208282819272944,-3.220838395461616,-3.2208405683722,-3.220835029441556,-3.220831899037396,-3.2208223456224525,-3.220838376239572,-3.2208361474067857,-3.2208257327455896,-3.2208239765581315,-3.220839251431691,-3.22083164929977,-3.2208401639021798,-3.2208330178608793,-3.2208363582993824,-3.220840642025737,-3.220824515063706,-3.2208267817651635,-3.2208212601038113,-3.220831641342719,-3.2208253107936984,-3.220837448904457,-3.2208240156085246,-3.2208361716747964,-3.2208412442627483,-3.2208418366122977,-3.220833157051149,-3.220827071222944,-3.2208410804761956,-3.220820932761941,-3.220834726352338,-3.2208301753294135,-3.2208287875708437,-3.220831323354855,-3.220833917466151,-3.2208386395241586,-3.220833796994126,-3.220833325639259,-3.220834154123226,-3.2208378043246855,-3.2208332440335274,-3.2208286839447977,-3.220836641555766,-3.220833832426392,-3.220827208157944,-3.2208260832413735,-3.220838396907653,-3.2208287958879946,-3.2208380617215235,-3.220834750272447,-3.220828084692071,-3.2208312406888253,-3.2208237450539547,-3.2208376094185516,-3.2208412152390373]}