{"parameters":[[5000,-0.001,1.0e-8],[2000,-0.0001,1.0e-9]],"runtime":2642.432844815,"energies":[-3.2475356524187275,-3.2475172738765323,-3.2475404059609625,-3.247535772651011,-3.2475249279566976,-3.247527245779838,-3.2475292951402546,-3.2475232231293685,-3.2475246711967998,-3.247532764302234,-3.247532306504193,-3.247529338664094,-3.2475324168042254,-3.24752184248299,-3.2475212185760016,-3.247527378612002,-3.2475300074776547,-3.2475284854441444,-3.247518833005912,-3.2475271578220153,-3.2475287250609917,-3.2475287418499703,-3.247529697153957,-3.2475253467431955,-3.2475091010432133,-3.247527013757022,-3.2475256814636406,-3.2475359939512805,-3.2475334009074412,-3.2475306475727947,-3.2475210710310645,-3.247535244187322,-3.2475286055508303,-3.247536901127286,-3.2475401235516106,-3.2475357611345474,-3.2475244080685157,-3.2475302711439227,-3.2475435116043245,-3.247524165348729,-3.2475383395317445,-3.247533476182059,-3.2475315799053712,-3.247521907877223,-3.247514644380006,-3.247525145401969,-3.2475263407184274,-3.247530227695327,-3.247527062454914,-3.2475301000641323,-3.2475271845323457,-3.2475267442491025,-3.2475203749908985,-3.2475231670191733,-3.2475313084276194,-3.2475206655583237,-3.2475340454324315,-3.2475282167697763,-3.2475296961330367,-3.2475339262886043,-3.2475405771542096,-3.247518609373079,-3.2475375469445646,-3.247540090862115,-3.247540412954704,-3.247525117678762,-3.2475382000754855,-3.2475254875702633,-3.247531101141912,-3.2475335266474197,-3.2475337055696434]}