{"parameters":[[10000,-0.001,1.0e-8],[1000,-0.0001,1.0e-9],[200,-1.0e-5,1.0e-9]],"runtime":4766.900475685,"energies":[-3.258729645840596,-3.2592049457068,-3.259490906593386,-3.2597106821766775,-3.2598864004013945,-3.2600317895917006,-3.26015440376969,-3.2602539105611856,-3.2603388969959295,-3.2604089375225707,-3.260472792012963,-3.260527519426799,-3.260575108596689,-3.260616539049504,-3.2606481945261097,-3.2606849961561406,-3.2607128063043027,-3.2607347048925277,-3.260758899354182,-3.2607802560303654,-3.2607942530577394,-3.2608155025852836,-3.260828929457668,-3.2608424563696072,-3.2608582244979334,-3.2608672779006227,-3.260874844158225,-3.2608819710177097,-3.2608925657087298,-3.2609010780702232,-3.260910952380221,-3.2609186227210243,-3.2609246672107037,-3.260926999491359,-3.260934868185057,-3.260935325281472,-3.2609455446263302,-3.2609474856227876,-3.260953442906865,-3.2609558139920747,-3.2609529959446464,-3.260960037405919,-3.260965612319299,-3.260967108609451,-3.2609720997133467,-3.2609750157817374,-3.260973411356564,-3.2609784840490175,-3.260977567714306,-3.2609788185055075,-3.260982918144821,-3.2609846608555615,-3.260989785085091,-3.260985967572427,-3.260987103088056,-3.2609872089928014,-3.260992915416291,-3.2609868404981497,-3.2609926755648133,-3.260996603257955,-3.260994011543748,-3.260992782714827,-3.2609951209615744,-3.260994828438411,-3.260998449266084,-3.2609969874013753,-3.2610014723113054,-3.2609995107902416,-3.26100502415319,-3.2610075685053252,-3.260999374414104,-3.261001368737818,-3.2610034811669526,-3.261004686132022,-3.2610086148076833,-3.2610080444848677,-3.2610062595091227,-3.2610094452347966,-3.2610091926194693,-3.2610158349166722,-3.2610111193593108,-3.2610058213158024,-3.2610103226355185,-3.2610120674236525,-3.2610140487148818,-3.2610120404019716,-3.2610122939892077,-3.261010978165271,-3.261012286915292,-3.261013092599863,-3.261011921082275,-3.2610111386040277,-3.261018111667149,-3.2610142103631894,-3.2610071321641376,-3.2610160399998014,-3.2610140173420383,-3.261017194775815,-3.2610161876291364,-3.2610175283723692,-3.2610126430160538,-3.261013569256841,-3.2610153221460894,-3.261019956862294,-3.261017196006448,-3.261023778154194,-3.261017144765805,-3.2610182507803964,-3.261017844922838,-3.26102101763277,-3.261019669935888,-3.2610132798555718,-3.2610195019116546]}