{"parameters":[[10000,-0.001,1.0e-8],[1000,-0.0001,1.0e-9]],"runtime":21386.826261137,"energies":[-2.8436916737568017,-2.816941418831599,-2.8349270346642315,-2.841194939651182,-2.8432836289937686,-2.8441437619405994,-2.84451495731155,-2.844632496212926,-2.8447117316595896,-2.844747019252563,-2.8447787568721528,-2.844803658960562,-2.8448150070165585,-2.844820478769685,-2.844829559359113,-2.8448445422111615,-2.844863327020349,-2.8448819688079596,-2.844896707471934,-2.844906668141963,-2.8449128252699842,-2.8449167311561716,-2.8449190554341195,-2.844920347506508,-2.844921672414581,-2.8449214983102507,-2.8449215495267492,-2.8449211007733117,-2.8449206001294343,-2.844920013629456,-2.8449191213716833,-2.8449196308138176,-2.844919780782741,-2.8449206115477517,-2.8449215637506726,-2.844921710703125,-2.8449221477055175,-2.8449223400458847,-2.844921039791831,-2.8449206706588015,-2.8449201753359725,-2.84491928939995,-2.8449198437557306,-2.844919774024782,-2.8449191861772287,-2.844919503805172,-2.8449194789687513,-2.8449191073013442,-2.844919521643641,-2.84491944932404,-2.8449200018192182,-2.8449198123427273,-2.8449206787925245,-2.844920345593907,-2.844920769256754,-2.8449204682676577,-2.844920659069797,-2.844919904457692,-2.844920566981568,-2.8449205964645503,-2.8449207289291225,-2.8449196995015873,-2.8449194980322416,-2.844919596796498,-2.8449192966521832,-2.844919473323252,-2.8449196445346545,-2.8449192345703582,-2.844919646364519,-2.844919605987852,-2.8449190279307834,-2.8449188258286617,-2.8449189375246426,-2.844919274762156,-2.8449193102436126,-2.844918984377543,-2.844919907800713,-2.8449198720986315,-2.8449205941138307,-2.8449208187687915,-2.844920868160768,-2.844920563003513,-2.8449204838512214,-2.8449196272289035,-2.8449203456512957,-2.8449206231185644,-2.844921266199512,-2.844921257285072,-2.84492082259457,-2.8449206287993873,-2.844920152626707,-2.844919308876505,-2.8449190518162624,-2.84491890124805,-2.844918447236919,-2.844918007989086,-2.844918293966905,-2.844918513025809,-2.84491923652872,-2.844919094185631,-2.844918718373808,-2.844918794245055,-2.844918884991957,-2.8449191087102474,-2.84491948749331,-2.8449196731552724,-2.8449198081310314,-2.8449198767894526,-2.8449199002423016,-2.8449199036121566,-2.844919906996293]}