{"parameters":[[2000,-0.001,1.0e-8],[1000,-0.0001,1.0e-9]],"runtime":6804.322033068,"energies":[-3.109999231942864,-3.1102112852613937,-3.110301449988409,-3.110356916909029,-3.1103899293642283,-3.110416311326515,-3.1104309101314027,-3.1104417061302048,-3.110450867665901,-3.110457633689286,-3.1104618142440037,-3.110463156831722,-3.1104679979549683,-3.1104711962675378,-3.11047266327978,-3.11047456901793,-3.1104747418098864,-3.110474078485225,-3.110475655720156,-3.110476078059275,-3.110477139580611,-3.1104770494621885,-3.1104758600990428,-3.1104773104080667,-3.1104798939083693,-3.1104785043828738,-3.1104765900294535,-3.1104799985148057,-3.110478940895635,-3.110477420079194,-3.1104777261351364]}