{"parameters":[[5000,-0.001,1.0e-8],[2000,-0.0001,1.0e-9]],"energies":[-3.2927944378597136,-3.2927935581094956,-3.2927934816878475,-3.292793436578993,-3.2927934717326037,-3.292793558766258,-3.2927936596742486,-3.2927937613705467,-3.292793862525844,-3.292793963473963,-3.2927940639978597,-3.2927941638194476,-3.292794262724854,-3.2927943606979895,-3.2927944576753507,-3.292794553650147,-3.2927946486533335,-3.2927947426870965,-3.2927948357290413,-3.292794927813692,-3.2927950189696187,-3.292795109154352,-3.2927951984506487,-3.292795286799016,-3.292795374247917,-3.292795460790694,-3.2927955464638945,-3.2927956312488544,-3.292795715180259,-3.2927957982496316,-3.29279588047012,-3.2927959618666724,-3.292796042451286,-3.2927961222304827,-3.29279620119487,-3.2927962793538406,-3.292796356738047,-3.2927964333718673,-3.2927965092305023,-3.292796584324317,-3.292796658704283,-3.2927967323402716,-3.292796805234767,-3.2927968774338527,-3.292796948931033,-3.292797019723373,-3.2927970898547736,-3.2927971592833387,-3.29279722805578,-3.2927972961465137,-3.292797363608949,-3.292797812252311,-3.2927981283761705,-3.2927983507228173,-3.2927985082303373,-3.2927986217300544,-3.2927987055390653,-3.292798769443907,-3.2927988199565044,-3.292798861390293,-3.2927988966411355,-3.2927989276084912,-3.2927989554854875,-3.2927989810965195,-3.2927990049616085,-3.2927990273867174,-3.292799048575577,-3.2927990687049205,-3.2927990877901623,-3.2927991059220796,-3.292799123131715]}