{"parameters":[[5000,-0.001,1.0e-8],[1000,-0.0001,1.0e-9]],"energies":[-3.3019727925910116,-3.301970528987648,-3.3019729792334656,-3.3019734510003254,-3.3019719602439164,-3.301974148805565,-3.301974655722465,-3.3019746052974037,-3.301975058356917,-3.301975788880651,-3.301976669604212,-3.3019765244904047,-3.3019776815255018,-3.3019777729456496,-3.301977147401245,-3.301977434234682,-3.301978690505006,-3.3019798468785906,-3.3019801432941414,-3.301978840245784,-3.301979731077938,-3.3019804575604215,-3.301981833716618,-3.3019805222397487,-3.301980856094308,-3.301981576846405,-3.3019821841149946,-3.301981661346339,-3.301982931560979,-3.3019831933959427,-3.3019834440122127,-3.3019834306340408,-3.30198280343999,-3.301983703079814,-3.30198455610693,-3.3019837038013415,-3.3019842599411193,-3.3019854766417494,-3.3019865591852575,-3.301984075090559,-3.3019866812610843,-3.301985908438337,-3.3019847242211244,-3.3019873222019127,-3.3019869356531233,-3.3019866628131043,-3.3019875773660594,-3.3019871874202056,-3.301987655116961,-3.3019883552872655,-3.30198840889764,-3.3019874875063855,-3.3019881165059863,-3.3019904543895855,-3.3019894349924854,-3.301989710089077,-3.3019904650506344,-3.3019904031786904,-3.3019903087585845,-3.301989528630445,-3.3019896243525855]}