{"parameters":[[5000,-0.001,1.0e-8],[2000,-0.0001,1.0e-9]],"energies":[-3.2836070467595855,-3.28360636855857,-3.283606390867733,-3.2836063344117346,-3.283606316782734,-3.28360634293419,-3.2836063876221964,-3.2836064385251973,-3.2836064914962866,-3.2836065451401417,-3.283606598851219,-3.2836066522434857,-3.2836067051624824,-3.2836067575266803,-3.2836068092760593,-3.283606860394467,-3.2836069108798176,-3.283606960713606,-3.2836070099329975,-3.2836070585392365,-3.2836071065223873,-3.2836071539011553,-3.283607200705984,-3.283607246902358,-3.283607292536261,-3.283607337604254,-3.283607382117605,-3.2836074260981265,-3.2836074695468893,-3.283607512455967,-3.283607554873223,-3.2836075967753224,-3.283607638159063,-3.283607679055181,-3.283607719465089,-3.2836077593927326,-3.283607798858017,-3.2836078378519087,-3.2836078763945484,-3.283607914489086,-3.283607952141076,-3.2836079893520758,-3.2836080261294653,-3.2836080624808357,-3.2836080984145415,-3.2836081339086727,-3.2836081690313126,-3.283608203750686,-3.283608238058365,-3.2836082719538107,-3.283608305527781,-3.2836086970064087,-3.283608960804486,-3.2836091358431823,-3.283609251173807,-3.283609327125253,-3.283609377634132,-3.2836094119395205,-3.2836094361869614,-3.283609454265296,-3.283609468686705,-3.2836094810707035,-3.2836094923310366,-3.283609503014956,-3.2836095133827694,-3.2836095235830376,-3.2836095336133604,-3.2836095434934456,-3.283609553167288,-3.2836095625394783,-3.2836095715574807]}