{"parameters":[[5000,-0.001,1.0e-8],[2000,-0.0001,1.0e-9]],"energies":[-3.283592596719393,-3.283592065447281,-3.2835924799653213,-3.2835927431184606,-3.28359299218928,-3.2835932773013754,-3.2835935635586013,-3.2835938639609075,-3.2835941174792485,-3.283594412059542,-3.2835946659391686,-3.2835949225707504,-3.283595192858439,-3.28359547546272,-3.283595690916809,-3.283595935490726,-3.2835961545411543,-3.2835964477473443,-3.283596641492764,-3.2835968966639912,-3.283597086952814,-3.28359734100133,-3.28359753932605,-3.2835977228668263,-3.283597950265921,-3.283598138164676,-3.2835984457033875,-3.283598569368487,-3.2835987224505696,-3.2835988972864385,-3.283599090718893,-3.2835992587496152,-3.2835994520120733,-3.283599593251819,-3.283599803315075,-3.283599976953253,-3.2836001349289146,-3.283600313747158,-3.2836004546135746,-3.2836005887544557,-3.283600773766147,-3.2836009121724965,-3.28360105667091,-3.2836011805862317,-3.283601347048867,-3.283601489416375,-3.283601653686091,-3.2836017608005843,-3.283601913161406,-3.2836020178539225,-3.283602154170535,-3.283602535182614,-3.283602847265141,-3.283603009468828,-3.2836031384624613,-3.28360317642167,-3.2836032880545316,-3.2836033114309666,-3.283603327857499,-3.2836033150501507,-3.2836033626035097,-3.283603385392316,-3.2836034187571497,-3.2836034423491505,-3.2836034633706097,-3.283603491022565,-3.283603484165808,-3.2836035082156547,-3.283603553134297,-3.2836035293515575,-3.283603545416672]}