{"parameters":[[10000,-0.001,1.0e-8],[1000,-0.0001,1.0e-9],[200,-1.0e-5,1.0e-9]],"runtime":4362.975703575,"energies":[-3.2017441289891577,-3.2021523536735064,-3.2023803434956815,-3.202548266674654,-3.2026776371507704,-3.2027806798475105,-3.2028595592125604,-3.202925629222754,-3.202978048308728,-3.203021706613878,-3.203052798635154,-3.203085199727136,-3.203110607205315,-3.203130862833766,-3.203150833176157,-3.203164534816484,-3.203176583543714,-3.20318302766636,-3.2031951241485626,-3.2032011765715143,-3.2032057557610343,-3.2032179910004683,-3.2032186674704013,-3.20322394355005,-3.2032318402241997,-3.2032329401237845,-3.203233205398531,-3.2032411519243453,-3.2032392695751333,-3.203242841986977,-3.2032429891184577,-3.2032430517046264,-3.203244633069352,-3.2032486193791887,-3.2032498868346635,-3.203249563631657,-3.203252088593152,-3.203252213934135,-3.203256409412486,-3.2032523750281516,-3.203256439583425,-3.2032540270963836,-3.203258064646044,-3.203258379231381,-3.2032568163514115,-3.203258212875014,-3.203256799072081,-3.203256466930351,-3.203257545929223,-3.2032607534635837,-3.2032587877020133,-3.2032583478958614,-3.2032581714139057,-3.203260177401973,-3.2032621182564815,-3.2032605242949135,-3.2032607777159714,-3.2032601858792322,-3.203261602610381,-3.2032614225426608,-3.2032629382384616,-3.2032603373397217,-3.2032581213750606,-3.2032597035906254,-3.203260604270215,-3.2032638378315053,-3.2032620056323786,-3.203261226153655,-3.203258023825226,-3.203263336574463,-3.2032633765271106,-3.2032643534964613,-3.203259640057966,-3.203260072955203,-3.203259550151021,-3.2032634192769156,-3.2032609108698415,-3.2032622194524163,-3.2032606073942613,-3.203264143725029,-3.203258268498077,-3.203262366258468,-3.203262426066634,-3.2032652694314634,-3.2032679804359403,-3.2032612735451,-3.2032611544619094,-3.2032601542599375,-3.203261037234163,-3.2032607253955874,-3.2032650234091333,-3.2032636011272437,-3.203263820296485,-3.2032622370341763,-3.2032639405779855,-3.2032628063454895,-3.2032607701738995,-3.2032605814415547,-3.2032615996507556,-3.2032636620103236,-3.2032623741896553,-3.203259240244091,-3.203261356608615,-3.203265743269195,-3.2032622041755023,-3.2032589169820307,-3.203262338075039,-3.203257304704214,-3.2032614279943474,-3.2032632371344123,-3.2032636552720053,-3.203264657404421,-3.2032598594379214]}