{"parameters":[[5000,-0.001,1.0e-8],[2000,-0.0001,1.0e-9]],"energies":[-3.3112128063444404,-3.3112122766687646,-3.311212558318366,-3.311212812893559,-3.3112130105915303,-3.3112131609446416,-3.3112132716802103,-3.3112133632002245,-3.311213437296602,-3.3112135115553345,-3.3112135802452203,-3.3112136264044807,-3.311213700594775,-3.3112137523472587,-3.3112138091111007,-3.3112138673284353,-3.3112139170324406,-3.311213973223085,-3.311214031180315,-3.3112140814915234,-3.311214133801853,-3.311214177712004,-3.311214236696233,-3.311214279169282,-3.3112143290149634,-3.311214375321151,-3.3112144277076974,-3.3112144781620123,-3.3112145218886884,-3.3112145667568487,-3.311214612737194,-3.311214648652662,-3.311214681194846,-3.3112147280412465,-3.3112147763446957,-3.3112148208301826,-3.3112148596345956,-3.3112149022063018,-3.3112149411562717,-3.3112149735445287,-3.3112150049409044,-3.3112150507189124,-3.311215078873512,-3.3112151259849467,-3.311215158889475,-3.31121519343044,-3.311215224487298,-3.3112152575741414,-3.3112152954051415,-3.311215325020396,-3.311215361229589,-3.3112158795574147,-3.3112162586424896,-3.3112165479144844,-3.3112167621461026,-3.3112169254586625,-3.3112170566096,-3.3112171587674206,-3.3112172575784475,-3.311217329267949,-3.3112173880622024,-3.3112174438254347,-3.3112174922798845,-3.311217537304977,-3.3112175743894245,-3.3112176023731816,-3.311217629003364,-3.311217652936027,-3.3112176726443026,-3.3112176960948734,-3.3112177102527154]}