{"parameters":[[2000,-0.001,1.0e-8],[1000,-0.0001,1.0e-9]],"runtime":4706.222815425,"energies":[-3.6569406294618707,-3.657223190981041,-3.6573187983898987,-3.6573654220294483,-3.6573899326405517,-3.6574037297195727,-3.6574118581301445,-3.6574162721828762,-3.6574189596967885,-3.6574209249037395,-3.657421883721641,-3.657422730762857,-3.6574239292396777,-3.6574230354534714,-3.6574226595885713,-3.6574236687833555,-3.6574230907132894,-3.657423213596026,-3.657423692364064,-3.6574237757914267,-3.657423811488598,-3.6574234579183935,-3.65742446894088,-3.657423844796785,-3.657424625938175,-3.6574245873689417,-3.6574241827215372,-3.657424460464783,-3.6574249548603808,-3.657424307496898,-3.6574243442305376]}