{"parameters":[[5000,-0.001,1.0e-8],[2000,-0.0001,1.0e-9]],"runtime":3112.122193179,"energies":[-3.3022165809174506,-3.3022157024881915,-3.3022159680636145,-3.3022153931899867,-3.302216095522329,-3.302216310510998,-3.302216419843635,-3.3022164110644905,-3.302216501988,-3.302216417867051,-3.3022173965171198,-3.30221682810175,-3.302217272763239,-3.302218044720237,-3.3022179037494848,-3.3022175696709803,-3.302217779652485,-3.3022177028248674,-3.302218416842607,-3.302218746875984,-3.302218444818356,-3.3022187049228853,-3.3022181837333466,-3.302219258239302,-3.302218838726624,-3.3022194385563224,-3.302218629589259,-3.3022195787617186,-3.302219411148296,-3.302219874312941,-3.3022198758348367,-3.3022195884035535,-3.30222007414359,-3.3022203435291284,-3.30222069547323,-3.3022210016861497,-3.302220369199291,-3.302220923185115,-3.302220658163318,-3.302221198648397,-3.3022209739669126,-3.302221019620619,-3.3022215916313176,-3.3022211863911086,-3.3022219795482823,-3.3022215042547938,-3.302221712814249,-3.302221797813965,-3.302221950521635,-3.3022223906522674,-3.3022222867803768,-3.302222989174859,-3.3022232012301487,-3.3022238639801853,-3.3022232989156803,-3.3022237491799196,-3.3022236526810245,-3.3022236929297804,-3.3022236580063926,-3.3022238630049117,-3.3022237662264233,-3.3022236849317737,-3.3022240752797414,-3.3022242024068085,-3.3022235390234456,-3.302224408037964,-3.302224002251827,-3.302223842449014,-3.3022245396448575,-3.3022244849096554,-3.3022238470831455]}