{"parameters":[[5000,-0.001,1.0e-8],[2000,-0.0001,1.0e-9]],"energies":[-3.3204351595148824,-3.320433510088911,-3.3204331187646563,-3.320433014890813,-3.3204329722841903,-3.320432944865936,-3.320432930671739,-3.320432926846058,-3.3204329266990182,-3.3204329265331283,-3.3204329263597745,-3.320432926539422,-3.3204329274021487,-3.3204329334380667,-3.320433456195532,-3.3204338435408736,-3.3204341346583464,-3.3204343574736828,-3.3204345317215167,-3.3204346707897443,-3.3204347838789143,-3.3204348779589674,-3.3204349567553195,-3.320435023786247,-3.3204350810553365,-3.320435130599675,-3.3204351729529247,-3.3204352096713894,-3.320435241273751,-3.320435268315506,-3.3204352914742437,-3.3204353109344433,-3.32043532760979]}