{"parameters":[[1000,-0.001,1.0e-9],[1000,-0.0001,1.0e-9]],"energies":[-3.2483090888528077,-3.248307984812822,-3.248307549194626,-3.248307254872099,-3.248307112921928,-3.248307389776839,-3.248307820238125,-3.2483082207293643,-3.248308777320852,-3.248308802220511,-3.2483088551458317,-3.24830913956581,-3.2483094921704114,-3.2483096616703726,-3.2483098591279997,-3.248309975175369,-3.248310066331125,-3.248310177958854,-3.248310233716614,-3.248310289683416,-3.248310320835962]}