{"parameters":[[10000,-0.001,1.0e-8],[1000,-0.0001,1.0e-9],[200,-1.0e-5,1.0e-9]],"runtime":4225.374791868,"energies":[-3.230457132237275,-3.2309005876967336,-3.2311591634929955,-3.231355489954014,-3.231507085960166,-3.231631110080709,-3.231729146958306,-3.231813010994605,-3.231881410474363,-3.231939561310952,-3.2319862577607954,-3.2320268448117284,-3.2320617709359967,-3.2320919074746506,-3.232115656676658,-3.232136363525026,-3.2321611417821416,-3.2321778598962996,-3.232190230734972,-3.232197650583323,-3.232217798563473,-3.2322252096073574,-3.232231347849577,-3.2322416848894573,-3.2322495798233892,-3.232256860910911,-3.232263149161056,-3.232268294942786,-3.2322755053296053,-3.2322757886030598,-3.2322829870358056,-3.2322815430596634,-3.232287566875154,-3.232290417609439,-3.232291298730074,-3.2322937691569202,-3.232299810168225,-3.232296977456581,-3.2323005946512486,-3.2323038532717225,-3.232302156978596,-3.232304990593223,-3.2323075156647882,-3.2323053467135767,-3.2323105183765684,-3.232309310757487,-3.232309831815647,-3.2323112430221395,-3.2323125655287335,-3.2323108136719148,-3.2323141824689943,-3.2323175536031794,-3.2323143207417417,-3.232317435205567,-3.2323161758640477,-3.2323163461209035,-3.232314246134513,-3.2323132457215755,-3.232315284514463,-3.2323159148142624,-3.2323207537455434,-3.2323220703253024,-3.2323206968184204,-3.232319425005926,-3.2323186938178865,-3.2323201199959626,-3.232320670462554,-3.2323222473335016,-3.2323198633413774,-3.2323199998460987,-3.2323163081309754,-3.232323294979005,-3.232323262428475,-3.2323186536014714,-3.23231899068565,-3.232319209042221,-3.23232326523057,-3.2323169227234705,-3.232319893848378,-3.232319711089864,-3.2323201997346453,-3.232320097006881,-3.2323221479842803,-3.232324088686217,-3.232322924630272,-3.232322817531376,-3.2323207364405753,-3.232319731009998,-3.232322588884784,-3.2323213181648094,-3.2323233685898902,-3.2323224240369894,-3.2323246945184456,-3.232324355110993,-3.232324765475156,-3.232324753422923,-3.2323246828144305,-3.232320276494903,-3.2323219907084053,-3.2323234334270046,-3.2323204035799096,-3.2323240267859843,-3.232321730339553,-3.2323246803613017,-3.232322756627918,-3.232323979834434,-3.232321149871024,-3.232320421783194,-3.232323971340869,-3.2323229556368136,-3.232325629322486,-3.232323894497049,-3.232319103117084]}