{"parameters":[[5000,-0.001,1.0e-8],[2000,-0.0001,1.0e-9]],"runtime":2854.783520726,"energies":[-3.238586762187282,-3.2385902032256904,-3.238584256891138,-3.238573827603629,-3.2385706621748156,-3.2385717556302627,-3.2385759835925985,-3.2385898109290507,-3.2385808646183927,-3.2385700937977617,-3.2385814447060355,-3.2385813692160745,-3.2385829203512113,-3.238573289582488,-3.2385882993189443,-3.2385803541429157,-3.2385799715216077,-3.2385865536512757,-3.2385916696751904,-3.238581653271563,-3.2385667874575703,-3.2385792973067793,-3.238570317886075,-3.238582158263817,-3.238586750427407,-3.238579097868991,-3.2385831248228465,-3.2385775225080735,-3.2385743306695045,-3.2385826448779964,-3.238576081351142,-3.2385763729558863,-3.238584930197672,-3.2385827085794183,-3.238578699950498,-3.2385805730520776,-3.2385883397581603,-3.2385776784846008,-3.238594666968331,-3.238573152571997,-3.2385886125534706,-3.2385818451450046,-3.2385827852866784,-3.238569557591513,-3.238579424666312,-3.238570301945063,-3.2385963357678467,-3.23858564631489,-3.2385732436075334,-3.238574407951421,-3.2385778978711444,-3.2385874440507956,-3.2385794856678674,-3.2385829331501252,-3.2385859684983513,-3.238585641846141,-3.2385775961847907,-3.2385784869444434,-3.2385857177770734,-3.238577412975315,-3.2385886044967593,-3.238588709550759,-3.2385876639903044,-3.238570938745053,-3.238571369643428,-3.238588965549262,-3.238580714008785,-3.238576755478255,-3.238590672272592,-3.238572340829389,-3.2385860521657817]}