{"parameters":[[2000,-0.001,1.0e-8],[1000,-0.0001,1.0e-9]],"runtime":4128.582422987,"energies":[-3.5158502395824236,-3.5162376246778546,-3.516380440888094,-3.516455275764678,-3.516497075452182,-3.516522565302777,-3.5165370274116934,-3.516546952869869,-3.5165526148929667,-3.51655673837522,-3.5165589877628305,-3.51656049163824,-3.5165615845821026,-3.5165624682376198,-3.5165633568743138,-3.516563258998136,-3.516563205679829,-3.516564225625921,-3.516564159481979,-3.5165646381258115,-3.516564320049597,-3.51656399704926,-3.51656460011295,-3.516564413883993,-3.51656407875792,-3.516565402351207,-3.516565186570258,-3.5165639054352154,-3.516564599868676,-3.5165641957443263,-3.5165644765224306]}