{"parameters":[[5000,-0.001,1.0e-8],[1000,-0.0001,1.0e-9]],"energies":[-3.320407023284993,-3.320406737418152,-3.3204070487427377,-3.32040643014793,-3.3204084842806054,-3.320409208958792,-3.3204096892888995,-3.3204085408994803,-3.3204101230027914,-3.3204100393311022,-3.320409929785957,-3.3204103506166227,-3.3204118494851245,-3.320410701998772,-3.3204129852902455,-3.320412363739234,-3.3204144590488744,-3.3204119712938502,-3.320414499361447,-3.320414144466863,-3.3204140982861734,-3.3204150952332094,-3.320415483705238,-3.320415973018637,-3.3204163750935667,-3.320413828625048,-3.3204173284836367,-3.320417247339428,-3.3204173997864967,-3.320416727665251,-3.3204173876298393,-3.320418162981414,-3.3204189429309903,-3.320419046616392,-3.3204191385069866,-3.3204189303657925,-3.320417954950986,-3.320419547860617,-3.320419633919723,-3.3204180140132546,-3.3204196146429754,-3.3204201789347207,-3.3204206076411937,-3.320420662936659,-3.3204206582027815,-3.3204191278875808,-3.3204207570738347,-3.320421107649259,-3.3204219833532913,-3.3204208870825744,-3.320422230427856,-3.3204219084852458,-3.320422801088608,-3.32042349939248,-3.3204222146212654,-3.3204240216364784,-3.3204241104473393,-3.320423797611649,-3.320424574606829,-3.320423926447786,-3.3204243603432166]}