{"parameters":[[1000,-0.001,1.0e-8],[1000,-0.0001,1.0e-9]],"energies":[-3.2653523212025495,-3.265350710423414,-3.265350704124197,-3.265350370498555,-3.265350721353359,-3.265349851641872,-3.265350774309217,-3.2653497877472235,-3.2653508087197873,-3.265350276802163,-3.2653514738648983,-3.2653506751081087,-3.265350661380408,-3.2653510688125027,-3.265351451149673,-3.2653530790266103,-3.265352945698007,-3.265353409931026,-3.2653535061347827,-3.2653535662033017,-3.2653526728576283]}