{"parameters":[[10000,-0.001,1.0e-8],[1000,-0.0001,1.0e-9],[200,-1.0e-5,1.0e-9]],"runtime":4251.066128314,"energies":[-3.420940506553036,-3.4213340992112835,-3.421514054859677,-3.4216529749132527,-3.421764891456945,-3.421859475881213,-3.421938174077056,-3.4220030760943247,-3.4220654664327315,-3.4221176462630303,-3.4221633556938436,-3.4222033464563575,-3.422240271450151,-3.422271354083941,-3.422295164455122,-3.4223236071353447,-3.4223450508774778,-3.422358830784132,-3.4223772768352823,-3.4223891001171816,-3.4224000503711363,-3.4224130351645727,-3.4224231463554626,-3.422433880011843,-3.4224436499907918,-3.422447875146125,-3.422451291130139,-3.4224580670476685,-3.4224642792548257,-3.4224674470025502,-3.4224744889348857,-3.422472099936059,-3.422480652481891,-3.4224803368782464,-3.4224842618698346,-3.422483990931082,-3.4224823912661644,-3.422485046070027,-3.422488111447303,-3.4224917165492026,-3.422491525669198,-3.42249226740475,-3.4224918504509776,-3.4224961264825957,-3.4224957301142114,-3.422498203108402,-3.42249464348793,-3.422498834092602,-3.4224948382649454,-3.422495718998652,-3.4225013509673907,-3.4224959023154464,-3.422498424407826,-3.4224989118198543,-3.422498281698318,-3.422502025447459,-3.4224965268309555,-3.4224984494962194,-3.422499368238015,-3.4224977421039062,-3.4224986350136146,-3.4224991457563436,-3.422493904774298,-3.42249560640854,-3.4224993115474627,-3.422502090245453,-3.422502911845884,-3.4225043359885183,-3.4224993162586634,-3.4225009131637822,-3.4224974074473438,-3.4224951951567824,-3.422500258242161,-3.422500703551475,-3.422502862872978,-3.4224996130773504,-3.4224960765044465,-3.422501679344153,-3.422501569260682,-3.422499751782604,-3.4224972357659627,-3.4225015454053485,-3.4224992101586262,-3.422497881073885,-3.4225008819337255,-3.4225001479506973,-3.4225026720751814,-3.422496843918238,-3.422499767414703,-3.422498988756829,-3.4224966527573306,-3.4225019973868167,-3.4224998984279735,-3.4225030170843223,-3.422500193867843,-3.4224962409472024,-3.4225017558385633,-3.422499692209428,-3.422497357486111,-3.4225010969746803,-3.422501651026894,-3.4225020795554895,-3.4224999565203924,-3.4225034277334148,-3.4225004752094517,-3.422501248883693,-3.422493249141987,-3.4225032245975084,-3.4224997304637403,-3.4225028724971973,-3.422505309317011,-3.422504979291746,-3.422498883044415]}