{"parameters":[[2000,-0.001,1.0e-8],[1000,-0.0001,1.0e-9],[200,-1.0e-5,1.0e-9]],"runtime":5383.392202566,"energies":[-3.236777381545299,-3.237247116189074,-3.237449014858147,-3.2375679149213936,-3.237646432707419,-3.237701313467083,-3.237739816457599,-3.237769296368101,-3.237792753500274,-3.237812704529062,-3.2378269847858,-3.2378410746456034,-3.237850112028592,-3.2378589108370166,-3.237869176994364,-3.2378734865529313,-3.237878527802649,-3.2378854476211236,-3.2378875180749525,-3.2378963848846833,-3.2378982913161276,-3.2378957387632394,-3.237898571715362,-3.237897059421094,-3.237900332887036,-3.2378988165410845,-3.237900587744819,-3.237899592457206,-3.237900501623325,-3.237899697508181,-3.237900015582239,-3.2379023790751083,-3.2379013407315798]}