{"parameters":[[10000,-0.001,1.0e-8],[1000,-0.0001,1.0e-9],[200,-1.0e-5,1.0e-9]],"runtime":5393.290817126,"energies":[-3.2721291958579535,-3.272618385813984,-3.272915823465461,-3.273147107811395,-3.2733274612480425,-3.2734873253870957,-3.2736171423928275,-3.2737267945549933,-3.273818630016593,-3.273898430723026,-3.27396539439201,-3.2740267250840427,-3.274080289363389,-3.274128990486947,-3.2741726150494674,-3.274207573295522,-3.274235601486413,-3.274269668435865,-3.2742938235721892,-3.274325405074672,-3.274342727669349,-3.274363484647955,-3.274378197865958,-3.274401400525447,-3.2744158176501363,-3.2744310145897115,-3.2744432967101074,-3.2744559227504366,-3.2744597421415804,-3.2744751146903726,-3.2744843323298665,-3.2744895793956466,-3.274500754091368,-3.274502877215858,-3.274517334399951,-3.2745181970076,-3.274532328044404,-3.274532624637125,-3.2745392080523503,-3.274542053218914,-3.274545693250324,-3.2745538113358115,-3.274554089019635,-3.274562466771436,-3.2745655822509137,-3.2745654872920826,-3.274572820156423,-3.2745757357954464,-3.2745780670442652,-3.2745812451262797,-3.2745788042779798,-3.274586664007347,-3.2745922378598875,-3.274593122337936,-3.2745938430872603,-3.274593743981394,-3.2745972495471234,-3.274594417820141,-3.2746032208389924,-3.274596686071843,-3.274603759852027,-3.274595191396167,-3.2746040425293006,-3.2746069788028556,-3.274607512089506,-3.274614175885407,-3.2746102720869907,-3.274619546506335,-3.2746183572044067,-3.274618110821387,-3.2746150513560197,-3.2746175747079183,-3.2746204500884315,-3.2746161447610347,-3.274621928158877,-3.2746193752141215,-3.2746270999958575,-3.2746221651024734,-3.274629453699039,-3.274620963828179,-3.2746236132156663,-3.274630538886996,-3.2746231977921996,-3.2746306349556322,-3.274629833167226,-3.2746281667714325,-3.274630953056395,-3.2746344535066294,-3.274634544236654,-3.2746322042184874,-3.2746361100306127,-3.274630949892051,-3.2746380060712794,-3.2746350253515915,-3.27463202029671,-3.274631659391862,-3.274629509305949,-3.2746331282432433,-3.27463736304505,-3.2746358761782814,-3.2746389430206237,-3.2746434433179283,-3.2746395987709596,-3.2746411277902934,-3.2746436180959737,-3.2746354285364063,-3.274636944874458,-3.2746389034411414,-3.2746446580749855,-3.2746400717766337,-3.2746364231017333,-3.2746368233810634,-3.2746371789149187]}