{"parameters":[[1000,-0.001,1.0e-8],[1000,-0.0001,1.0e-9]],"energies":[-3.2790102343489274,-3.2790105621949888,-3.2790108064295307,-3.27901095601227,-3.2790108777288296,-3.2790100418222106,-3.279011290078784,-3.2790110719436285,-3.2790118118993723,-3.279011909350433,-3.279012005753171,-3.27901183474667,-3.279012850001787,-3.2790135452944202,-3.2790134949328484,-3.2790129183487187,-3.2790137342219983,-3.279013854509568,-3.279013852089264,-3.2790137776395554,-3.279013963580161]}