{"parameters":[[5000,-0.001,1.0e-8],[2000,-0.0001,1.0e-9]],"energies":[-3.2836019009722937,-3.2836013193594056,-3.283601457021022,-3.2836014976340633,-3.2836015577276947,-3.2836016542842374,-3.2836017667186814,-3.283601884661646,-3.2836020033974114,-3.2836021213355355,-3.28360223805723,-3.283602353644362,-3.2836024673699757,-3.2836025793977717,-3.2836026902829882,-3.2836027992456462,-3.2836029063076575,-3.2836030118997117,-3.283603115315996,-3.2836032180282237,-3.283603318490156,-3.2836034177472575,-3.283603515559765,-3.2836036118409844,-3.283603706009874,-3.283603799288028,-3.283603891598755,-3.2836039825879038,-3.2836040715021566,-3.2836041594257845,-3.283604246317137,-3.283604332048295,-3.2836044160841555,-3.2836044988398037,-3.283604580752958,-3.283604661299005,-3.2836047412404943,-3.2836048196639416,-3.283604896613286,-3.283604972895632,-3.2836050484742216,-3.283605122420585,-3.2836051955564804,-3.283605267214213,-3.283605338882034,-3.2836054093741245,-3.2836054780172095,-3.283605546102792,-3.283605613581276,-3.2836056800146043,-3.283605745703661,-3.283606137461965,-3.2836064014661064,-3.2836065778736288,-3.283606694679229,-3.2836067723061735,-3.283606824515204,-3.2836068610699307,-3.2836068874341056,-3.2836069085357975,-3.283606925193032,-3.2836069403412314,-3.2836069541867707,-3.2836069673771844,-3.2836069811187167,-3.283606993619171,-3.2836070066133844,-3.283607020144232,-3.2836070326681117,-3.283607044890162,-3.283607057301798]}