{"parameters":[[2000,-0.001,1.0e-8],[1000,-0.0001,1.0e-9],[200,-1.0e-5,1.0e-9]],"runtime":5109.416127853,"energies":[-3.233216400792242,-3.233674785650197,-3.2338724560460883,-3.2339903927482507,-3.2340674735548784,-3.2341202690999165,-3.2341580777434733,-3.2341876111119285,-3.2342091428482718,-3.2342278802619058,-3.234244667208913,-3.2342534065065,-3.2342660713289213,-3.2342745576163168,-3.2342786036281552,-3.234288478488762,-3.234295404809724,-3.234297689966288,-3.234303302353714,-3.2343055979502555,-3.234306030740098,-3.2343103260794814,-3.2343114415177343,-3.2343136148428973,-3.2343111315111748,-3.234310460856893,-3.234311087789144,-3.2343139545913964,-3.23431499026808,-3.2343159990286128,-3.2343154162385592,-3.234313876201012,-3.2343171938444097]}