{"parameters":[[1000,-0.001,1.0e-8],[1000,-0.0001,1.0e-9]],"energies":[-3.2927717078468106,-3.292771330250453,-3.292771748553749,-3.2927731029066267,-3.2927729477802816,-3.2927721874886995,-3.2927740132958605,-3.2927742407374847,-3.2927744452955423,-3.2927748433617685,-3.2927753545165017,-3.2927755304723307,-3.2927758217966554,-3.292776165850448,-3.292776116883862,-3.2927738282383974,-3.2927760107008934,-3.2927742621675304,-3.292777006495727,-3.2927769429852867,-3.2927758690141617]}