{"parameters":[[2000,-0.001,1.0e-8],[1000,-0.0001,1.0e-9]],"runtime":5084.643584859,"energies":[-3.5627491965185603,-3.5630967913599805,-3.563221414214316,-3.563285432576788,-3.56332096057126,-3.563339640273956,-3.563352829605837,-3.5633597468539326,-3.5633648535945204,-3.5633679918726737,-3.563368858045867,-3.563370369919654,-3.5633715315692407,-3.563371670669967,-3.5633725407031585,-3.56337321362469,-3.563372526358192,-3.5633728342458055,-3.5633723150778365,-3.563373310695961,-3.563373002300437,-3.5633737053469687,-3.5633740060406454,-3.563374220478303,-3.563373762547364,-3.563374637925272,-3.563373364819826,-3.563373701183497,-3.5633744336967426,-3.5633744628375603,-3.563374842946932]}