{"parameters":[[5000,-0.001,1.0e-8],[2000,-0.0001,1.0e-9]],"runtime":3125.035191419,"energies":[-3.311432178003043,-3.3114307352131904,-3.31143070161758,-3.311430585727466,-3.3114312454800325,-3.3114311189552037,-3.3114314065545862,-3.3114312965213846,-3.311431782013978,-3.311431717566462,-3.311431566828223,-3.3114318305112835,-3.311432059060273,-3.31143220597747,-3.3114322658680293,-3.3114321356336394,-3.311432610598044,-3.311432576237036,-3.3114324782126627,-3.311432557967657,-3.3114326458320367,-3.311432463810118,-3.311432836184691,-3.311433151254527,-3.3114329950354766,-3.3114332102561024,-3.3114328854158828,-3.31143361567759,-3.3114331389128764,-3.3114332272119,-3.311433795038602,-3.311433764936874,-3.3114338937346783,-3.3114338484285026,-3.311434173517599,-3.311433931739558,-3.311434158266242,-3.3114340120689465,-3.3114339557681474,-3.3114342450311187,-3.3114344165257292,-3.311434251170251,-3.3114342475684344,-3.311434601933528,-3.3114346769579166,-3.311434745535806,-3.311434585839266,-3.311434576200063,-3.3114348707126116,-3.311434994617782,-3.311435129991259,-3.3114356401765592,-3.311435786430849,-3.3114362022221497,-3.311436147734673,-3.3114362509812185,-3.311436365661269,-3.311436631433601,-3.311436705692549,-3.3114369260393843,-3.3114366570318507,-3.3114368228905158,-3.3114368930196205,-3.3114371499584996,-3.3114369355364515,-3.311436998686689,-3.311437061800618,-3.3114373408829576,-3.3114372171028155,-3.3114368927471,-3.3114372444362346]}