{"parameters":[[1000,-0.001,1.0e-8],[1000,-0.0001,1.0e-9]],"energies":[-3.288146479260563,-3.28814820535344,-3.2881490950818826,-3.288149701002837,-3.2881504786268017,-3.288153254142046,-3.288153066826662,-3.2881533136425767,-3.2881547112540606,-3.28815652383506,-3.288158006017679,-3.2881571016868527,-3.288156372883612,-3.288158207913914,-3.288158013671098,-3.288156887311812,-3.288158001491085,-3.288157894913515,-3.288157431345165,-3.2881566242150444,-3.2881582803403244]}