{"parameters":[[2000,-0.001,1.0e-8],[1000,-0.0001,1.0e-9]],"runtime":6078.448938589,"energies":[-2.8451038936034196,-2.8451391815593015,-2.845153788874005,-2.845161838493244,-2.845166641450359,-2.845169353323919,-2.845171052708814,-2.845171870562678,-2.845172418521949,-2.8451731088986856,-2.845172968615493,-2.845172770199938,-2.8451733743676106,-2.845173355185385,-2.8451734193399973,-2.8451732533143295,-2.845173571788333,-2.8451732159334813,-2.8451731452742752,-2.845173628870181,-2.8451738979577668,-2.8451735358031014,-2.8451736147190534,-2.845173632094414,-2.845173490545485,-2.8451736103302263,-2.845173573231979,-2.845173762690369,-2.84517394439709,-2.8451742027019273,-2.8451739010530908]}