{"parameters":[[10000,-0.001,1.0e-8],[1000,-0.0001,1.0e-9],[200,-1.0e-5,1.0e-9]],"runtime":4419.329998732,"energies":[-3.229579537691149,-3.2300217126672934,-3.2302795302761673,-3.2304744755359276,-3.2306256031045333,-3.2307514751323914,-3.2308493498003,-3.23093072517113,-3.2309960646059164,-3.2310566770683216,-3.231102435922743,-3.2311428569546257,-3.2311764235255325,-3.2312100936860233,-3.231231594008826,-3.231255781836935,-3.2312715818033206,-3.2312902845135554,-3.2313007112573917,-3.231316862515176,-3.2313293827715683,-3.231339706755617,-3.231349479343566,-3.2313570573571493,-3.231364691719794,-3.231369501053453,-3.2313732406025992,-3.231378827317024,-3.231379156049306,-3.231389234289666,-3.2313920402958867,-3.231394613205987,-3.2313976275023952,-3.2313992965297365,-3.231403475687792,-3.2314061099112337,-3.231407691640574,-3.2314140352896223,-3.2314114246612453,-3.231412405868886,-3.231413658703129,-3.231417699163051,-3.2314155731247474,-3.231419404735098,-3.2314188014158964,-3.2314208942682314,-3.231421229941612,-3.2314219236989334,-3.231419069827771,-3.2314225769411786,-3.2314281238755354,-3.231428075805108,-3.2314263420335476,-3.2314262845307216,-3.23142648000048,-3.2314262436690506,-3.2314277171295345,-3.2314299188527205,-3.2314286894437902,-3.231426300152518,-3.2314299473197514,-3.23143111650631,-3.23143428219069,-3.23143295372049,-3.23143383465826,-3.231430075823539,-3.2314324405336388,-3.2314337103594415,-3.2314285349811316,-3.2314278501214093,-3.2314290905271914,-3.231433237696414,-3.2314321680707234,-3.2314356852389405,-3.2314339717668976,-3.23143179833976,-3.231435693261703,-3.2314312188857137,-3.2314337052862117,-3.2314340010090716,-3.2314343093472275,-3.231436242869327,-3.231432683736288,-3.231435058275674,-3.2314338642207843,-3.2314338907309264,-3.2314353956547093,-3.231435364859846,-3.2314335111095414,-3.231435008558771,-3.231432972707693,-3.2314339881724674,-3.2314363591580677,-3.231435025924511,-3.231435161148231,-3.231435098455859,-3.231432406518147,-3.2314317824405263,-3.231432397210406,-3.2314368924695307,-3.231436391195898,-3.231430617477533,-3.231434834144766,-3.2314316548046493,-3.2314321370795,-3.231436657253343,-3.231437348365765,-3.231436572288559,-3.231437435787163,-3.231432495700086,-3.2314348526437158,-3.231437524822614,-3.2314347293543606]}