{"parameters":[[10000,-0.001,1.0e-8],[1000,-0.0001,1.0e-9]],"runtime":1330.551104407,"energies":[-2.5576241277156937,-1.335968042881803,-1.9289630842716747,-2.233157652675416,-2.3627086424933332,-2.4400761061912783,-2.514647181841915,-2.547481908456419,-2.558826341800992,-2.5628496150307267,-2.5643063101510535,-2.5648379746147403,-2.565032576451526,-2.565103811115594,-2.565129785947817,-2.5651392202498142,-2.5651425578136156,-2.565143724665032,-2.5651440796231553,-2.5651442148476358,-2.5651442465324497,-2.565144230373799,-2.565144228767746,-2.5651442347514273,-2.565144203435602,-2.565144204565227,-2.565144195474523,-2.5651442098810384,-2.565144207335491,-2.5651442128664903,-2.5651442599297933,-2.5651442962673014,-2.5651443218087078,-2.5651443596524306,-2.5651443863878245,-2.565144403714366,-2.565144420245282,-2.5651444213063455,-2.5651444225437032]}