{"parameters":[[10000,-0.001,1.0e-8],[1000,-0.0001,1.0e-9]],"runtime":3101.059733814,"energies":[-2.84497060438114,-2.8450595254950612,-2.84508235394702,-2.8450921702148033,-2.845097355873691,-2.8450997892003405,-2.8451015954299326,-2.8451026861075306,-2.8451029165601383,-2.845103508181175,-2.845103735506842,-2.845103538646808,-2.84510402137836,-2.845104161831948,-2.8451042333005896,-2.8451041693219774,-2.8451041693763877,-2.845104273154892,-2.8451043276866805,-2.8451042439586525,-2.845103503830549,-2.8451040095547544,-2.845104285322904,-2.845104528973595,-2.8451043553650193,-2.8451042960865323,-2.8451043648924825,-2.845104328975699,-2.8451042797518973,-2.845104057225998,-2.845104074765435,-2.845104324581298,-2.845104411806292,-2.8451041934128107,-2.845104330512389,-2.8451041214135264,-2.8451042247250156,-2.845104227300964,-2.8451040760210407,-2.8451043123209105,-2.8451044443542237,-2.8451041665013497,-2.845104369616532,-2.8451041498437677,-2.8451042513610147,-2.845104024858386,-2.8451044879967746,-2.8451041097760608,-2.845104324431866,-2.8451044745056753,-2.84510427163554,-2.845104252633446,-2.845104315553348,-2.845104367668167,-2.845104212842771,-2.845104272376025,-2.845104415482754,-2.8451043264638978,-2.845104500389091,-2.8451038381435314,-2.845104413250083,-2.845104349348501,-2.84510394402234,-2.8451040089055404,-2.8451043476745346,-2.8451041156068273,-2.845104143430234,-2.8451041339546546,-2.845104333533728,-2.8451043288079236,-2.845104364695811,-2.845103856404311,-2.845104326602816,-2.845104482673345,-2.8451042908545716,-2.8451043155818416,-2.8451042308973524,-2.845104406284406,-2.8451042053652493,-2.84510413657024,-2.845104391858257,-2.8451040657762436,-2.845104143386127,-2.8451041000515054,-2.8451041706383977,-2.8451043388588984,-2.8451042807621105,-2.845104350430615,-2.845104273743826,-2.8451043171180626,-2.8451041724247825,-2.8451043037745096,-2.845104362336783,-2.8451042956570003,-2.8451043459177625,-2.8451043727386467,-2.845104507791489,-2.8451043844665085,-2.845104200103008,-2.8451043990574822,-2.8451043505409013,-2.8451044079833228,-2.845104315891618,-2.845104660522046,-2.845104733438108,-2.8451047020554063,-2.8451051196916795,-2.845104807177541,-2.845104787866462,-2.8451048376636843,-2.845104750987462]}