{"parameters":[[10000,-0.001,1.0e-8],[1000,-0.0001,1.0e-9]],"runtime":3171.283945689,"energies":[-2.880075436823863,-2.8801800738274093,-2.8802095011311515,-2.880223243153138,-2.880230539125419,-2.8802349203470845,-2.8802370057724636,-2.8802390663306396,-2.8802400577842238,-2.880240386386919,-2.8802407957452214,-2.8802405579067147,-2.8802410413520643,-2.880241243277193,-2.88024166007333,-2.880241453556363,-2.880241725029326,-2.880241715490401,-2.8802416433044726,-2.88024165195827,-2.880241829734237,-2.8802417654072556,-2.8802420710475416,-2.8802405765242183,-2.880241959216572,-2.880241860804587,-2.8802419126003436,-2.8802416801442368,-2.880241532716025,-2.880241724719571,-2.8802418146796422,-2.8802420131232296,-2.880241593415377,-2.880241963505471,-2.8802418317941947,-2.8802417881884357,-2.880242129406018,-2.8802418808015005,-2.8802419401954094,-2.880242138928586,-2.8802420144444736,-2.8802417699296905,-2.8802418907259817,-2.880242062465359,-2.8802416440782848,-2.880241862106251,-2.880241504915758,-2.880241776230613,-2.880241616586846,-2.8802419943156146,-2.880241686165129,-2.880241827409772,-2.880241721644404,-2.8802416915797675,-2.880241957193233,-2.880241842448066,-2.880241804356505,-2.880241823408592,-2.8802412807482587,-2.8802416902889467,-2.880241839922021,-2.88024197790633,-2.880241953997373,-2.8802420224857417,-2.880242027988945,-2.8802419515399134,-2.8802419651855704,-2.8802419770123255,-2.8802417864069305,-2.880241970709121,-2.8802415132727592,-2.880241812821743,-2.880241909861767,-2.8802419196547895,-2.8802417504084397,-2.8802420297218783,-2.880241926183406,-2.8802415613919075,-2.88024177595524,-2.8802417943445966,-2.8802418193699433,-2.8802415969249964,-2.8802417001118794,-2.880241989254093,-2.8802419483028103,-2.880242083505355,-2.880241785172677,-2.8802418773761125,-2.880241904353477,-2.8802419194385207,-2.8802419571725073,-2.8802418178945466,-2.880241942481844,-2.880241788267849,-2.88024175998041,-2.88024190208203,-2.8802419311672227,-2.880241938048388,-2.8802419188932395,-2.8802418525713724,-2.8802418812439545,-2.8802421001218876,-2.8802425086143604,-2.8802423298607858,-2.880242166424363,-2.8802420816706196,-2.88024239448976,-2.880241677855943,-2.880242453105437,-2.8802424649944305,-2.8802424115943683]}