{"parameters":[[1000,-0.001,1.0e-9],[1000,-0.0001,1.0e-9]],"runtime":7615.545645038,"energies":[-3.2762261565979647,-3.2762190775513464,-3.276217365816674,-3.2762186176879595,-3.276222863839254,-3.2762245605382985,-3.2762244767186726,-3.2762243034115692,-3.27622309629872,-3.276223739656508,-3.2762262575374614,-3.2762252018790914,-3.276226384285639,-3.27622651387025,-3.276225619229389,-3.2762282429478606,-3.2762274166736485,-3.2762255046932847,-3.2762281994987603,-3.2762289843574024,-3.2762280800619603]}