{"parameters":[[10000,-0.001,1.0e-8],[1000,-0.0001,1.0e-9],[200,-1.0e-5,1.0e-9]],"runtime":4676.655528132,"energies":[-3.2357248514285066,-3.2361746045370023,-3.23643757643777,-3.236638967502234,-3.236795254240837,-3.236924344211532,-3.237029063907871,-3.2371094542162506,-3.237185681816717,-3.23724060061031,-3.237297331599829,-3.2373364870262167,-3.2373806883015517,-3.2374057192643058,-3.2374348967050333,-3.237458488264047,-3.23748255903305,-3.237498020315741,-3.2375124006975575,-3.2375319096094377,-3.2375388398240594,-3.2375522283561518,-3.237557400059561,-3.2375695862069076,-3.237574580386994,-3.2375883443926865,-3.237592233222949,-3.2375969833973715,-3.237603883307496,-3.2376082905930335,-3.237608003940622,-3.2376167318676985,-3.2376184979975595,-3.2376270726204557,-3.237625871646681,-3.2376289504052673,-3.237628304786592,-3.2376341243597473,-3.2376366219632984,-3.2376371306088005,-3.237638041622649,-3.2376418616078375,-3.2376405251970377,-3.2376464609320585,-3.2376469040984324,-3.237645229077726,-3.237653360436017,-3.2376501169121514,-3.2376507674701753,-3.237653544391594,-3.2376461108598917,-3.2376547305205476,-3.2376533090733686,-3.2376584951860417,-3.237657044213926,-3.2376538664142873,-3.2376527292453696,-3.237659281617889,-3.237654070794247,-3.237656472858048,-3.2376567824584135,-3.2376612097713227,-3.2376579946713457,-3.237653609415616,-3.2376599254172844,-3.2376607729081406,-3.237659890163704,-3.237662956560475,-3.2376587065063105,-3.2376590722370575,-3.2376592949087364,-3.2376633298198776,-3.237662828864628,-3.2376614695126342,-3.2376614294664345,-3.2376607923438168,-3.23766315587293,-3.237665043193638,-3.2376600093317847,-3.2376651692431673,-3.237666865714941,-3.237661780055589,-3.2376627290198416,-3.2376628220100816,-3.2376625698365094,-3.237660031929609,-3.237663486998036,-3.2376639463526553,-3.2376639527950086,-3.2376633488985758,-3.237665719436745,-3.237664898222928,-3.2376628067886033,-3.2376660524276923,-3.2376573181635444,-3.2376631422368085,-3.2376652041634406,-3.237662566250398,-3.2376650624583316,-3.2376678302576654,-3.2376621782732693,-3.23766066464456,-3.237668670819339,-3.237664508565138,-3.237665268721424,-3.237667815124486,-3.2376699712754697,-3.237666895853932,-3.237663445265471,-3.237665654075254,-3.2376676617323255,-3.237664746997277,-3.237660699223929]}