{"parameters":[[5000,-0.001,1.0e-8],[2000,-0.0001,1.0e-9]],"runtime":3668.691110721,"energies":[-3.274671688347092,-3.274670028911354,-3.2746695346155166,-3.274669637708885,-3.274671020731761,-3.274669516191013,-3.274669163192859,-3.274670276042942,-3.27466917840363,-3.2746693204576016,-3.2746689700722813,-3.2746694577878452,-3.274669076013637,-3.2746701509363714,-3.274669343928357,-3.2746708246010336,-3.274670859012824,-3.274669249340125,-3.274669083638422,-3.2746696428291644,-3.27467090941679,-3.274670191187056,-3.2746703540314117,-3.2746704103225155,-3.2746684821636465,-3.2746693772434994,-3.2746716276862387,-3.2746695238139676,-3.274670802516286,-3.274669290384768,-3.2746685132635505,-3.2746691969165984,-3.274669354764828,-3.2746702008809208,-3.27467063953543,-3.274669912884451,-3.274670732126749,-3.274670319286294,-3.2746694341124423,-3.2746684299036306,-3.274670888181447,-3.2746698465678743,-3.274668897921189,-3.2746691219838913,-3.274670969927675,-3.2746707923670333,-3.274669809151093,-3.2746713781503076,-3.274669287441469,-3.27466933180234,-3.2746704230238595,-3.2746706367139287,-3.274669651903683,-3.274672987153038,-3.2746707336492107,-3.2746712383639696,-3.274670626061425,-3.2746731107305598,-3.2746706919718767,-3.2746712449272417,-3.2746736979472537,-3.274672254089942,-3.2746722873508753,-3.2746701675101333,-3.2746717840302235,-3.274671149769009,-3.2746718347253676,-3.2746712910192564,-3.2746730882104287,-3.274671741364295,-3.2746711466693355]}