{"parameters":[[5000,-0.001,1.0e-8],[2000,-0.0001,1.0e-9]],"energies":[-3.292768625547218,-3.2927682991313674,-3.292768798814647,-3.292769234177846,-3.2927696820132586,-3.292770150622335,-3.29277059672302,-3.2927710702656774,-3.292771556658077,-3.2927720473333,-3.2927724814860158,-3.292772886028853,-3.2927732976479738,-3.292773733418719,-3.292774145109037,-3.292774540653463,-3.2927749533936046,-3.292775339567439,-3.292775716110444,-3.2927760723939388,-3.2927764438277727,-3.292776834817788,-3.292777155240879,-3.292777507799933,-3.2927778445335623,-3.2927781737099657,-3.2927785133609557,-3.292778848568094,-3.292779159176937,-3.2927795018353065,-3.2927797906466507,-3.2927800754483156,-3.2927803845810413,-3.2927807043963053,-3.29278096770178,-3.29278126813073,-3.292781533101242,-3.2927818001759874,-3.2927820721062226,-3.2927823363849438,-3.2927826092202555,-3.2927828543914432,-3.292783103190711,-3.292783368371812,-3.2927836162354933,-3.292783847570491,-3.2927840850269643,-3.2927843157344823,-3.2927845405463154,-3.2927847640677754,-3.2927850026631065,-3.29278542645424,-3.2927857631088635,-3.292785954538874,-3.2927861239327667,-3.292786212641797,-3.292786324019901,-3.2927863809991154,-3.2927864476055237,-3.292786511056769,-3.2927865191897663,-3.2927865635768834,-3.292786599306504,-3.292786641280582,-3.2927867066112553,-3.2927867387261776,-3.2927867664208645,-3.2927867723251856,-3.29278681695559,-3.292786861674495,-3.29278687937431]}