{"parameters":[[10000,-0.001,1.0e-8],[1000,-0.0001,1.0e-9]],"runtime":8186.690652981,"energies":[-2.8786541016353007,-2.8668254280718517,-2.8766012357053925,-2.8790370547524997,-2.879624416751428,-2.8797845441744947,-2.8798551184936363,-2.8798980189496226,-2.8799431887957736,-2.879999534946394,-2.8800583729583376,-2.880162629276224,-2.8802045759756516,-2.8802104941671445,-2.88021142729938,-2.8802116366383634,-2.8802117170872656,-2.880211763874574,-2.8802117871809685,-2.8802118078643093,-2.8802118211052936,-2.8802118369979754,-2.880211849773909,-2.8802118562440047,-2.8802118612989043,-2.8802118705270225,-2.8802118787797975,-2.8802118836734247,-2.8802118838570934,-2.880211877590888,-2.8802119863221285,-2.8802120583307462,-2.8802121125636106,-2.8802121535753105,-2.880212181304524,-2.8802122003533848,-2.880212217347233,-2.880212222152169,-2.880212227739389]}