{"parameters":[[1000,-0.001,1.0e-8],[1000,-0.0001,1.0e-9]],"energies":[-3.27899033012451,-3.2789935181177112,-3.2789923409861332,-3.2789940781295153,-3.2789943917637165,-3.2789960655045736,-3.2789958145064984,-3.278996586842086,-3.2789972480362586,-3.2789968439441344,-3.2789998147787793,-3.2789980088665045,-3.2789995604502886,-3.278999393449766,-3.279000313604583,-3.279000773281112,-3.279000437039703,-3.2790002508337954,-3.2789999168961455,-3.279000037695047,-3.278999480157706]}