{"parameters":[[10000,-0.001,1.0e-8],[1000,-0.0001,1.0e-9]],"runtime":2170.263089557,"energies":[-2.8107067973371853,-2.8107801073419454,-2.8107958094307466,-2.810802066034202,-2.810805280675549,-2.810807031262259,-2.8108079748373087,-2.8108085743790094,-2.8108088956828254,-2.8108091577246133,-2.810809332064067,-2.8108094486006707,-2.8108094868861526,-2.810809578414264,-2.8108095861584177,-2.8108096251903216,-2.81080958085634,-2.8108095675169245,-2.8108095793421706,-2.810809560502654,-2.810809567528427,-2.8108096420327526,-2.810809638716635,-2.810809588759054,-2.8108096130140083,-2.81080963306573,-2.8108095260434203,-2.81080967044038,-2.810809557071491,-2.8108096120792454,-2.8108096573547843,-2.8108096471868196,-2.8108095977305503,-2.8108096751498275,-2.81080969038129,-2.8108096954187296,-2.8108097061397124,-2.8108096409734147,-2.8108096517642385,-2.8108096262809643,-2.810809546037007,-2.8108096312923285,-2.8108096324354856,-2.810809595657183,-2.8108096548042303,-2.810809641413419,-2.8108095712800214,-2.8108096515851035,-2.8108096128883346,-2.810809655769125,-2.8108096373986053,-2.8108096218222443,-2.8108096535730174,-2.8108098639137675,-2.8108098546164264,-2.8108098936882833,-2.8108099008827496,-2.810809950321431,-2.810809972295322,-2.810809944254668,-2.810810010723921]}