{"parameters":[[1000,-0.001,1.0e-8],[1000,-0.0001,1.0e-9]],"energies":[-3.247304193990327,-3.247303576358761,-3.2473044898433345,-3.2473045081019585,-3.2473049906670357,-3.2473057844978723,-3.2473061024814216,-3.247306884290807,-3.2473070029017883,-3.247306898994707,-3.247307366021897,-3.2473080502497673,-3.2473080240026184,-3.2473089226111425,-3.2473093457553563,-3.247310166035457,-3.2473091412614328,-3.2473094972982746,-3.2473090185998537,-3.247307556450396,-3.2473096037360403]}