{"parameters":[[1000,-0.001,1.0e-8],[1000,-0.0001,1.0e-9]],"energies":[-3.2562963373226315,-3.256296539543029,-3.2562981862192943,-3.256298367770035,-3.2562979868367723,-3.2562983058144708,-3.2562989469639594,-3.256299726406046,-3.2563002306012647,-3.2562999454025316,-3.2563010321534946,-3.256301317770091,-3.256302043181946,-3.256301504968618,-3.2563027152926884,-3.256301454155839,-3.256302711084053,-3.256303127052184,-3.2563017303732806,-3.256302633665175,-3.2563024923137016]}