{"parameters":[[1000,-0.001,1.0e-9],[1000,-0.0001,1.0e-9]],"energies":[-3.230281777852829,-3.2302810105394366,-3.2302808195460786,-3.2302807038943824,-3.230280655599964,-3.230280675549346,-3.230280587309682,-3.2302804588921505,-3.23028048802675,-3.230280474026988,-3.2302804023559077,-3.2302807476770283,-3.230281025151625,-3.2302811391635293,-3.2302813768513237,-3.2302814797118375,-3.230281578077534,-3.230281657382375,-3.2302818590490077,-3.230281737249726,-3.2302818859010207]}