{"parameters":[[10000,-0.001,1.0e-8],[1000,-0.0001,1.0e-9],[200,-1.0e-5,1.0e-9]],"runtime":4534.950466454,"energies":[-3.3733138412356043,-3.3738117511726395,-3.3740966983697493,-3.374328601341416,-3.374522110210746,-3.374684988896547,-3.37483076177652,-3.374953143185421,-3.375065007001838,-3.37516174993011,-3.375247357731592,-3.375324412109266,-3.3753947003016296,-3.3754564799273585,-3.375511204909054,-3.3755602973624934,-3.3756073676481475,-3.3756498697842985,-3.3756852258617784,-3.3757141241697006,-3.375748543594605,-3.375774379034659,-3.375801247568769,-3.3758242242286944,-3.3758466923875825,-3.3758625662726884,-3.3758839115431307,-3.3758998594388423,-3.375911252168925,-3.3759249231189234,-3.3759395038045596,-3.375951811356884,-3.375962687443989,-3.3759655740211576,-3.3759699940086785,-3.375988453708582,-3.3759964075534232,-3.3759972723502414,-3.3760079985095226,-3.3760181331791834,-3.376014891548496,-3.376027271205974,-3.376030167627769,-3.3760257403774507,-3.376032679958204,-3.3760411785013495,-3.376042837848621,-3.376042674831936,-3.376048255688458,-3.376047026242217,-3.3760521752704493,-3.3760551231624683,-3.3760567418142244,-3.3760558679648436,-3.3760635631218294,-3.3760585146339093,-3.3760655036927143,-3.3760586504681718,-3.3760690709436503,-3.3760604957004907,-3.376066778771238,-3.376065683254022,-3.3760692416695814,-3.3760719952346694,-3.3760685455581996,-3.3760740966606977,-3.3760694014890653,-3.376072098213011,-3.3760749754438755,-3.3760733802801846,-3.376076469571445,-3.376069484907323,-3.3760733981281983,-3.376074004658658,-3.376070617620883,-3.3760729533135225,-3.37607818001233,-3.3760791813886817,-3.3760784339528365,-3.376079704230563,-3.3760787351507795,-3.3760729602128725,-3.376077833138568,-3.376080280968934,-3.3760756104473013,-3.376082440335978,-3.3760792273386286,-3.3760826277502227,-3.3760749825094436,-3.3760807427983104,-3.376077993501382,-3.3760772997700688,-3.3760827541667773,-3.3760793799154047,-3.376082617778164,-3.3760739687218875,-3.376081365922641,-3.376084467347683,-3.376084796562448,-3.3760824145852797,-3.376080696825104,-3.3760856661416327,-3.3760802079226577,-3.3760815871025502,-3.3760783349849834,-3.376077286153873,-3.376084301377092,-3.3760844855575214,-3.3760842594210896,-3.376082827786018,-3.376082094402951,-3.3760831267313924,-3.376083813492541]}