{"parameters":[[2000,-0.001,1.0e-8],[1000,-0.0001,1.0e-9]],"runtime":7260.207461474,"energies":[-3.422511523751088,-3.4229951268975474,-3.4231829190614373,-3.4232860611880627,-3.4233475197268337,-3.4233855520126077,-3.4234069129417755,-3.423426530957936,-3.4234356937469146,-3.42344428261332,-3.4234481480686165,-3.4234551667304283,-3.4234572502711926,-3.423458356461321,-3.4234578803127196,-3.4234604620946327,-3.4234593983083994,-3.42345985674897,-3.423459477206503,-3.4234613633646283,-3.4234618164434623,-3.4234616786427767,-3.4234647333335593,-3.423463339470695,-3.423464587096225,-3.4234653329448235,-3.423460064270831,-3.423463827303935,-3.4234646027934663,-3.423464898069183,-3.4234663118577764]}