{"parameters":[[5000,-0.001,1.0e-8],[2000,-0.0001,1.0e-9]],"runtime":12245.794016395,"energies":[-3.2208270861450434,-3.2212580117652525,-3.221435971006895,-3.2215458451639143,-3.221617913177631,-3.2216676686191095,-3.2217070327099138,-3.221730439257945,-3.221760563522812,-3.221769988524727,-3.221787099840702,-3.221796778626964,-3.2218085499899938,-3.2218125119371055,-3.221819615998907,-3.2218324966729535,-3.221831783179506,-3.221837607255981,-3.2218407581504285,-3.22185477452933,-3.221843819232787,-3.2218491438060544,-3.221852325491674,-3.221843034936304,-3.2218597902099777,-3.2218655245992336,-3.2218682346390732,-3.2218582791530412,-3.221868578258038,-3.2218725164961546,-3.221867057697172,-3.2218640340375972,-3.2218705718401233,-3.2218714788458462,-3.2218732199883062,-3.221875239250835,-3.2218708034355266,-3.2218762018839513,-3.22187077644296,-3.2218780251633263,-3.221875771156708,-3.221881246114449,-3.22187276585538,-3.2218754450732088,-3.2218674104105993,-3.221873723939757,-3.221867138867838,-3.221867249414597,-3.221872443327565,-3.221870055554601,-3.2218595850886693,-3.2218636178013504,-3.2218659357950727,-3.2218600025667805,-3.221869845111157,-3.221867578088404,-3.221868479639129,-3.221867017068858,-3.2218638695135624,-3.2218631573086984,-3.2218633854610017,-3.2218650857304425,-3.2218669402279776,-3.221864363037362,-3.2218646771821624,-3.2218699289892285,-3.2218661797854375,-3.2218625498081304,-3.2218668635198586,-3.221864882148852,-3.2218685267951725]}