{"parameters":[[10000,-0.001,1.0e-8],[1000,-0.0001,1.0e-9]],"runtime":2078.090333581,"energies":[-2.5311022196440147,-2.1449633319257373,-2.372985460330934,-2.5068991584694627,-2.525055833279824,-2.5310954973337028,-2.5316205815423762,-2.5335702763390335,-2.534106800226536,-2.5342333668040324,-2.534334792959271,-2.5343163012605956,-2.534325671725922,-2.5343221083425247,-2.5343242221911413,-2.5343256246145898,-2.5343243022978044,-2.5343244690714246,-2.5343246417836536,-2.5343254044933494,-2.534324872296356,-2.5343245477141396,-2.5343249709620803,-2.5343190358916363,-2.5343237359867157,-1.9102657753810295,-2.2749326157675025,-2.444397235438145,-2.506979149145784,-2.5276868372781394,-2.5344415476783264,-2.536689777495689,-2.5374539459902143,-2.537717735294751,-2.537809793851524,-2.5378420584380277,-2.537853348659326,-2.5378572401290294,-2.5378585868738592,-2.5378590149390945,-2.53785914133414,-2.537859172392756,-2.537859175442574,-2.5378591744485,-2.537859157115669,-2.5378591619565647,-2.5378591600380758,-2.537859155684457,-2.537859155330478,-2.5378591484640793,-2.537859150080224,-2.537859210521243,-2.5378592366875807,-2.5378592837618283,-2.5378592997993543,-2.537859309603965,-2.5378593403126626,-2.5378593465973194,-2.537859353339007,-2.5378593491357018]}