{"parameters":[[1000,-0.001,1.0e-8],[1000,-0.0001,1.0e-9]],"energies":[-3.25630185392221,-3.256300999748088,-3.256300642323797,-3.256301159539237,-3.2563007111220474,-3.2562995945109865,-3.2563008992398457,-3.2563016705582197,-3.256301915719079,-3.2563015269615936,-3.2563008495366708,-3.2563010429494934,-3.256302326823266,-3.2563030258963677,-3.2563033472850322,-3.25630340857954,-3.2563039600607944,-3.256303703505031,-3.2563041891952142,-3.2563043085120356,-3.256302996189064]}