{"parameters":[[2000,-0.001,1.0e-8],[1000,-0.0001,1.0e-9],[200,-1.0e-5,1.0e-9]],"runtime":5367.056298109,"energies":[-3.2655515014893,-3.266110156060233,-3.266350599222237,-3.266492862943399,-3.26658519881494,-3.2666465484488167,-3.2666917235468937,-3.2667290587006104,-3.2667539061952895,-3.266773691172793,-3.2667924480360964,-3.2668041673211086,-3.266816178653802,-3.266825107725941,-3.2668348418313644,-3.2668409462015235,-3.266849580467299,-3.2668545840225742,-3.2668621772117854,-3.2668666581003634,-3.266870284218978,-3.266871742426652,-3.26687090039352,-3.266874749652514,-3.266876462051876,-3.2668747764503627,-3.2668760470119733,-3.2668757430145394,-3.266876627167097,-3.266877928446747,-3.266877413141479,-3.266879433786895,-3.2668783841893325]}