{"parameters":[[5000,-0.001,1.0e-8],[1000,-0.0001,1.0e-9]],"energies":[-3.2483040296837764,-3.248302878348351,-3.248302446748731,-3.248302291500261,-3.248302243190647,-3.248302402341922,-3.2483025011768834,-3.2483025610147704,-3.2483027269810156,-3.2483028164371084,-3.248302777297931,-3.248302763750152,-3.248302749631302,-3.248302729920125,-3.2483027208557544,-3.248302872537517,-3.248303055702476,-3.248303206758722,-3.2483033673347417,-3.2483036514934223,-3.2483036996152963,-3.2483040480157728,-3.2483041503535626,-3.248304139574139,-3.2483040344659235,-3.248303945120107,-3.2483039169115164,-3.248303763520249,-3.248303756414784,-3.2483037898578155,-3.248304010424048,-3.248304168167327,-3.2483042845946484,-3.2483042280196446,-3.2483041050785113,-3.2483042147449983,-3.248304308462015,-3.2483043779237177,-3.248304355185944,-3.248304266725827,-3.2483042019474673,-3.2483041943265736,-3.2483041938597372,-3.248304301481365,-3.248304397932417,-3.2483045693307764,-3.2483051835322674,-3.2483059984230485,-3.248306457769634,-3.2483066936288747,-3.2483068947259905,-3.2483072345054227,-3.2483074479371505,-3.2483076500048096,-3.248307945025505,-3.2483080963372197,-3.2483082092107667,-3.2483083174328087,-3.248308354133773,-3.2483084934934654,-3.248308526787178]}