{"parameters":[[1000,-0.001,1.0e-8],[1000,-0.0001,1.0e-9]],"energies":[-3.2473109045492095,-3.2473094938571982,-3.247309217844001,-3.247309580546512,-3.247309428311021,-3.2473093969976965,-3.247309616316492,-3.2473088235214584,-3.247308147883546,-3.2473090595345315,-3.2473097227585312,-3.2473100568895967,-3.24731029880395,-3.2473106557428126,-3.247309234237346,-3.247311220197607,-3.247311118357854,-3.247311498266476,-3.2473110558079448,-3.2473104844669143,-3.2473110546264343]}