{"parameters":[[1000,-0.001,1.0e-9],[1000,-0.0001,1.0e-9]],"runtime":7769.019424797,"energies":[-3.267064765916621,-3.267056669523779,-3.2670555981460447,-3.2670549965063875,-3.2670559378291903,-3.267057100489244,-3.2670563458761643,-3.267056375123443,-3.267057648791407,-3.267058372620716,-3.267061351455915,-3.2670559695324957,-3.267056796160777,-3.2670608316262135,-3.2670581243253713,-3.267060245052596,-3.2670608653363966,-3.267060720267889,-3.267057757991336,-3.26705982466744,-3.267060861313498]}