{"parameters":[[10000,-0.001,1.0e-8],[1000,-0.0001,1.0e-9],[200,-1.0e-5,1.0e-9]],"runtime":4177.082969199,"energies":[-3.197432836085942,-3.1978346550476036,-3.1980588561376413,-3.1982248873546486,-3.1983489188074454,-3.198446974047629,-3.198527091184863,-3.1985861560404385,-3.1986388373009813,-3.1986804205962143,-3.1987100481885915,-3.1987417974243777,-3.1987625768502976,-3.1987835218946996,-3.1987998768014383,-3.1988133549138964,-3.198822092899067,-3.1988309303693194,-3.1988408997003375,-3.198852839621902,-3.1988576937149724,-3.198862585853042,-3.1988687480365847,-3.1988731758649886,-3.198868693017792,-3.1988771785418493,-3.1988800780175004,-3.19888306131473,-3.19888869890459,-3.198886442033332,-3.198889832783621,-3.198888663571501,-3.198893650181914,-3.1988925755101056,-3.1988941108935935,-3.19889049548133,-3.198896698787474,-3.198897373993098,-3.1988977027381473,-3.1988984262663256,-3.198895985559448,-3.198896641446831,-3.1989002086561515,-3.1988993345868475,-3.1989016729928452,-3.1989036718949078,-3.1989004180745737,-3.1988978242961377,-3.198900637108912,-3.1989006938746583,-3.1989024024674646,-3.1989000846934355,-3.198903849251222,-3.198902298821694,-3.198899242856215,-3.1989013896824297,-3.198901671918359,-3.19890493553383,-3.1989023830655654,-3.1989042518830617,-3.1989010619040683,-3.1989011732117074,-3.1989051706191596,-3.1989047135296853,-3.198899548360108,-3.1989030612196108,-3.1989022475116564,-3.1989034847777793,-3.198904335023247,-3.1989039363251592,-3.19890401592254,-3.1989045598138555,-3.198903176183679,-3.1989040712389225,-3.198904120620846,-3.198904837986446,-3.1989010485149696,-3.198903246572471,-3.198904994167293,-3.1989057079344967,-3.1989058245025106,-3.1989069760459725,-3.1989040317802857,-3.1989040298623883,-3.1989040109212143,-3.198903338019767,-3.198902970720993,-3.1989031975327227,-3.1989016249058615,-3.198904311847175,-3.198902190317684,-3.198905046341763,-3.1989070729570717,-3.198905518246559,-3.198906962597963,-3.1989032870853933,-3.1989041154901483,-3.198903681100144,-3.198906653864869,-3.198905947687528,-3.198903293366873,-3.198902259748312,-3.1989060147829984,-3.198904842090574,-3.1989061265506438,-3.198903109202105,-3.1989014759650116,-3.19890402539367,-3.1989052806550684,-3.1989063002230154,-3.1989009317834616,-3.1989047293295774,-3.1989053331354245]}