{"parameters":[[1000,-0.001,1.0e-9],[1000,-0.0001,1.0e-9]],"energies":[-3.275633430602503,-3.2756321090568266,-3.275631295934887,-3.27563128928209,-3.27563101580575,-3.2756319024263605,-3.2756324619327923,-3.275632894633103,-3.275633543307304,-3.2756335935472385,-3.2756338994263166,-3.27563421752172,-3.2756345632971553,-3.2756348573070158,-3.2756350993293033,-3.275635567915335,-3.2756356498681134,-3.2756357548342687,-3.275635784324274,-3.275636055688458,-3.2756361023020917]}