{"parameters":[[5000,-0.001,1.0e-8],[2000,-0.0001,1.0e-9]],"runtime":3123.013648355,"energies":[-3.2930093789466,-3.2930082397762575,-3.2930077797475032,-3.2930091313897956,-3.2930090621143964,-3.293010017930631,-3.293008894126451,-3.293010094738709,-3.293009446740908,-3.2930087676198507,-3.2930097359355206,-3.2930089684118946,-3.2930094296055428,-3.2930097163181853,-3.293010147322601,-3.293009443020187,-3.2930093135112037,-3.2930106968123316,-3.293010888762847,-3.293011041884588,-3.293010450721689,-3.293010331004558,-3.2930116199437647,-3.2930113218793617,-3.293011164626643,-3.293010855178484,-3.2930113756484927,-3.2930113075797847,-3.2930109192374997,-3.293011696478879,-3.2930122182663712,-3.2930121369881733,-3.2930121754392,-3.293011524263048,-3.2930120409039114,-3.293011820856956,-3.2930118742494368,-3.293013212346369,-3.2930123086567598,-3.293012589099355,-3.2930129157249466,-3.293011871726555,-3.293012368421932,-3.2930133578433285,-3.293012243869878,-3.293012353726129,-3.29301294905642,-3.2930130443985544,-3.2930133942228776,-3.2930130867166785,-3.293013177853311,-3.293012786098388,-3.2930140766405005,-3.2930140130438414,-3.293013529773361,-3.293014558036037,-3.2930141811291485,-3.2930158025831924,-3.293014077649585,-3.2930153884756868,-3.293013569673904,-3.293014576886656,-3.293014892502182,-3.293015027093749,-3.2930156860355604,-3.293015563207721,-3.2930140162457247,-3.2930144682298037,-3.2930138525159203,-3.2930145768184484,-3.293014562936295]}