{"parameters":[[10000,-0.001,1.0e-8],[1000,-0.0001,1.0e-9]],"runtime":24407.120764061,"energies":[-3.2631193265246394,-3.263582628904824,-3.263860326408557,-3.2640759144687244,-3.264250468109404,-3.264393407015824,-3.26451232360493,-3.2646120471771325,-3.2646963237427298,-3.2647682698035188,-3.2648302306661074,-3.2648836280996454,-3.264930300930818,-3.264970253973891,-3.2650060955952416,-3.2650378781775715,-3.2650648414190897,-3.265089679332171,-3.2651115696030457,-3.265131239472451,-3.265148634996319,-3.2651650077105794,-3.265179098444495,-3.2651915126880757,-3.2652035711964897,-3.2652144182808795,-3.265223959718662,-3.265232399285556,-3.2652406140469803,-3.2652479563885435,-3.265254767217192,-3.2652617482125414,-3.2652671899027355,-3.2652724001962747,-3.265277203570052,-3.2652819165467744,-3.265285374239683,-3.2652900788047554,-3.2652937125557417,-3.265296882170899,-3.2653001336890726,-3.2653027840576674,-3.2653054014667022,-3.265307882768932,-3.2653106334282334,-3.2653132640113296,-3.26531545053595,-3.2653166614938978,-3.2653191360464024,-3.2653204449992246,-3.2653218960387864,-3.265323921881592,-3.2653251999472697,-3.2653261236970343,-3.2653277048449754,-3.2653292734769765,-3.265330860649453,-3.265331168100422,-3.265332852211432,-3.2653334547455977,-3.265334756994752,-3.265335203729069,-3.2653358020549397,-3.265336333764956,-3.2653375514258345,-3.265338453458208,-3.2653388677942905,-3.265340534010898,-3.2653405237966364,-3.2653405426247355,-3.2653414143795145,-3.2653417295563445,-3.265342931205452,-3.2653431125728725,-3.2653431637516976,-3.2653442948933002,-3.2653442603766574,-3.265343950449024,-3.2653451437162064,-3.265346012605312,-3.2653461067514478,-3.2653459518666117,-3.2653464408992194,-3.265346350748745,-3.265347784144384,-3.265347639690566,-3.2653476339839287,-3.2653481734267644,-3.265348422884709,-3.26534812177999,-3.2653484972739326,-3.2653487589858043,-3.265348970980583,-3.265349215510214,-3.265349611424976,-3.2653496057869598,-3.2653501169102235,-3.2653498317661196,-3.265350982348192,-3.2653509346793284,-3.26535032839097,-3.2653511607245758,-3.2653512390007013,-3.2653508188817058,-3.265352285496199,-3.2653513786908888,-3.2653518678876803,-3.265352225663331,-3.2653523140407703,-3.2653523210152064,-3.26535280809809]}