{"parameters":[[1000,-0.001,1.0e-8],[1000,-0.0001,1.0e-9]],"energies":[-3.269884961142617,-3.269884721035676,-3.269886328769143,-3.26988541996504,-3.2698868532090914,-3.269886217703384,-3.2698865049766894,-3.2698878848191795,-3.2698876088989084,-3.2698877860462714,-3.269887330686616,-3.269887496017065,-3.26988909759126,-3.2698887653149797,-3.2698876528425216,-3.269889108202199,-3.2698879496554873,-3.2698898799834017,-3.269889740572675,-3.2698894737058746,-3.269890142773603]}