{"parameters":[[1000,-0.001,1.0e-8],[1000,-0.0001,1.0e-9]],"energies":[-3.283592666041192,-3.283591255048254,-3.2835926644172013,-3.2835916652021435,-3.283591698047914,-3.283592781613565,-3.2835927685211135,-3.2835924337361133,-3.2835932416705815,-3.283592510758469,-3.283594075968117,-3.283593350595588,-3.283594507475911,-3.2835947326254407,-3.283594398956865,-3.2835953711197856,-3.2835946874907664,-3.2835951964484216,-3.2835947850060396,-3.283594444855102,-3.2835948875848877]}