{"parameters":[[1000,-0.001,1.0e-8],[1000,-0.0001,1.0e-9]],"energies":[-3.265339297459212,-3.265339366435879,-3.265340077429692,-3.265341925308839,-3.265340259976756,-3.265342461297468,-3.2653428755004787,-3.265344095288257,-3.2653438667919863,-3.2653426228850746,-3.265344990478521,-3.265344315335893,-3.2653452843878954,-3.2653454856995423,-3.2653468409142046,-3.2653465931427434,-3.2653456196455313,-3.265345954468876,-3.2653451328757903,-3.2653472091066624,-3.2653465708379463]}