{"parameters":[[10000,-0.001,1.0e-8],[1000,-0.0001,1.0e-9]],"runtime":3346.298137112,"energies":[-3.029178661751451,-3.029386865711013,-3.0294731641786257,-3.0295257854082998,-3.0295540896417,-3.0295811025382897,-3.029594176397585,-3.0296058135672688,-3.029613006257545,-3.029616271501595,-3.0296207626183764,-3.0296228840978623,-3.0296229929998884,-3.0296270933519818,-3.0296278841961275,-3.029626312872157,-3.0296271069925895,-3.0296289439727246,-3.029630646037975,-3.0296286453407495,-3.0296289540814136,-3.0296296457175673,-3.0296293495217643,-3.0296296919576338,-3.0296314809297153,-3.029631424104658,-3.0296303375082068,-3.0296291337826515,-3.0296290363705287,-3.0296287219960907,-3.029630566362539,-3.029631298171343,-3.0296317053632817,-3.0296311677209777,-3.0296326644847973,-3.029631232361673,-3.029631568400853,-3.0296329059839806,-3.0296321284180445,-3.029629831360121,-3.0296306784389078,-3.029632148705163,-3.029632004577647,-3.029631622172968,-3.0296290882252133,-3.0296321208195844,-3.029631144542719,-3.0296303328038396,-3.0296303694921143,-3.0296300787576245,-3.029631280898542,-3.0296280430187004,-3.02962970172379,-3.029629436042164,-3.0296320014182037,-3.029629996122462,-3.0296286252310027,-3.029631849412576,-3.0296324390550398,-3.0296311849495456,-3.029630813413834,-3.0296318124527195,-3.029630210491329,-3.0296316335424143,-3.0296325777611637,-3.0296313353278177,-3.0296324633575473,-3.0296315537701783,-3.0296284857653015,-3.029631891488606,-3.02963204473057,-3.02963172737664,-3.0296313328031426,-3.029630647196843,-3.0296309933996133,-3.0296308575114272,-3.029629890417488,-3.029628906283101,-3.0296303644969305,-3.029631593716738,-3.0296321127893426,-3.029629910156001,-3.029631641947414,-3.029629894143599,-3.0296309130479178,-3.029632379088894,-3.02963150803402,-3.0296312865229598,-3.029629182511327,-3.029630924167517,-3.029630971320822,-3.029629611353296,-3.0296316498614266,-3.0296328156283083,-3.029631034281377,-3.0296318213588678,-3.0296305139025024,-3.029631467498232,-3.0296305307410183,-3.0296279563646555,-3.0296306444826913,-3.0296331810286175,-3.0296318846662937,-3.0296309996583,-3.0296312408532104,-3.0296296042401156,-3.0296314347097852,-3.0296325143232155,-3.029632633831322,-3.02962682543445,-3.0296301946172965]}