{"parameters":[[5000,-0.001,1.0e-8],[2000,-0.0001,1.0e-9]],"runtime":12194.030900648,"energies":[-3.3022031930053015,-3.302845701381406,-3.303113763751192,-3.3032754316601225,-3.303374749338139,-3.3034421767854534,-3.3034851930013094,-3.303518334251346,-3.303539571351129,-3.3035580175367625,-3.303577230939731,-3.303582795219385,-3.3035917826217402,-3.303604778452357,-3.303609032102073,-3.3036182110738137,-3.3036205803117307,-3.303621325197091,-3.303628401261551,-3.3036316555303253,-3.3036360050491522,-3.303633476958503,-3.3036366142047453,-3.303641712268833,-3.303644130647554,-3.3036448949818777,-3.3036486112094066,-3.3036498954053197,-3.3036437812872346,-3.3036508328840455,-3.3036505433543386,-3.303647825832524,-3.303654719385741,-3.3036588513765395,-3.3036574962588685,-3.303657026928664,-3.303655690759825,-3.3036536672495798,-3.303659867661872,-3.303656707109389,-3.3036588912406826,-3.303659399056684,-3.3036607959302113,-3.303664436225815,-3.3036610632543697,-3.3036627842019293,-3.3036591483866395,-3.3036651293569546,-3.3036663065818113,-3.3036700618773636,-3.303667431178698,-3.303667034817847,-3.3036664037974397,-3.3036646253700654,-3.3036708548618097,-3.3036648681245997,-3.3036705258003876,-3.3036678273901305,-3.3036659071183494,-3.3036638392493103,-3.3036716943855273,-3.303669271613479,-3.3036684978760125,-3.3036719785954647,-3.3036717334108845,-3.303670658819132,-3.303666277324786,-3.3036717968478264,-3.303667496721456,-3.303671771325778,-3.303665774731214]}