{"parameters":[[5000,-0.001,1.0e-8],[2000,-0.0001,1.0e-9]],"energies":[-3.320435463255503,-3.3204338418744674,-3.320433449857874,-3.320433331803065,-3.3204332793003144,-3.3204332459524286,-3.3204332251160067,-3.3204332131181182,-3.3204332046698912,-3.3204331968991783,-3.3204331894291057,-3.3204331825225974,-3.320433176238878,-3.320433170449559,-3.3204331650251744,-3.3204331710439963,-3.320433690197223,-3.320434074838616,-3.320434363756119,-3.3204345847005223,-3.3204347572090542,-3.3204348948135456,-3.3204350067690873,-3.320435099464488,-3.320435177248657,-3.3204352432589888,-3.320435299680596,-3.3204353481256343,-3.3204353898495826,-3.320435425706263,-3.3204354565214187,-3.3204354829039526,-3.320435505351938,-3.3204355243335115,-3.3204355402518297]}