{"parameters":[[1000,-0.001,1.0e-8],[1000,-0.0001,1.0e-9]],"energies":[-3.3111931006355024,-3.311191816801028,-3.3111918474020725,-3.3111926825302938,-3.311193256830733,-3.3111923407082475,-3.311194016611834,-3.3111937074418942,-3.3111945205193773,-3.3111939664190606,-3.3111931743795116,-3.3111954997755237,-3.311196242330432,-3.311196443836649,-3.3111970512347564,-3.311196475707381,-3.311196292681949,-3.3111966982225685,-3.311196855522028,-3.311197540636357,-3.311197421187333]}