{"parameters":[[2000,-0.001,1.0e-8],[1000,-0.0001,1.0e-9],[200,-1.0e-5,1.0e-9]],"runtime":4368.847981717,"energies":[-3.1099943527626683,-3.1102058686349787,-3.110297671789355,-3.1103513631384945,-3.1103867664570197,-3.110409059016774,-3.110425693770324,-3.110437051705107,-3.110445731089129,-3.11045068726056,-3.1104563753652705,-3.1104605069494227,-3.1104621926028835,-3.110465808968982,-3.110466390311266,-3.1104672496287735,-3.1104672847374855,-3.110469699741982,-3.1104692879765024,-3.1104684348653997,-3.1104708086612307,-3.110470555830157,-3.1104697210302317,-3.1104714049967273,-3.11047077550497,-3.1104700906988727,-3.1104713800933377,-3.110472062030952,-3.1104716118674567,-3.110470965616398,-3.1104725829135247,-3.1104720807395743,-3.11047106246714]}