{"parameters":[[10000,-0.001,1.0e-8],[1000,-0.0001,1.0e-9]],"runtime":5356.482977481,"energies":[-3.317483367733898,-3.3180052314605635,-3.318320788402171,-3.318572733477769,-3.3187866594681816,-3.3189641789196176,-3.3191165041045605,-3.319251549372611,-3.319362019030343,-3.3194628556410346,-3.3195492047479087,-3.319632142573368,-3.3197022016972655,-3.3197668649999925,-3.3198235719872033,-3.3198818196246536,-3.3199254518629293,-3.319968888509859,-3.320004752707423,-3.320040775466067,-3.320074112700672,-3.3201077602427183,-3.32013653513305,-3.3201621082034465,-3.320185298628415,-3.3202087165591405,-3.3202279264319956,-3.320248635511856,-3.3202704898644546,-3.320285480033478,-3.320298130790867,-3.3203152872035773,-3.320325816305962,-3.320340819928818,-3.320352037014476,-3.320365377270282,-3.3203805931043124,-3.320392546697668,-3.3203961202244554,-3.320405435197994,-3.320412877614924,-3.3204209039807977,-3.3204305168707466,-3.3204412573634072,-3.3204526225201545,-3.3204542277731086,-3.3204630711077625,-3.3204673241459894,-3.320478143964335,-3.320481114798393,-3.3204823284055456,-3.3204857435208535,-3.320498100023421,-3.3204940958639715,-3.3205065802007447,-3.3205160052331206,-3.3205052660950556,-3.3205176738082525,-3.3205244671297685,-3.320528784366286,-3.3205253134466446,-3.3205343092288717,-3.3205317856554957,-3.3205374809037327,-3.3205403900614456,-3.320548479224651,-3.3205468273276595,-3.320550868222422,-3.3205524368016253,-3.320549527148184,-3.320563291912314,-3.3205612594798506,-3.3205600688730206,-3.3205622183109815,-3.3205680960768684,-3.320566976595469,-3.3205660871864353,-3.320570771658681,-3.3205716079059315,-3.3205771648761044,-3.320572235327733,-3.3205855844121204,-3.320583350594647,-3.3205843193656075,-3.3205868243493573,-3.320580677211216,-3.3205869758153317,-3.3205899187525842,-3.3205890253885286,-3.320594347790914,-3.3205946047755575,-3.3205960073319294,-3.320596969534374,-3.320599075882562,-3.320597586752114,-3.3205953726272965,-3.320596086329072,-3.3205973136044644,-3.3206022281243666,-3.3205970946409504,-3.3206020542454877,-3.3205992596809866,-3.32060401396073,-3.3206029955968024,-3.3206039677123504,-3.3205988983520456,-3.320600221634169,-3.3206020107380243,-3.320606532617721,-3.3206034310940336,-3.3206040998551876]}