{"parameters":[[5000,-0.001,1.0e-8],[2000,-0.0001,1.0e-9]],"energies":[-3.274439577054869,-3.2744409693096403,-3.2744408099623326,-3.2744407431014477,-3.2744400381098657,-3.274442224440655,-3.2744431807099623,-3.2744421540034327,-3.2744421113056417,-3.2744430029040146,-3.2744409185380885,-3.274442956092428,-3.2744428630647624,-3.2744433142221983,-3.274443300973147,-3.274444578830277,-3.2744449472981536,-3.2744455670761337,-3.2744454374029726,-3.2744448792832985,-3.2744459942871793,-3.2744459829375803,-3.2744458742205405,-3.274447226250533,-3.2744468124482307,-3.274446474731564,-3.274447197635313,-3.274447149555368,-3.2744482810268716,-3.274447803269184,-3.27444712729067,-3.2744478419604253,-3.2744475210907673,-3.274446771267357,-3.2744487308600596,-3.274448270724633,-3.274446011896811,-3.274448259506151,-3.274447352439984,-3.274448876217133,-3.2744477678966217,-3.2744492024086074,-3.2744488526956856,-3.2744480797271285,-3.274449493589332,-3.2744488680746597,-3.2744493285192133,-3.2744487362650188,-3.2744507842645225,-3.2744493089557576,-3.274447992064281,-3.2744502405962708,-3.2744507914406786,-3.2744500374764693,-3.2744503916104435,-3.274450006193426,-3.274449741653706,-3.2744507153747775,-3.27445088297588,-3.2744506791915873,-3.274449613906725,-3.2744510579803214,-3.2744511720589333,-3.274449943691004,-3.2744503633915487,-3.274451361360639,-3.2744501190276516,-3.27445072311074,-3.27444990257276,-3.2744498135263274,-3.2744504161478876]}