{"parameters":[[10000,-0.001,1.0e-8],[1000,-0.0001,1.0e-9],[200,-1.0e-5,1.0e-9]],"runtime":4528.577738592,"energies":[-3.2330886988018928,-3.2335356618122795,-3.2337978224132815,-3.233993455515301,-3.2341520581647973,-3.234273800651331,-3.2343754210434548,-3.2344618163999694,-3.234528403607929,-3.234590113244373,-3.2346420837096304,-3.2346793597747197,-3.2347190371297145,-3.234746267958999,-3.2347760889550576,-3.2347957168340757,-3.2348165829847453,-3.2348362182335895,-3.234847530718891,-3.2348634410186197,-3.2348783960014793,-3.2348874302340818,-3.2348962685389666,-3.2349034765354867,-3.2349134421275796,-3.234921746229813,-3.2349287163562432,-3.234932640314149,-3.2349355737193424,-3.2349394676399146,-3.2349412659500487,-3.2349507517695466,-3.234954107181696,-3.2349546545618035,-3.2349578219276753,-3.2349591674992015,-3.2349616032231765,-3.2349587126908554,-3.2349706659489708,-3.234969365204082,-3.234966474280095,-3.2349754632330576,-3.234974978535467,-3.2349797936745723,-3.234980127372316,-3.234975201546784,-3.234973823750793,-3.2349795633026672,-3.2349806076089855,-3.234972324338071,-3.2349805645652547,-3.2349840090274036,-3.234982350564498,-3.2349832796526257,-3.2349835203336315,-3.234983788642088,-3.234982348122779,-3.2349811776412594,-3.2349821326693147,-3.2349901244729127,-3.234987496899279,-3.2349803385553804,-3.2349863859128947,-3.23498232478344,-3.234986464141667,-3.2349866487719154,-3.2349870995289707,-3.2349858786952947,-3.234989084536983,-3.2349892863382594,-3.2349842959755426,-3.2349908730399144,-3.234989068924634,-3.2349938977386943,-3.2349857118960847,-3.2349931018065097,-3.23498809150399,-3.2349900642377065,-3.2349927043198363,-3.23498887625963,-3.2349928961002963,-3.2349923839091335,-3.234986340081099,-3.2349924355123534,-3.234990696368678,-3.2349919878140323,-3.23499008216436,-3.234991063547469,-3.2349861278879835,-3.234990551291692,-3.2349915892059684,-3.234992146591371,-3.234987093038274,-3.2349880707104117,-3.2349883435111737,-3.2349939057702506,-3.2349889667384617,-3.2349872577467487,-3.234993213593686,-3.2349940443679817,-3.2349909574482902,-3.2349901400335193,-3.234994449950514,-3.2349922698665923,-3.234992859876254,-3.2349934034396224,-3.2349900631149793,-3.234993682492091,-3.2349933942463918,-3.234989513929788,-3.234993592177449,-3.2349906624731943,-3.2349894511039667]}