{"parameters":[[5000,-0.001,1.0e-8],[2000,-0.0001,1.0e-9]],"energies":[-3.3296587030475617,-3.329657835405531,-3.329657895358588,-3.32965805638507,-3.329658166864323,-3.3296582269904507,-3.3296582656483737,-3.3296582826127814,-3.3296582973930953,-3.3296583060094043,-3.3296583045478383,-3.329658301504592,-3.3296583014488994,-3.329658305998449,-3.3296583087951666,-3.329658314618259,-3.329658833358871,-3.3296592210580744,-3.3296595168686824,-3.329659743596256,-3.329659919017684,-3.3296600578381486,-3.329660177214734,-3.329660270266293,-3.329660344353125,-3.329660423717645,-3.329660480918669,-3.3296605296466595,-3.3296605698221065,-3.329660612440035,-3.329660641033293,-3.32966066121658,-3.32966069854428,-3.329660712576646,-3.329660728064976]}