{"parameters":[[10000,-0.001,1.0e-8],[1000,-0.0001,1.0e-9]],"runtime":4016.816503331,"energies":[-3.2856124703466842,-3.2861281908295332,-3.286441139977713,-3.2866852646370486,-3.2868778710386226,-3.287047698341819,-3.287172279848472,-3.2873044625915897,-3.287415508759065,-3.2874942367868867,-3.287585043289413,-3.2876495458696273,-3.2877037881391216,-3.287745359755262,-3.2878051588903254,-3.2878403115023525,-3.287892975395754,-3.2879262838104926,-3.287958676415801,-3.287979087530575,-3.2880170204217367,-3.2880224974719336,-3.2880522547797293,-3.2880584473502124,-3.28808225393724,-3.2881030354708614,-3.288131684794551,-3.2881392328678443,-3.2881520005035574,-3.2881764053533113,-3.2881705012643376,-3.288185177075386,-3.2882003480759057,-3.2882043562797687,-3.28820695971166,-3.2882019743142896,-3.2882300537105897,-3.288232513551846,-3.288247889795742,-3.2882586735107155,-3.288266424724571,-3.2882814533255478,-3.288270830436977,-3.2882729678593847,-3.2882784337883146,-3.288286319890457,-3.2882809719205417,-3.2882937564062864,-3.288306469102879,-3.288299034208288,-3.2883196483767945,-3.288299968231823,-3.2882979661064677,-3.2883118406409952,-3.288317577601357,-3.2883044766996927,-3.288334341748146,-3.2883289532113142,-3.2883284068375325,-3.2883311601057215,-3.2883414929361985,-3.2883413801540353,-3.2883340530553804,-3.288330854166874,-3.2883450485686083,-3.2883389681461814,-3.2883375879655654,-3.288339369550902,-3.288345834947069,-3.288361994931027,-3.288363675408323,-3.288361313121658,-3.2883589208172554,-3.2883666578238078,-3.2883621537226535,-3.2883614985425726,-3.2883596704617224,-3.2883713955348837,-3.2883656631660303,-3.2883717044729677,-3.288377839173466,-3.288370023098542,-3.2883794394738755,-3.288374500603904,-3.288361350977744,-3.2883811640256346,-3.2883754982529907,-3.2883702948328297,-3.2883746513320027,-3.2883713639900636,-3.288374062894645,-3.2883816492424174,-3.2883875806538,-3.2883745871656807,-3.2883735551677242,-3.2883571938540834,-3.288382305374092,-3.288388672989365,-3.28838605526306,-3.288398859705762,-3.2883762627174375,-3.28840653034365,-3.288386253393739,-3.2883974054994276,-3.288374866849159,-3.2883854065228735,-3.2883900830447335,-3.288374065163456,-3.288385240015516,-3.288384627147547,-3.2883858185359482]}