{"parameters":[[5000,-0.001,1.0e-8],[1000,-0.0001,1.0e-9]],"energies":[-3.320418283190183,-3.320418785454023,-3.3204183653916237,-3.3204184994329293,-3.320419110552041,-3.320418950210346,-3.320419611566427,-3.320419683381771,-3.320420718431051,-3.3204210491419444,-3.320418767917325,-3.3204203883067196,-3.320419332803985,-3.3204209146362906,-3.3204212305549388,-3.3204199667914436,-3.3204223804042847,-3.32042139329291,-3.320421264515206,-3.3204214311206743,-3.32042276654824,-3.3204222223425495,-3.320423066797301,-3.3204229901994897,-3.3204237708746116,-3.320422014006286,-3.320422027727956,-3.3204232197385766,-3.320423341799118,-3.3204236315033446,-3.3204245152221734,-3.320424820856698,-3.32042448945736,-3.32042363893515,-3.320423676526672,-3.320424962315891,-3.320423158715514,-3.320423118800549,-3.3204250481975053,-3.320425087483894,-3.3204256427956205,-3.320425244658682,-3.3204260031200583,-3.3204248622628603,-3.3204261804448816,-3.3204260620070687,-3.3204264023218286,-3.3204253066589398,-3.3204256956166875,-3.3204266834931104,-3.3204259377727405,-3.3204269641211055,-3.320426739613917,-3.3204277898749543,-3.320426477067657,-3.320426169850618,-3.320427201280066,-3.3204276615800006,-3.3204280231474845,-3.320427027348487,-3.320427849626006]}