{"parameters":[[1000,-0.001,1.0e-8],[1000,-0.0001,1.0e-9]],"energies":[-3.2473096492983915,-3.247309001546909,-3.2473087411492774,-3.247308563874591,-3.2473086713296597,-3.2473081060352764,-3.2473083164415613,-3.2473089157264385,-3.2473080076534666,-3.2473087400816234,-3.247308772079178,-3.2473093382011466,-3.2473093160877005,-3.247310237725576,-3.247309858990346,-3.2473101304372824,-3.2473098735427293,-3.2473106980739344,-3.2473104338646817,-3.247309794966264,-3.2473112160687045]}