{"parameters":[[2000,-0.001,1.0e-8],[1000,-0.0001,1.0e-9],[200,-1.0e-5,1.0e-9]],"runtime":5353.768854452,"energies":[-3.229662771815932,-3.230111986534973,-3.230305773978531,-3.2304209991599175,-3.230497261423965,-3.2305461858893576,-3.2305843550065076,-3.2306155862050008,-3.2306382989394686,-3.230654361914507,-3.230668230117029,-3.230681039284432,-3.2306893927513562,-3.2306990058744227,-3.230703766433405,-3.2307104680498546,-3.2307190043619536,-3.2307231292290277,-3.230727011414293,-3.2307291878662654,-3.2307304430797665,-3.2307337916054863,-3.23073464863525,-3.2307315899565507,-3.2307348379940075,-3.2307353516832165,-3.230734995094822,-3.2307347762018392,-3.230735089275773,-3.230735621019004,-3.2307363797695405,-3.2307367066713906,-3.2307369484899175]}