{"parameters":[[1000,-0.001,1.0e-8],[1000,-0.0001,1.0e-9]],"energies":[-3.269892590169327,-3.2698913759711368,-3.2698922933611296,-3.2698917719699647,-3.269892131759676,-3.26989192244732,-3.2698923118126637,-3.2698922778666732,-3.269891976743457,-3.269892755296011,-3.2698922840716396,-3.26989301422746,-3.2698929751779637,-3.269893473231358,-3.269893713916922,-3.269894191908046,-3.2698919380314817,-3.269893750363118,-3.269893569201174,-3.2698938363488326,-3.269894059793227]}