{"parameters":[[10000,-0.001,1.0e-8],[1000,-0.0001,1.0e-9]],"runtime":4580.176920435,"energies":[-3.210386833249246,-3.2108133547903877,-3.211063965543027,-3.211245681988517,-3.2113778301857905,-3.2114858970306095,-3.21157476020068,-3.2116410739886048,-3.2116992984797723,-3.2117546775349233,-3.2117950519750464,-3.211830364400733,-3.211859378185309,-3.2118805385987375,-3.2118878269334514,-3.211916444310789,-3.2119247033296716,-3.2119379477944325,-3.2119498413949827,-3.2119626523143623,-3.211966821629666,-3.2119767734954303,-3.2119740486979067,-3.2119845622825394,-3.2119960915118364,-3.2119941572350474,-3.212000600166003,-3.2120093039648228,-3.2120083283694063,-3.2120138116650945,-3.21200691452116,-3.212006463957847,-3.2120009900903557,-3.2120163365369305,-3.2120131390239504,-3.212022340565586,-3.2120338570208484,-3.2120252179217745,-3.212026152671708,-3.212023575184124,-3.2120131896907034,-3.212026455724364,-3.212017706871599,-3.2120248336529826,-3.212021527895762,-3.2120348333558724,-3.2120271959952977,-3.212022283349177,-3.2120161304601917,-3.2120325136761503,-3.2120365043205346,-3.2120281943041187,-3.212022519849266,-3.2120374590723384,-3.212035284457675,-3.212033802987761,-3.2120308823217893,-3.212035192352312,-3.2120323450469277,-3.2120334997318243,-3.212022462300962,-3.2120398698542516,-3.2120201968050877,-3.212026503672001,-3.212037583039135,-3.2120358457313873,-3.2120368055122994,-3.2120280691670624,-3.212027003622703,-3.212032612256611,-3.2120366620928196,-3.2120280173970914,-3.212030551260857,-3.212031191117127,-3.2120306198797044,-3.2120249045482794,-3.212031359389669,-3.212021869477332,-3.212021229262853,-3.212032321564867,-3.212025871057584,-3.2120304845794467,-3.2120303759892384,-3.2120344061209023,-3.212030986141662,-3.212034633838482,-3.2120305968804423,-3.2120376005143245,-3.2120294743107665,-3.212035470937216,-3.2120345736425593,-3.2120326514535407,-3.2120280270928383,-3.2120292518473663,-3.2120369925257424,-3.2120398496409126,-3.212035459009152,-3.2120171821220653,-3.2120353148739857,-3.2120359839948422,-3.2120362393562507,-3.2120287675625527,-3.212031769205466,-3.2120452509218733,-3.212028880731628,-3.2120346580021186,-3.212034112014733,-3.2120380653647755,-3.212035523715305,-3.2120441772724018,-3.2120236204805748]}