{"parameters":[[2000,-0.001,1.0e-8],[1000,-0.0001,1.0e-9]],"runtime":6849.232555537,"energies":[-3.5627529059087215,-3.5630995191964967,-3.5632227455989414,-3.5632867283453895,-3.563321876529645,-3.5633403427014136,-3.563354018454133,-3.5633610376583205,-3.563367173722016,-3.56337067305604,-3.5633709716168305,-3.563371901225808,-3.563374667494765,-3.5633750664848716,-3.5633752213360546,-3.563374964228708,-3.563375543804783,-3.563374720548163,-3.5633761259700893,-3.563374301910372,-3.563375917223646,-3.56337645000018,-3.5633777586484117,-3.5633786441124853,-3.5633774377108884,-3.5633784290231,-3.5633778624948893,-3.5633789836382883,-3.563379679785251,-3.5633793862707757,-3.5633787109868775]}