{"parameters":[[1000,-0.001,1.0e-8],[1000,-0.0001,1.0e-9]],"energies":[-3.297360427836284,-3.297360502900803,-3.2973611029766667,-3.297361606594064,-3.2973613554845422,-3.2973611163158254,-3.2973631285461744,-3.2973640283488934,-3.297363005530671,-3.2973634537497203,-3.297365567304934,-3.2973654497955476,-3.2973669000512684,-3.297366562611205,-3.2973644424743416,-3.2973671933839386,-3.297365712144226,-3.2973671413384356,-3.2973668725281566,-3.297367493953356,-3.297367533657994]}