{"parameters":[[5000,-0.001,1.0e-8],[1000,-0.0001,1.0e-9]],"energies":[-3.3204145152722955,-3.3204135153321728,-3.320413524837895,-3.3204148827472935,-3.32041469062685,-3.320414294784998,-3.3204164235923748,-3.3204165474938585,-3.320416911677513,-3.3204170856302,-3.320416430379095,-3.3204175543330083,-3.3204172914948407,-3.320418761552294,-3.3204179675787504,-3.320419131040979,-3.3204193244181592,-3.320418795847644,-3.320419699154667,-3.320420021622728,-3.3204204289867203,-3.320419073905397,-3.320420500958259,-3.3204208478731494,-3.3204212630846173,-3.3204210716213947,-3.3204210507643577,-3.32042183805856,-3.320421874381254,-3.320421063450748,-3.320421385104608,-3.3204223347434487,-3.320421681185306,-3.320422512235255,-3.3204234000259873,-3.3204228224934793,-3.3204236756384375,-3.320422862840562,-3.320423528028626,-3.3204235350983016,-3.3204236672597176,-3.3204234342094,-3.320423823753287,-3.3204244128601905,-3.3204246323191047,-3.3204250231208183,-3.3204242047764465,-3.3204242569697957,-3.320424898592138,-3.320423584560102,-3.320426036887459,-3.3204256566536463,-3.3204252113384927,-3.3204250710760475,-3.32042537256428,-3.320424301206168,-3.3204256518026884,-3.3204271105668095,-3.320427392258937,-3.320426210572868,-3.3204262441175216]}