{"parameters":[[5000,-0.001,1.0e-8],[2000,-0.0001,1.0e-9]],"runtime":11339.91208225,"energies":[-3.3206435078997494,-3.3212703532729115,-3.3215295356580232,-3.3216825188566443,-3.321778264158568,-3.321835780203092,-3.321882285638607,-3.3219113570209586,-3.321925422959559,-3.321948543372422,-3.321955491523766,-3.3219660801202746,-3.3219725494407664,-3.3219772385595707,-3.321977792700448,-3.321980559540193,-3.3219828316030986,-3.32198254860782,-3.3219854135911433,-3.321984887058104,-3.321979139255159,-3.3219859136627257,-3.3219827396761126,-3.321984971306744,-3.321989630402753,-3.32198869760118,-3.3219947960198617,-3.3219920336790536,-3.3219841419622176,-3.321988484845221,-3.321989923928503,-3.3219891241839727,-3.321990416659727,-3.3219866151819035,-3.321986819071718,-3.3219843157439666,-3.321987789391514,-3.32199128830261,-3.321990496857733,-3.321994149969239,-3.321990580856951,-3.321990238115045,-3.321992044901174,-3.321995508464199,-3.3219944756018025,-3.3219886243636036,-3.3219923648313774,-3.3219898795864404,-3.3219930198909537,-3.3219923648312744,-3.32197993691939,-3.3219876125978605,-3.32198932033603,-3.3219908727678717,-3.3219869078141766,-3.321991160647912,-3.3219936492331854,-3.3219869572199574,-3.3219902625527684,-3.3219927689085256,-3.32199223022828,-3.321991079827265,-3.3219945977424095,-3.321994407215721,-3.3219933695164805,-3.321991416187968,-3.321993321002146,-3.3219935712100126,-3.3219887127598904,-3.321991628272014,-3.3219919045055346]}