{"parameters":[[5000,-0.001,1.0e-8],[2000,-0.0001,1.0e-9]],"energies":[-3.311218306833876,-3.3112167303446514,-3.311216370431347,-3.3112162626598507,-3.3112162202724207,-3.3112162010974737,-3.3112161945006777,-3.3112161951521664,-3.3112161986643596,-3.311216202881578,-3.3112162073470808,-3.3112162121857356,-3.311216217330399,-3.311216223292914,-3.311216734809175,-3.3112171117893787,-3.3112173927476154,-3.311217605667111,-3.311217770268743,-3.3112179003607505,-3.3112180053924507,-3.3112180918107197,-3.3112181641049845,-3.311218225386763,-3.311218277831399,-3.311218323016091,-3.3112183621488884,-3.311218396081431,-3.311218425510164,-3.311218450993416,-3.3112184730134158,-3.311218491937572,-3.311218508140394]}