{"parameters":[[2000,-0.001,1.0e-8],[1000,-0.0001,1.0e-9]],"runtime":30200.158054083,"energies":[-3.3296464089366364,-3.3301468183932807,-3.330322616951223,-3.3304175733162387,-3.3304731596334043,-3.330507356757595,-3.3305289902371995,-3.3305434157591955,-3.3305530800003598,-3.3305602518370785,-3.330565417946005,-3.3305688838255922,-3.3305711878526822,-3.3305735492006896,-3.3305749192921366,-3.3305763930011247,-3.330577140167634,-3.3305781629404714,-3.3305790942572435,-3.3305791364963024,-3.330579601984137,-3.3305801824513965,-3.3305804415362137,-3.3305804440334166,-3.330580707734745,-3.330580940177299,-3.330580790613926,-3.3305812201078147,-3.3305815302210524,-3.330581358950659,-3.3305813782249656]}