{"parameters":[[2000,-0.001,1.0e-8],[1000,-0.0001,1.0e-9]],"runtime":6343.801947219,"energies":[-2.9909078214311995,-2.991005557191463,-2.991046810669107,-2.9910723358144917,-2.991088029379762,-2.991095940240372,-2.9911028411526743,-2.991107069062533,-2.991109266799064,-2.9911110662059297,-2.99111262839153,-2.9911126997459143,-2.9911152471799713,-2.9911142788651475,-2.991115114552598,-2.991115319832106,-2.991115579035135,-2.9911153561989012,-2.9911169905295223,-2.9911150909696387,-2.9911149326623647,-2.991115376996036,-2.991115502766328,-2.9911161104460984,-2.9911166654381596,-2.991116366632541,-2.9911156029343093,-2.9911161868816576,-2.9911167271764496,-2.9911172051353576,-2.9911166170345984]}