{"parameters":[[2000,-0.001,1.0e-8],[1000,-0.0001,1.0e-9],[200,-1.0e-5,1.0e-9]],"runtime":4904.858467152,"energies":[-3.1989060985244664,-3.1992747499670147,-3.1994338805410885,-3.199529865096423,-3.199591903663991,-3.1996340083366155,-3.199665919080042,-3.19969084436606,-3.199707413028738,-3.199719972634067,-3.1997304332874434,-3.199739231632731,-3.1997471224061647,-3.1997536068627843,-3.1997598571667356,-3.199764718031702,-3.199767103314331,-3.1997681636693223,-3.1997701852360207,-3.199774185042638,-3.1997757284667743,-3.1997759412048947,-3.1997748793694476,-3.199775834479102,-3.199777102894873,-3.1997775664673496,-3.199777804084386,-3.199781037975427,-3.199776257538304,-3.1997783181855173,-3.19977895928237,-3.199779895979325,-3.199779505902354]}