{"parameters":[[10000,-0.001,1.0e-8],[1000,-0.0001,1.0e-9]],"runtime":28380.538988507,"energies":[-3.2684799213049995,-3.268948607644274,-3.2692307378214776,-3.269450621558628,-3.269629480409276,-3.269776263751027,-3.2698991415181538,-3.2700022113424154,-3.270089697020915,-3.270165142510405,-3.2702296327375064,-3.2702855450952613,-3.270334578368423,-3.2703775178936927,-3.270415332015879,-3.2704486472039904,-3.2704785554852753,-3.2705046844526873,-3.2705276286411262,-3.270549310210155,-3.2705681440473047,-3.27058572833415,-3.2706013328439,-3.2706152636140486,-3.2706284128721532,-3.2706400942857328,-3.2706511885054717,-3.2706605048944946,-3.2706695505207257,-3.2706787759672697,-3.270685830596818,-3.270692965167041,-3.2706995524112243,-3.2707054191574763,-3.270711526260527,-3.2707168195990435,-3.270721356129033,-3.2707255781479474,-3.2707297300330023,-3.270734039911927,-3.27073779045059,-3.2707408247193794,-3.2707441536918966,-3.270747602349184,-3.270750152240116,-3.2707533201474006,-3.2707552831841635,-3.270757365679644,-3.2707602274179615,-3.2707620966300275,-3.27076468263472,-3.270766546117418,-3.2707678769808415,-3.2707688447781553,-3.2707708347989852,-3.2707723545327085,-3.2707736099756097,-3.2707758255126667,-3.2707762644797693,-3.270777602041638,-3.2707793604065687,-3.270779639254202,-3.270781551075291,-3.2707818970978018,-3.27078355844465,-3.270784427952415,-3.2707849349560183,-3.270785437295546,-3.2707864569878624,-3.2707871819173775,-3.2707880275048318,-3.270788610800444,-3.2707895893530883,-3.2707902428350732,-3.270791371422865,-3.2707915362644466,-3.270792121830544,-3.270792783461585,-3.27079266251316,-3.2707936018007704,-3.27079365304317,-3.270794459785294,-3.270794393971572,-3.270795140281221,-3.270795506109373,-3.2707961949292867,-3.2707969322285986,-3.2707970567330964,-3.270797405698144,-3.270797292027922,-3.2707979475952222,-3.270798651300575,-3.270798835128974,-3.270798850254201,-3.2707991287085663,-3.2707997549758603,-3.2708003070810214,-3.270800125887366,-3.2707999980084796,-3.270800316859231,-3.2708003391139497,-3.2708009460183036,-3.270800759744069,-3.2708018231429796,-3.270801902361962,-3.270802456401565,-3.270801918383308,-3.2708022509273103,-3.2708025924173287,-3.2708030566064745,-3.2708031582190884]}