{"parameters":[[10000,-0.001,1.0e-8],[1000,-0.0001,1.0e-9]],"runtime":2708.11225914,"energies":[-2.8106989170658476,-2.810768636732138,-2.810782637535129,-2.8107880624890202,-2.8107906616436336,-2.8107920374454403,-2.8107927891218694,-2.8107932097576462,-2.810793454325585,-2.8107936106095326,-2.810793705782688,-2.810793765982451,-2.8107937849679825,-2.810793828175103,-2.810793847022411,-2.81079386017196,-2.810793866529026,-2.810793865718834,-2.810793869416375,-2.8107938798359293,-2.810793883365053,-2.8107938693602494,-2.810793871006314,-2.8107938732829423,-2.810793965315839,-2.8107940473728465,-2.8107940993763414,-2.810794148899643,-2.8107941795925595,-2.8107942092797087,-2.8107942315990395,-2.810794246714731,-2.8107942407881046]}