{"parameters":[[10000,-0.001,1.0e-8],[1000,-0.0001,1.0e-9]],"runtime":3645.004646631,"energies":[-3.4685799927923013,-3.468873337963784,-3.4689389994334503,-3.4690066825569517,-3.4690187583695833,-3.469037871592441,-3.46902920555768,-3.4690657963826514,-3.469065029630295,-3.4690850865177225,-3.4690599519764316,-3.469093281242307,-3.46907793305762,-3.4690995439629493,-3.469097801601966,-3.469105236244711,-3.4690961636916815,-3.469101298744087,-3.4690978577928884,-3.469099428052737,-3.469090875416822,-3.469113103710083,-3.4691037743473716,-3.46911179771999,-3.4691134085783992,-3.469107492500909,-3.4691171662878912,-3.4691108812604314,-3.4691144236209768,-3.4691132528337216,-3.4691092796320686,-3.4691166175749353,-3.4691103147262217,-3.4691147300672753,-3.4691052723249194,-3.4690957919868692,-3.469108650783808,-3.4691040417339565,-3.4691137231534466,-3.4691057642091567,-3.4691144361180646,-3.469113269865257,-3.469110571858561,-3.4691192496379095,-3.4691154467895524,-3.4691039008192184,-3.469110554153389,-3.469118502617297,-3.469117710212473,-3.4691092091810773,-3.4691002962490494,-3.469111253219423,-3.4691223642377826,-3.4691157296345145,-3.4691096821429213,-3.4691177084897227,-3.469108067815027,-3.4691224282061075,-3.4691204844238666,-3.469103127351122,-3.4691154954268315,-3.46911724947441,-3.469106379718115,-3.4691207425884407,-3.4691153013131633,-3.4691009189802773,-3.469115406603361,-3.469108234940653,-3.469111085290136,-3.469104255650831,-3.4691070223342364,-3.4691182600523573,-3.469097629419099,-3.469111092571614,-3.4691106580808304,-3.4691001767708523,-3.4691168123314498,-3.469106735030506,-3.4691145973419872,-3.4691070913045703,-3.469120597979461,-3.4691234770828534,-3.4691034690781013,-3.469115398402852,-3.469114631829469,-3.46910305668189,-3.469104247432071,-3.469116709108501,-3.469112078186313,-3.4691051135699342,-3.46911540667639,-3.4691089508723874,-3.469111664466149,-3.4691037540308063,-3.46911854894921,-3.4691084129016376,-3.469120271534168,-3.46911775277857,-3.469107446840777,-3.4691107245105695,-3.4691219448657997,-3.4691131449750854,-3.4691190511302716,-3.4691093371710098,-3.4691103494774254,-3.469116159414141,-3.469104894261266,-3.4691208690782354,-3.469098706584062,-3.4691194497316156,-3.469116454282548]}