{"parameters":[[5000,-0.001,1.0e-8],[2000,-0.0001,1.0e-9]],"energies":[-3.2744491946004164,-3.2744484964257206,-3.274448844287082,-3.2744491609336857,-3.27444939163771,-3.274449587462189,-3.2744497584785295,-3.2744499398647973,-3.2744501701340423,-3.2744503887323337,-3.274450584680924,-3.2744508234748215,-3.2744510157001776,-3.2744511461325683,-3.2744513801299395,-3.274451552418311,-3.2744517181195922,-3.2744518531720903,-3.27445204342148,-3.274452185873984,-3.2744524037413103,-3.2744525030360405,-3.2744526808747896,-3.274452833498012,-3.274453008321991,-3.2744531152952456,-3.274453210048784,-3.2744533575245076,-3.274453483664269,-3.27445363864343,-3.2744537452944495,-3.2744538837119515,-3.2744539420064434,-3.274454067581554,-3.2744542942976045,-3.274454314444603,-3.2744544341108286,-3.2744545188570746,-3.2744546237821472,-3.2744547430712485,-3.274454725129253,-3.2744548805684586,-3.274455010847555,-3.2744551119241168,-3.274455157171108,-3.274455283570536,-3.2744553304053534,-3.2744554418606295,-3.274455483194042,-3.274455595101366,-3.2744556846373247,-3.2744560464556223,-3.2744562870951572,-3.2744564667106983,-3.2744565843688216,-3.274456659306746,-3.274456735878946,-3.274456804721843,-3.2744568164382377,-3.2744568206993545,-3.27445676382555,-3.274456866959383,-3.2744568540382084,-3.274456924255057,-3.2744568868521893,-3.2744569090360782,-3.274456892831877,-3.2744569728003254,-3.274456955018819,-3.2744569697511134,-3.274457043243139]}