{"parameters":[[10000,-0.001,1.0e-8],[1000,-0.0001,1.0e-9],[200,-1.0e-5,1.0e-9]],"runtime":4566.473424721,"energies":[-3.5624469346665264,-3.5626805773465247,-3.5627225883216824,-3.562739124719909,-3.562741768995262,-3.562743980597705,-3.562742430383288,-3.5627465258403945,-3.562745946269566,-3.5627485494843705,-3.5627494804952877,-3.5627484448502096,-3.56274682256788,-3.562746512855294,-3.5627437567038953,-3.5627480793004276,-3.562749079571288,-3.5627450060646004,-3.5627449586222,-3.562745609701956,-3.5627506707128984,-3.5627462767346696,-3.562749277869243,-3.562744604130382,-3.5627470017465175,-3.562748225666105,-3.5627474623986792,-3.5627456812895675,-3.5627479919047755,-3.5627475018680377,-3.5627491905944924,-3.562748223523775,-3.562747926521565,-3.5627470443355724,-3.5627477293237777,-3.5627476211183047,-3.5627494992471633,-3.5627479627427854,-3.5627477764901734,-3.562748110043945,-3.5627445594844693,-3.562749387501779,-3.562748424238859,-3.5627471104907897,-3.5627461891245793,-3.562749072719237,-3.562747930597276,-3.562750287111112,-3.5627484001430623,-3.5627480366678994,-3.5627470250706383,-3.562747688455735,-3.56274804439509,-3.562748148273741,-3.5627440407280018,-3.5627442493051253,-3.562748713224754,-3.562747647300252,-3.5627496476280407,-3.5627457153124547,-3.562746240368637,-3.5627458919715083,-3.562746248385154,-3.5627488679104395,-3.5627477072954075,-3.5627424704456954,-3.562747240181023,-3.5627478054818313,-3.562750277957928,-3.5627474600924023,-3.5627447384264816,-3.5627481411436186,-3.562747087552424,-3.562748968511351,-3.5627432580193767,-3.562745507784999,-3.5627455511092108,-3.562745986270816,-3.5627498926616457,-3.5627479304304512,-3.5627490606566767,-3.562746436259186,-3.56274970542631,-3.5627469577224904,-3.562749731061035,-3.5627496502139357,-3.5627479586696076,-3.5627474880286125,-3.5627484179490807,-3.5627462157911194,-3.562744425061924,-3.562746862571482,-3.5627495808112175,-3.562748175568554,-3.5627481806658676,-3.562744217061579,-3.5627446962408764,-3.56274901502941,-3.5627455760807316,-3.562746535492378,-3.5627477744045843,-3.5627467534845687,-3.562748805765253,-3.562745336405462,-3.562749779273905,-3.562748780535724,-3.5627496140296815,-3.5627507412082258,-3.56275069099813,-3.5627473031467205,-3.562749497562698,-3.5627495079569664,-3.5627504976906113]}