{"parameters":[[10000,-0.001,1.0e-8],[1000,-0.0001,1.0e-9]],"runtime":25257.858032253,"energies":[-3.229518527966311,-3.2299432490058915,-3.2301895421569515,-3.23037549860733,-3.2305223077523815,-3.230639578547148,-3.2307340146018744,-3.2308117141300268,-3.230875091836367,-3.2309284206316873,-3.230972173212427,-3.2310092698295905,-3.231041033862233,-3.231067796247442,-3.231090398508855,-3.231109872527876,-3.231126678893013,-3.2311410494461468,-3.231153401612045,-3.2311647295419696,-3.231174067728229,-3.231183060978656,-3.2311899267729225,-3.231196401535569,-3.231201907678401,-3.231207095801761,-3.2312114501022857,-3.2312158955073684,-3.2312190904384193,-3.231222106142838,-3.2312251100912777,-3.231227190951329,-3.231229484013716,-3.231231531275804,-3.2312333533520268,-3.2312347615590937,-3.23123607200815,-3.2312376928408137,-3.2312392890191433,-3.231240110759173,-3.23124125239457,-3.231242003795624,-3.2312427539445774,-3.231243551413031,-3.23124412749766,-3.2312445207055127,-3.23124528196851,-3.2312455638409077,-3.2312466683103866,-3.2312465440764964,-3.231247547562585,-3.2312474723295574,-3.2312480693703574,-3.2312478207003275,-3.2312482658274555,-3.2312488135091852,-3.2312489267421927,-3.231249093537216,-3.231249779636227,-3.231249972049218,-3.231249917344926,-3.231249281131547,-3.2312500289797623,-3.2312502889958483,-3.2312503027137196,-3.231249945057919,-3.231250629147273,-3.231250882014905,-3.23125070107112,-3.2312510589986365,-3.23125125784442,-3.231250782172207,-3.231251812038092,-3.231250880962957,-3.231251502280712,-3.2312513451924607,-3.231251818939075,-3.2312512380534275,-3.2312515412617158,-3.2312513980873208,-3.231251738416765,-3.2312519126887898,-3.2312520745344226,-3.231251901149397,-3.231252163764114,-3.2312518222136015,-3.231251944381005,-3.231251850542309,-3.231251484392123,-3.231252198462843,-3.231252385653547,-3.2312517801955583,-3.231252257596212,-3.2312520880743905,-3.23125154070008,-3.231252432916731,-3.2312521787449815,-3.2312524122524473,-3.2312518352327846,-3.231252179383504,-3.2312524448227493,-3.2312523872152825,-3.231252315090928,-3.2312531640175894,-3.2312527360826313,-3.23125292860102,-3.2312532045900983,-3.231253576560384,-3.2312533405963317,-3.2312533513576978,-3.2312537270029407]}