{"parameters":[[5000,-0.001,1.0e-8],[2000,-0.0001,1.0e-9]],"runtime":3082.915412072,"energies":[-3.3206496070689333,-3.3206481766086116,-3.3206478672558832,-3.3206480945399126,-3.3206480093822783,-3.320647994867547,-3.320647990714903,-3.320647969824439,-3.3206483058879614,-3.320648282686638,-3.320648315013776,-3.320648336261966,-3.3206482765394147,-3.320648415416003,-3.320648423262102,-3.3206485647300905,-3.320648536217104,-3.3206485882783077,-3.3206484883539993,-3.320648652436891,-3.3206486989720947,-3.3206487934408147,-3.3206487231746724,-3.3206488379179206,-3.3206488249792048,-3.320648953423044,-3.320648839697705,-3.3206491018709583,-3.320648995366156,-3.320649096892949,-3.3206490254326178,-3.3206490338085293,-3.320649114188085,-3.320649033330586,-3.320649145108547,-3.3206492449004696,-3.3206492112325465,-3.3206492563466656,-3.3206492115894495,-3.3206492833855985,-3.320649394648377,-3.3206494047687167,-3.320649443567542,-3.320649583832714,-3.3206495273308283,-3.3206494527563315,-3.320649441858894,-3.3206495554052853,-3.320649498390684,-3.32064958180162,-3.3206495120231834,-3.3206501609292385,-3.320650685374504,-3.3206509471770635,-3.320651131925432,-3.320651226878294,-3.320651428820809,-3.3206514243463836,-3.320651552851218,-3.320651640506677,-3.3206517009145764,-3.3206517051965587,-3.320651645174921,-3.3206518785069803,-3.320651776867723,-3.3206517549860797,-3.320651855178981,-3.32065187996072,-3.320651953858399,-3.3206518507621405,-3.3206519367334884]}