{"f_su":[[0.8878819188406829,0.8933609000082343,0.890615700140745,0.8906715327871924,0.8906686648970112,0.8906694133132536,0.8906705932534819,0.8906159722534599,0.8933571649078232,0.8878906736304182],[0.8890231561651476,0.8948083283116286,0.8919432811002337,0.8920077879518945,0.892002160632595,0.892005049376413,0.8920053798633989,0.891943661460687,0.8948046728150489,0.8890293618711895],[0.8877510236341462,0.8934000285196391,0.8905571811256725,0.8906203534848229,0.8906153987888019,0.8906175221381631,0.8906186883879164,0.8905591404371735,0.8933960313887193,0.8877556401966493],[0.8877711233591801,0.893424429344906,0.890581740874352,0.8906450469001493,0.8906416776159822,0.890643882729212,0.890642828632457,0.8905827440213434,0.8934241029569554,0.887770857960999],[0.887767536225082,0.893427036589511,0.890583244949807,0.8906479464906828,0.8906436754789073,0.8906458749571887,0.8906442445810903,0.8905840499369231,0.8934282194081831,0.8877694104082086],[0.8877663614494662,0.8934253711367178,0.8905776548794702,0.8906438366534504,0.8906400314525114,0.8906426474622429,0.890642869615931,0.8905795313787255,0.8934216856342788,0.8877728727419899],[0.8877496092486642,0.8933982380334939,0.8905539838957038,0.8906185893117273,0.8906138860460076,0.8906169664772503,0.8906191080127162,0.890555445192265,0.8933928981641809,0.8877553216874212],[0.8890237116087588,0.8948083681931757,0.8919454151272559,0.8920110256174372,0.8920061325290989,0.8920042912442349,0.8920044109566525,0.8919480167223157,0.8948064836582871,0.8890297898304433],[0.887887317969654,0.8933624805179055,0.8906146267625611,0.8906719969143453,0.8906698275464231,0.8906717644724843,0.8906706516528573,0.8906170295382358,0.8933580179717648,0.8878861543853764],[0.8853253956434719,0.890331569588147,0.8877268917399898,0.8877742466895653,0.8877733312562188,0.8877755698572853,0.8877774963677869,0.8877271104484976,0.8903243088056627,0.8853266064503144]],"f_bp":[[0.9999999997976347,0.9999999998416247,0.999999999801706,0.9999999998328601,0.9999999998108771,0.9999999998247021,0.999999999807669,0.9999999998313912,0.9999999998563646,0.999999999849577],[0.9999999998810445,0.999999999910539,0.9999999998806108,0.9999999999005227,0.9999999999005615,0.9999999999089533,0.9999999998576508,0.9999999998779138,0.999999999923071,0.9999999999066085],[0.9999999998657834,0.9999999998738284,0.9999999998363833,0.999999999887938,0.9999999998664431,0.9999999998409714,0.9999999998475793,0.9999999998835781,0.9999999999118028,0.9999999998638429],[0.9999999998244989,0.9999999998578324,0.9999999998363773,0.9999999998717474,0.9999999998665986,0.999999999828309,0.9999999998325674,0.9999999998561097,0.9999999999202484,0.9999999998514556],[0.9999999998336208,0.9999999998360037,0.999999999797385,0.9999999998721567,0.999999999871096,0.999999999832479,0.9999999998411068,0.9999999998417648,0.9999999998795837,0.9999999998692063],[0.9999999998702574,0.9999999998670109,0.9999999997852644,0.9999999998748841,0.9999999998766764,0.999999999835735,0.9999999998436043,0.9999999998385046,0.999999999888741,0.999999999862367],[0.9999999998716507,0.9999999998575195,0.9999999998196223,0.9999999998777084,0.9999999998647657,0.9999999998629375,0.9999999998358877,0.9999999998504041,0.9999999998949403,0.9999999998569783],[0.9999999998767535,0.9999999998809097,0.9999999998790909,0.9999999998751365,0.9999999998708902,0.9999999998789075,0.9999999998800929,0.9999999998958509,0.9999999999067131,0.9999999998673428],[0.9999999999262762,0.9999999999268159,0.9999999998985604,0.9999999999306317,0.9999999999259018,0.9999999999131759,0.9999999998837448,0.999999999930584,0.9999999999458182,0.9999999999131082],[0.9999999997985713,0.999999999786977,0.9999999998100586,0.9999999997870038,0.9999999997669695,0.9999999997871607,0.999999999787823,0.9999999998328136,0.9999999998251856,0.9999999997970768]],"d_bp":[[3.5157685142339634e-6,3.0664126227583632e-6,3.6710566983025328e-6,3.1329597269640075e-6,3.3757518646919393e-6,3.081250110621714e-6,3.40038851139729e-6,3.108307758497436e-6,2.824809534122258e-6,3.0361712109426564e-6],[2.7517710239829962e-6,2.6070306253407616e-6,2.9310188059232523e-6,2.4457337934533085e-6,2.7079146708124113e-6,2.4392887975344113e-6,2.8686063582444854e-6,2.7170558681149926e-6,2.221763399347376e-6,2.5248897294327666e-6],[3.1161397466387963e-6,3.349906524216517e-6,3.7140261108549455e-6,2.898981344843371e-6,3.349627359566787e-6,3.5994927359006557e-6,3.1989323177328277e-6,3.3743378105924315e-6,2.8131167603209772e-6,3.37349963222891e-6],[3.905860000798234e-6,3.3319929784517144e-6,3.828704833591656e-6,3.283018839589369e-6,3.696308568303802e-6,4.089811038842511e-6,4.123683790491217e-6,3.2221573888456534e-6,2.8877815719356714e-6,3.4032856868378147e-6],[3.412250633723357e-6,3.816567887542782e-6,4.243583400002915e-6,3.072085279515885e-6,3.3158603070203296e-6,3.805318017045811e-6,3.7671920596442365e-6,3.294762913913507e-6,3.0866054807759946e-6,3.1722207507432765e-6],[3.3683916352417187e-6,3.081554462183028e-6,4.530385673589404e-6,3.194946973025803e-6,3.5411529986477397e-6,3.7270029034641716e-6,3.5304661708673857e-6,3.1714869738082296e-6,2.9521753368913495e-6,3.64692217743115e-6],[3.1724336573800416e-6,3.2864431369419855e-6,4.763791997083877e-6,2.9464930874356643e-6,3.906230550725781e-6,3.6921886982822782e-6,4.15247373523539e-6,3.1583049520632345e-6,2.8288259603728716e-6,3.918026343870118e-6],[3.417592023546856e-6,3.435073349451062e-6,3.7340068444434438e-6,3.284055032415356e-6,3.7455925773893783e-6,3.10134855283431e-6,2.996136840009711e-6,3.7457526958321885e-6,2.438671133236231e-6,3.5623533302109323e-6],[2.841828608404068e-6,3.0437430415669597e-6,3.899424770553717e-6,2.3035050781099187e-6,2.2397699269427473e-6,2.3605918201864695e-6,4.315030273947806e-6,2.098884445703164e-6,1.8994840336322705e-6,2.2673590042397718e-6],[5.042529624209313e-6,4.536269523604253e-6,3.418224837455769e-6,3.998109070316863e-6,4.0802100956839615e-6,5.277093091105717e-6,4.508773313680742e-6,3.587702986584951e-6,3.4843369643711153e-6,4.362817616326148e-6]],"d_su":[[0.35070562611281797,0.34101541974732597,0.3458613024580663,0.34577121217533424,0.3457692807203528,0.34581279826415573,0.34580026809112063,0.3458614493337756,0.34099494301669114,0.35064680175933516],[0.348720011073032,0.3384308714134616,0.3435201005074171,0.34341638249144085,0.3434129537797629,0.34345441558647705,0.34344941182223254,0.34351924125000377,0.33840871615113916,0.3486632197216515],[0.35094872649541436,0.34096631394537635,0.34599112535757776,0.34589123782527265,0.3458863636481152,0.345918553469923,0.345912677767923,0.34598956213603227,0.3409559075609295,0.3509039823729295],[0.3508908641531157,0.34089266231982046,0.34592336393138373,0.3458295342399975,0.3458196224251461,0.34584957758521223,0.34584112321263083,0.3459220229198985,0.3408882282403497,0.3508565776821492],[0.35094919551835757,0.34093566193337843,0.3459897894314842,0.3459023412437914,0.3458993159705891,0.3458995573397025,0.34588630561125494,0.34598851641429446,0.3409574290666574,0.35094279628203784],[0.3509082772000284,0.340900206499978,0.34592859576574825,0.3458215310263411,0.34582250648029633,0.3458607354663698,0.3458501092591135,0.3459254377831826,0.34088022796373163,0.35085379047958454],[0.3509485337341284,0.3409665584383076,0.3459842812156183,0.3458819985604696,0.3458775747421585,0.3459180640086833,0.3459097544378129,0.34598222466174866,0.34094749816587766,0.35089258714821003],[0.34872078614050783,0.33843389695033443,0.3435283189702791,0.34342375980807105,0.343418018317571,0.3434574045631553,0.34345246987511224,0.34352487390703695,0.33841699363274463,0.34867387013219203],[0.35068902504203703,0.3410055836453144,0.34586587019134696,0.3457831915756663,0.3457699738533819,0.34580052150715285,0.3457919061132977,0.3458630665493501,0.341005542043614,0.3506563015402223],[0.35518262617391166,0.3464384995696811,0.35100128055976604,0.3509446750028278,0.35093537414376885,0.35093549510982425,0.3509167429002243,0.35100100853152455,0.3464726160424803,0.3551760309238013]]}