{"bo_energies":[-0.317089535594778,-0.4992338139352379,-0.574771117495246,-0.6152667636541495,-0.6407416739888688,-0.6513619716732623,-0.6556218145781019,-0.6573672978092183,-0.6581602654336974,-0.6585573826706792],"bp_energies_central":[-0.3171396346683826,-0.4994918634754896,-0.5751183435388125,-0.6155607600397417,-0.6409307850263688,-0.6515124416171105,-0.655752451784273,-0.6575061978655369,-0.6583022297171098,-0.6586919901893453],"bp_energies":[-0.3171605967656963,-0.4996667937542689,-0.5754124029032408,-0.6159816135177023,-0.6412853953233298,-0.651788720949679,-0.6560101518948974,-0.6577592722794734,-0.6585538832590552,-0.6589429086516665]}