{"Ds":[9,18,27,36],"ts":[1.4548865342,1.7698383067999999,2.1108034556,2.4499830258]}