{"blocksize":[4,8,16,32],"ts":[2.4126338061999997,13.177514696,63.345267182,306.9300876516]}