{"msgDs":[9,18,27,36],"ts":[2.8133044122,5.6184778852,9.998034528,17.6101011]}