{"parameters":[[500,-0.001,1.0e-8],[200,-0.0001,1.0e-9],[200,-1.0e-5,1.0e-9]],"runtime":27875.61417711,"energies":[-0.6629175834419951,-0.6633880832549769,-0.6637296703368838,-0.6639755076466528,-0.6641491526771067,-0.6642689607437012,-0.6643493612302346,-0.6644000321944381,-0.6644289489465729,-0.6644414801618818,-0.6644409588681834,-0.6644406131315241,-0.6644396155432636,-0.6644392379902371,-0.6644380576966962,-0.6644380622112648,-0.664437869842884,-0.6644380608873957,-0.6644377870120456]}