{"Ds":[2,3,4],"energies":[[-0.6610303035613225,-0.6594425621611952,-0.6594424982056154,-0.6594424974621158,-0.6594424974615003,-0.6594424974615003,-0.6594424974615003,-0.6594424974615003,-0.6594424974615003,-0.6594424974615003,-0.6594424974615003,-0.6594424974615004],[-0.6602259850055334,-0.66415906266148,-0.6642725939744865,-0.6642769924169413,-0.6642771400828389,-0.6642771441996578,-0.6642771443790826,-0.6642771443812213,-0.6642771443784843,-0.664277144387151,-0.6642771443787363,-0.664277144380152],[-0.663663036380174,-0.6682437646178856,-0.6687134928652695,-0.6687431507937698,-0.6687457663994145,-0.6687460410089308,-0.6687460566104012,-0.6687460570033004,-0.6687460576339974,-0.6687460573171886,-0.6687460574666441,-0.6687460577019125]],"ks":[3,5,7,9,11,13,15,17,19,21,23,25]}