{"parameters":[[500,-0.001,1.0e-8],[200,-0.0001,1.0e-9],[200,-1.0e-5,1.0e-9]],"runtime":7617.250323193,"energies":[-0.6632849115139163,-0.6636621991362048,-0.6639390527488233,-0.6641371166147926,-0.6642758664534079,-0.6643704768126849,-0.664432302803939,-0.6644693638917987,-0.6644880705617204,-0.6644932660802709,-0.6644878031326497,-0.6644867678396207,-0.664485662522766,-0.664484564303381,-0.664483219919002,-0.6644831474860492,-0.6644829763404819,-0.6644828581985814,-0.664482631983442]}