{"parameters":[[20000,-0.001,1.0e-8],[2000,-0.0001,1.0e-9],[500,-1.0e-5,1.0e-9]],"runtime":6039.031681554,"energies":[-0.6592314018481552,-0.659283798988742,-0.6593224130676151,-0.6593510491431053,-0.6593723900074736,-0.6593883547356039,-0.6594003326938623,-0.6594093396858018,-0.6594161242566879,-0.6594212414672627,-0.6594251049314525,-0.6594280240309703,-0.6594302308670212,-0.6594318999585851,-0.6594331627547311,-0.6594341183961986,-0.6594348417282488,-0.6594353893033096,-0.6594358038702979,-0.659436117763798,-0.659436355449845,-0.6594365354296563,-0.659436671723528,-0.6594367749335998,-0.6594368531018746,-0.659436912295134,-0.6594369571255905,-0.6594369910766898,-0.6594370167885828,-0.6594370362621597,-0.6594370510078408,-0.6594370621769466,-0.6594370706360109,-0.6594370770421614,-0.659437081894125,-0.6594370855686236,-0.6594370883513222,-0.6594370904588954,-0.6594370920552024,-0.6594370932651108,-0.6594370941791845,-0.6594370948724966,-0.6594370953981602,-0.6594370952311345,-0.6594370843081928,-0.6594370734559288,-0.6594370626883892,-0.6594370520140813,-0.6594370414331449,-0.6594370309855688,-0.6594370206460973,-0.6594370104317404,-0.6594370003479861,-0.6594369904006139,-0.6594369805934657,-0.6594369709303552,-0.6594369614148009,-0.6594369520492986,-0.6594369428362373,-0.659436933775102,-0.6594369248742358,-0.6594369161275148,-0.6594369075385099,-0.6594368991753619,-0.6594368981982037,-0.659436897222278,-0.6594368962480857,-0.6594368952757244]}