{"parameters":[[200,-0.001,1.0e-8]],"runtime":172572.680514954,"energies":[-0.6699025433817918,-0.6699063442065396,-0.6698995909770108]}