{"parameters":[[20000,-0.001,1.0e-8],[2000,-0.0001,1.0e-9],[500,-1.0e-5,1.0e-9]],"runtime":2820.670980716,"energies":[-0.6592327440131789,-0.6592839705333494,-0.6593217345732898,-0.6593497454154743,-0.6593706215999415,-0.6593862381106442,-0.6593979534462358,-0.6594067613876569,-0.659413394524383,-0.6594183961948807,-0.6594221713333569,-0.6594250228028722,-0.6594271777983768,-0.6594288071142249,-0.6594300393916092,-0.6594309715937638,-0.6594316760469452,-0.6594322106843943,-0.6594326146350833,-0.6594329203808224,-0.6594331517140618,-0.6594333269034836,-0.6594334595819464,-0.659433559961644,-0.6594336359540356,-0.6594336929817404,-0.6594337370265774,-0.6594337699962649,-0.6594337949538231,-0.65943381384708,-0.6594338281422342,-0.6594338389799769,-0.6594338471455865,-0.6594338533826607,-0.659433858083105,-0.6594338608640379,-0.659433864332691,-0.6594338663727277,-0.6594338679156819,-0.6594338690832983,-0.6594338699700975,-0.6594338706366532,-0.6594338711456469,-0.6594338700542368,-0.6594338544528916,-0.6594338382192326,-0.6594338222129292,-0.6594338064363721,-0.6594337909101203,-0.6594337756243444,-0.6594337605836516,-0.6594337457944011,-0.6594337311313448,-0.6594337169749874,-0.659433702948269,-0.6594336891840317,-0.6594336756748875,-0.6594336624208514,-0.6594336494256307,-0.6594336364199173,-0.6594336242009734,-0.6594336119441462,-0.6594335999855765,-0.6594335883454854,-0.6594335869874539,-0.659433585633825,-0.659433584275589,-0.6594335829193052]}