{"parameters":[[20000,-0.001,1.0e-8],[2000,-0.0001,1.0e-9],[500,-1.0e-5,1.0e-9]],"runtime":47641.208763648,"energies":[-0.6576000930646653,-0.6580266557515619,-0.6582975473888444,-0.6581729488236159,-0.6567174023851035,-0.6576511358913556,-0.6582261898076411,-0.6585252420829026,-0.6587037314596225,-0.6588188016176679,-0.65889518570689,-0.6589460232622453,-0.6589822997152192,-0.6590128470179372,-0.659041847409229,-0.6590748468383487,-0.6591166112660385,-0.6591714136436848,-0.6592380036068765,-0.6593056416842,-0.659360496872608,-0.6593970268088698,-0.659418288426193,-0.6594295721530428,-0.659435148366972,-0.6594377023058476,-0.6594387345365744,-0.6594390395181379,-0.6594390210672909,-0.6594388779371396,-0.6594387035511883,-0.6594385385894123,-0.6594383980655207,-0.659438285030846,-0.659438197483929,-0.6594381316049401,-0.6594380832803354,-0.6594380487735695,-0.6594380249977077,-0.6594380091617784,-0.6594379993815578,-0.6594379942195027,-0.6594379922603939,-0.6594379926477762,-0.659437994676164,-0.6594379978530582,-0.6594380017425601,-0.6594380061079932,-0.6594380106971665,-0.659438015427943,-0.6594380200614229,-0.6594380246378282,-0.6594380290738482,-0.6594380333263006,-0.6594380373801709,-0.6594380412236147,-0.6594380448482615,-0.6594380482541177,-0.6594380514621405,-0.6594380544609804,-0.6594380572657916,-0.6594380598880377,-0.6594380623299226,-0.6594380646060132,-0.659438066728362,-0.6594380687019773,-0.6594380705413678,-0.6594380722117366,-0.6594380738336818,-0.6594380737353299,-0.6594380645615214,-0.6594380554155271,-0.659438046315993,-0.6594380372654224,-0.6594380282805684,-0.6594380193647522,-0.6594380105294911,-0.6594380017844615,-0.6594379931643295,-0.659437984581428,-0.6594379761357292,-0.6594379678005236,-0.6594379595758824,-0.659437951473896,-0.6594379434938047,-0.65943793563501,-0.6594379279032039,-0.6594379202980499,-0.6594379128231812,-0.6594379055416159,-0.6594379046878076,-0.6594379038389557,-0.6594379030020565,-0.6594379021460834]}