{"parameters":[[500,-0.01,1.0e-6],[500,-0.001,1.0e-8],[200,-0.0001,1.0e-8],[200,-1.0e-5,1.0e-8]],"runtime":516864.270936945,"energies":[-0.6741756867025495,-0.6744833019014247,-0.6746823696665178,-0.6748080457634528,-0.6748857436915371,-0.6749327809304532,-0.6749599354091338,-0.6749726093710569,-0.6749772930756084,-0.6749782128769711,-0.6749728681296183,-0.6749690234409714,-0.6749614044278929,-0.674955922781851,-0.6749483963728414,-0.674941786651469,-0.6749361636463095,-0.6749311648214039,-0.6749268090724247,-0.6749224433985448,-0.6749180010687019,-0.6749153799586889,-0.6749128179997813,-0.6749102770039763,-0.6749079739496986,-0.6749064034706073,-0.6749035889075988,-0.674902442623028,-0.6749023613198011,-0.6749012352671131,-0.6748991519767552,-0.6748984643030325,-0.6748968659918781,-0.674896272836857,-0.6748964413117488,-0.6748969494250352,-0.6748954507453463,-0.6748958411339224,-0.6748961331343573,-0.6748956908129601,-0.6748951115341048,-0.6748941702515445,-0.6748949187920594,-0.6748950155722958,-0.6748946015000036,-0.6748948003264762,-0.6748936714549524,-0.6748961301247829,-0.6748947341425837,-0.6748982548265526,-0.6748985779790484,-0.674899041939589,-0.6749000935391183,-0.6749017567812836,-0.674901283933569,-0.6749016739107885,-0.6749020257687127,-0.6749030450819955,-0.6749022871580838,-0.674904404956596,-0.6749055759976218,-0.6749058129196752,-0.6749062315705334,-0.6749058704512383,-0.6749059935240616,-0.6749071125445822,-0.6749068878471787,-0.6749083972145743,-0.6749074010740678,-0.6749065918331456,-0.6749067689185613,-0.6749071259235129,-0.6749069987477703,-0.6749077870462474,-0.6749088999742733,-0.6749080296906467,-0.674907154129515,-0.6749084924210702,-0.6749089510704434,-0.6749084856564873,-0.6749095282982809,-0.6749083714572632,-0.6749089620528304,-0.6749086834878189,-0.6749099255220545,-0.6749094925696179,-0.6749081467972977,-0.6749108899808247,-0.674908679031602,-0.6749085287179546,-0.674910078151446,-0.6749094232601655,-0.674910339486448,-0.6749104745947716,-0.6749101585754682,-0.674910266245186,-0.6749094325281609,-0.6749087432306626,-0.6749107529556463,-0.6749115031695292,-0.6749097803974158,-0.6749104672798963,-0.6749097850992407,-0.6749093881432504,-0.6749090652744963,-0.6749102223324714,-0.6749091324809253,-0.6749098855774167,-0.67491011318062,-0.6749104826913177,-0.6749095676742639,-0.6749105456122609,-0.6749094465744205,-0.674909892856561,-0.674909718346702,-0.6749101529381915,-0.6749106265636338,-0.674909299121271,-0.674909079799979,-0.6749106025259545,-0.6749110236225495,-0.6749110244319829,-0.6749089845480438,-0.6749092529069899,-0.6749111993082025,-0.6749101074255552,-0.6749096556280385,-0.6749098831135316,-0.6749086578697185,-0.6749100525785907,-0.674909577210355,-0.6749105994106828,-0.6749110896531594,-0.6749104839633909,-0.6749097744391795,-0.6749100789775512],"final_energy":-0.6693407244098792}