{"parameters":[[5000,-0.001,1.0e-8],[200,-0.0001,1.0e-9],[200,-1.0e-5,1.0e-9]],"runtime":8677.537979436,"energies":[-0.6633401487221546,-0.6639987758979512,-0.6643427025024176,-0.6645092061076392,-0.6645753026401908,-0.6645841737467157,-0.6645586079133337,-0.664513766302919,-0.6644617997351178,-0.6644078310492312,-0.6643546122904675,-0.6643030520813661,-0.6642527962576968,-0.6642056300580741,-0.6641622474222534,-0.6641231703716179,-0.664088004147496,-0.6640556687621597,-0.6640257329865679,-0.6639995544411494,-0.6639742186848037,-0.6639540847346728,-0.6639349936007929,-0.6639177138643547,-0.6639018204473397,-0.6638893825567965,-0.6638792207710136,-0.6638704233997333,-0.6638619563223245,-0.6638540074356001,-0.6638469163464218,-0.6638425656947539,-0.6638388571141864,-0.6638360577119791,-0.6638309880008508,-0.6638263825775497,-0.6638216315951956,-0.6638176727706743,-0.6638160599815138,-0.6638139711782314,-0.6638119891974866,-0.6638084895429838,-0.6638037393154589,-0.6637989256908582,-0.6637935350240657,-0.6637889781721736,-0.6637851089266726,-0.6637830158429772,-0.6637809209673718,-0.6637772850758277,-0.6637741333856549,-0.6637733988885957,-0.6637730048685745,-0.6637732197494107,-0.6637729866908358]}