{"parameters":[[1000,-0.01,1.0e-8],[1000,-0.001,1.0e-9]],"runtime":3108.519073223,"energies":[-0.6594424545353023,-0.6594461403263958,-0.6594457871362942,-0.65944577645187,-0.6594457765331379,-0.6594457765680939,-0.6594457766011095,-0.6594457765848112,-0.6594457765584065,-0.6594457765669406,-0.6594457765167065,-0.6594478655488334,-0.6594481752791382,-0.6594476995209461,-0.6594469423270227,-0.6594461468626622,-0.65944542003942,-0.6594447997521488,-0.6594442906636933,-0.6594438828877585,-0.659443561438449]}