{"parameters":[[100,-0.01,1.0e-8],[100,-0.001,1.0e-9]],"runtime":318.634213053,"energies":[-0.6594431282323046,-0.664468985113236,-0.6644172221859461]}