{"Ds":[2,4],"energies":[[-0.6594424886615755,-0.6594424887466805,-0.6594424887466814,-0.6594424887466691],[-0.6687360758135263,-0.6687368077815189,-0.6687358300744961,-0.6687362817183178]],"ks":[3,5,7,9]}