{"parameters":[[1000,-0.001,1.0e-8],[200,-0.0001,1.0e-9],[200,-1.0e-5,1.0e-9]],"runtime":5347.657333606,"energies":[-0.6594386465732698,-0.6594386880293589,-0.6594387174621553,-0.6594387387709307,-0.6594387544403103,-0.6594387661032515,-0.6594387748628572,-0.6594387814859433,-0.6594387865177035,-0.6594387903530272,-0.6594387932838861,-0.6594387852990494,-0.6594387773189999,-0.6594387764360827,-0.6594387755531328]}