{"parameters":[[200,-0.01,1.0e-6],[1000,-0.001,1.0e-8],[200,-0.0001,1.0e-8],[200,-1.0e-5,1.0e-8]],"runtime":75788.105073531,"energies":[-0.6649466476613789,-0.6676676525811683,-0.6690039611936129,-0.6696998784695194,-0.6700801771233174,-0.6702964667011659,-0.6704260764696935,-0.6705076044416303,-0.6705604407573367,-0.6705974130388169,-0.6706243241776455,-0.6706450615451938,-0.6706610168426512,-0.6706739742213352,-0.6706844771856129,-0.6706927910318374,-0.6706993283413172,-0.6707047964383906,-0.6707096677248482,-0.6707138648372017,-0.670717561538558,-0.6707191028139708,-0.6707204319014305,-0.6707226939850293,-0.6707235280681014,-0.6707254581414843,-0.6707261924141776,-0.6707271104114492,-0.6707284766803866,-0.6707293507842539,-0.670730884102581,-0.6707316255079124,-0.6707326191878923,-0.6707334255710102,-0.6707339858855996,-0.6707353230083613,-0.6707359760491332,-0.6707366109582054,-0.6707373134152756,-0.6707378375947936,-0.6707381963994569,-0.6707392086240227,-0.6707396686838026,-0.6707400310820462,-0.6707409327863294,-0.6707415059995679,-0.6707413109888433,-0.6707419774814596,-0.6707422285178091,-0.6707424335332347,-0.6707432725626248,-0.6707436580332862,-0.6707439614099416,-0.6707440204700231,-0.670743964372385,-0.6707442932289248,-0.6707451774836244,-0.6707452831873687,-0.6707452713752824,-0.6707457544857459,-0.6707464622415941,-0.6707461557794849,-0.6707472607185536,-0.6707472049135622,-0.6707473639825685,-0.6707478567131635,-0.6707482893567195,-0.670748850236692,-0.6707496455974845,-0.670749312977297,-0.6707495254936663,-0.6707499986850894,-0.6707499228161313,-0.6707501520872202,-0.6707507366720019,-0.6707512689845836,-0.6707508361390236,-0.6707513430479503,-0.6707515057863046,-0.6707517360195396,-0.6707518984684141,-0.6707523009063625,-0.6707518175051884,-0.6707521757140787,-0.6707525952821863,-0.6707529178517965,-0.670752714757149,-0.6707539622273214,-0.6707533150219706,-0.6707540893365964,-0.6707535739953563,-0.6707538784110243,-0.6707537431082387,-0.6707546295960654,-0.6707543305442364,-0.6707546668110882,-0.6707543586280597,-0.6707545907534168,-0.6707552056296987,-0.6707551466228858,-0.6707548352492398,-0.6707556488501154,-0.6707551153323353,-0.6707557490577974,-0.6707556605637482,-0.6707556295676804,-0.6707553102719059,-0.6707557908292426,-0.6707557594319954,-0.6707571853548379,-0.6707566410452982,-0.6707563001261758,-0.6707566996491682,-0.6707567954540263,-0.6707574838628159,-0.6707569017208457,-0.6707575743795468,-0.6707574797730692,-0.6707577493546846,-0.670758052922487,-0.6707584043529955,-0.6707577335677581,-0.6707577301561574,-0.670757859637406,-0.6707587933156168,-0.6707583674534257,-0.6707580942395629,-0.6707576053944355,-0.6707579668714638,-0.6707577358604336,-0.6707579032135068,-0.6707580529005495,-0.6707578336465425,-0.6707578876856377,-0.6707584032162452,-0.6707580126921985,-0.6707582655234018,-0.6707585736274596,-0.6707580572763446,-0.6707582582177366,-0.6707580943910467,-0.6707579554921677,-0.6707586470604192,-0.6707582046523557,-0.6707575683541598,-0.670758793801948,-0.6707584034269394,-0.6707579605858919,-0.6707582458263556,-0.6707581657875755,-0.6707581048018824,-0.6707583776848688,-0.6707578676204348,-0.6707580139173627,-0.6707580916900358,-0.6707576639596211,-0.6707579274314855,-0.6707577570742981,-0.6707577029569824,-0.6707579202467667,-0.67075800419779],"final_energy":-0.6687409543884167}