{"Ds":[2,3,4],"energies":[[-0.6594424886617167,-0.6594424887466802,-0.659442488746766,-0.65944248874668],[-0.6642741661741137,-0.664274277044163,-0.6642743011455357,-0.6642743054814397],[-0.6687371537972927,-0.668735274230593,-0.6687365702761932,-0.6687363928915042]],"ks":[3,5,7,9]}