{"parameters":[[5000,-0.001,1.0e-8],[200,-0.0001,1.0e-9],[200,-1.0e-5,1.0e-9]],"runtime":90853.794050659,"energies":[-0.6677711142499104,-0.6680584852361301,-0.6682802095201891,-0.6684523986512279,-0.6685913479121114,-0.6687020131296574,-0.6687928678295407,-0.6688678812867529,-0.6689281830764824,-0.6689792005842399,-0.6690213585270104,-0.6690568194316622,-0.6690862144428946,-0.6691111646594492,-0.6691333801289817,-0.6691511230490944,-0.6691663531335672,-0.6691797530531237,-0.6691919198247263,-0.6692027758420617,-0.6692104968093767,-0.669216659307164,-0.6692236588121104,-0.669229407031631,-0.6692347603684086,-0.6692387851208527,-0.6692428554904822,-0.6692443201179326,-0.66924697977187,-0.6692483927468853,-0.6692521001750044,-0.6692539408804695,-0.6692558255888312,-0.669256572442121,-0.6692571937223706,-0.6692574299624137,-0.669259179291562,-0.6692616445685686,-0.6692614995769544,-0.6692613377062089,-0.6692622862086876,-0.6692640123924258,-0.6692626788999018,-0.6692623459289585,-0.6692636346991843,-0.6692626483852124,-0.6692643550220956,-0.6692623016258643,-0.6692637990036143,-0.6692646200301788,-0.6692659747313027,-0.6692637947193325,-0.6692657466109498,-0.6692638691973732,-0.6692633283087494]}