{"Ds":[2,3,4],"energies":[[-0.661030303614802,-0.65944256215781,-0.6594424982055759,-0.659442497462116,-0.6594424974615004,-0.6594424974615003,-0.6594424974615004,-0.6594424974615004,-0.6594424974615004,-0.6594424974615002,-0.6594424974615003,-0.6594424974615001],[-0.6602258003215657,-0.6641590798305531,-0.6642725909603999,-0.6642769887594975,-0.6642771366168194,-0.6642771405599803,-0.6642771404942565,-0.6642771409261902,-0.664277141460757,-0.6642771411184012,-0.6642771410575945,-0.6642771404817042],[-0.663662345750086,-0.6682437841508263,-0.6687134800060155,-0.6687431313690999,-0.6687457455978518,-0.6687460185789657,-0.6687460341750803,-0.6687460350334573,-0.6687460355143092,-0.6687460355795158,-0.6687460359098253,-0.6687460353969525]],"ks":[3,5,7,9,11,13,15,17,19,21,23,25]}