{"parameters":[[300,-0.01,1.0e-8]],"runtime":97619.560874333,"energies":[-0.669896704454281,-0.6698711785380964,-0.669869043492336,-0.669869741560114]}