{"parameters":[[2000,-0.05,1.0e-6],[2000,-0.005,1.0e-8],[500,-0.0005,1.0e-8],[500,-5.0e-5,1.0e-8]],"runtime":2129.439078156,"energies":[-0.046490662233472285,-0.3279244829310762,-0.4748390474402573,-0.5392053526083653,-0.598698106121648,-0.6420047832967279,-0.656216287312222,-0.6590045158362999,-0.659600072616699,-0.6597376077260078,-0.6597703911886137,-0.659778359982652,-0.6597803216566428,-0.6597808078509103,-0.6597809254193984,-0.659780956070706,-0.6597809632403338,-0.6597809648754802,-0.6597809669054696,-0.6597809654829229,-0.6597809651575308,-0.6597809215787742,-0.6597909095836579,-0.6598756411671545,-0.6599385426371724,-0.6599852380045732,-0.6600198748274585,-0.6600455182285008,-0.660064568407662,-0.6600786385865991,-0.6600890352452743,-0.6600967025082747,-0.6601023597749966,-0.6601062810341399,-0.6601095511420579,-0.6601117703668753,-0.6601133829801823,-0.6601145453147376,-0.6601153803749372,-0.6601159724693764,-0.6601163867464077,-0.6601166723319088,-0.660116862659065,-0.6601169858548468,-0.6601170618830877,-0.6601171001980641,-0.6601171185407004,-0.6601171197401796,-0.6601171148326443,-0.6601170896821983,-0.660117066746249,-0.6601170423036782,-0.660117008589433,-0.6601169926708698,-0.6601169688314282,-0.6601169461288449,-0.6601169244223802,-0.6601169059848224,-0.6601168869298273,-0.6601168704618866,-0.6601168559143955,-0.660116841146628,-0.6601168294576312,-0.6601168185610806,-0.6601168096697086,-0.6601168006950455,-0.6601167874005708,-0.6601167747860297,-0.6601167789673481,-0.6601167734215581,-0.6601167678557275,-0.6601167640768852,-0.6601167609932413,-0.6601167566816528,-0.660116753803786,-0.6601167520903515,-0.660116749086806,-0.6601167477010629,-0.6601167442697543,-0.660116743301676,-0.6601167411517695,-0.660116726147084,-0.6601167395163043,-0.6601167380098721,-0.6601167383137757,-0.6601167361988526,-0.660116738887647,-0.660116761501113,-0.6601167838478004,-0.660116803451015,-0.660116820038661,-0.6601168366884409,-0.6601168464938098,-0.6601168625463649,-0.6601168747381779,-0.6601168838306284,-0.6601168915560292,-0.6601169122555812,-0.6601169047808119,-0.6601169101019866,-0.6601169131612458,-0.6601169157801706,-0.6601169051867468,-0.6601169221312227,-0.6601169173892795,-0.6601169162577089,-0.6601169129548984,-0.6601169131655729,-0.660116911973909,-0.6601169123034462,-0.6601169120258107,-0.6601169117520219,-0.6601169115184078,-0.6601169112116911,-0.6601169106453035,-0.6601169102277173,-0.6601169092512537],"final_energy":-0.6594271075236561}