{"parameters":[[5000,-0.001,1.0e-8],[200,-0.0001,1.0e-9],[200,-1.0e-5,1.0e-9]],"runtime":5761.768432403,"energies":[-0.6594372704018645,-0.6594373063361739,-0.6594373328805623,-0.6594373525102405,-0.6594373675221283,-0.6594373787349782,-0.6594373872258514,-0.6594373936560189,-0.6594373984627856,-0.6594374023186278,-0.6594374051501323,-0.6594374073393026,-0.6594374089983548,-0.6594374101956231,-0.6594374112237505,-0.6594374119286678,-0.6594374125274984,-0.6594374123566494,-0.6594373991584207,-0.6594373840095529,-0.6594373847714486]}