{"parameters":[[20000,-0.001,1.0e-8],[2000,-0.0001,1.0e-9],[500,-1.0e-5,1.0e-9]],"runtime":24615.3041672,"energies":[-0.6592314036591698,-0.6592837938591208,-0.6593224054856704,-0.6593510412436747,-0.6593723827193511,-0.659388348382699,-0.6594003273215541,-0.6594093352108006,-0.6594161205534568,-0.6594212384076731,-0.6594251023956548,-0.6594280219194847,-0.6594302291168515,-0.6594318984637927,-0.6594331614851718,-0.6594341173078363,-0.6594348407883708,-0.6594353884864756,-0.6594358031557737,-0.659436117135229,-0.6594363548986925,-0.6594365349361375,-0.6594366712883637,-0.6594367745489195,-0.659436852758853,-0.6594369119832911,-0.6594369568454392,-0.6594369908229596,-0.6594370165588496,-0.6594370360517671,-0.6594370508232367,-0.6594370620078479,-0.6594370704841912,-0.6594370769065425,-0.6594370817683234,-0.6594370854524816,-0.6594370882508814,-0.6594370903635768,-0.659437091969403,-0.6594370933815609,-0.6594370941066878,-0.6594370948056376,-0.6594370953370405,-0.6594370951706023,-0.6594370844381813,-0.6594370733963856,-0.6594370626281125,-0.659437051961508,-0.6594370413865245,-0.6594370309279358,-0.6594370205993193,-0.6594370103769166,-0.6594370002920449,-0.6594369903453264,-0.659436980539541,-0.6594369708766507,-0.6594369613610528,-0.6594369519962988,-0.659436942872223,-0.659436933725154,-0.659436924822631,-0.6594369160777686,-0.6594369074882311,-0.6594368991260202,-0.6594368981486816,-0.6594368971722675,-0.6594368961983004,-0.6594368952294464]}