{"parameters":[[20000,-0.001,1.0e-8],[2000,-0.0001,1.0e-9],[500,-1.0e-5,1.0e-9]],"runtime":106252.668333053,"energies":[-0.6579580445209983,-0.6335575883368134,-0.6353129275533271,-0.6371150234835237,-0.6391531441703483,-0.6412876753675292,-0.6434600237147775,-0.6455078199901797,-0.6474254526101886,-0.6491053281410528,-0.6506160021996622,-0.6520075388241295,-0.6532728073229589,-0.65441761701409,-0.6554149753214626,-0.6562471825986421,-0.656919787001301,-0.6574548342029191,-0.6578895830030193,-0.6582531273199145,-0.6585328501821037,-0.6587325168969108,-0.658875731257062,-0.6589839111037442,-0.659070469761412,-0.6591422932618798,-0.6592021193228822,-0.6592498794851402,-0.6592859574680189,-0.6593124906502248,-0.6593320273785638,-0.6593467632452636,-0.6593582177902979,-0.6593673767676396,-0.6593748911100445,-0.6593811776215223,-0.6593865232200027,-0.6593911255549254,-0.6593951348745629,-0.6593986487958664,-0.6594017524300726,-0.6594045089048015,-0.6594069691044914,-0.659409170209885,-0.6594111542892491,-0.6594129408425282,-0.659414562636156,-0.6594160324430471,-0.6594173676874804,-0.6594185869044628,-0.6594196997954601,-0.659420720381702,-0.6594216581055913,-0.6594225170675179,-0.6594233063068244,-0.6594240331088559,-0.6594247068086334,-0.6594253257935497,-0.6594258975571762,-0.6594264280184811,-0.6594269185004071,-0.6594273748099192,-0.6594277955940648,-0.6594281894779372,-0.6594285545560375,-0.6594288925795764,-0.6594292090440552,-0.6594295020050732,-0.6594297768059065,-0.6594300321681409,-0.6594302695987074,-0.6594304924417502,-0.6594307009516973,-0.659430895269196,-0.6594310762832165,-0.6594312458174371,-0.6594314053711602,-0.659431553918868,-0.659431693187243,-0.6594318234203879,-0.6594319456142886,-0.659432060593047,-0.6594321622923655,-0.6594322683573216,-0.6594323628696668,-0.6594324518727663,-0.6594325349978288,-0.6594326135020118,-0.6594326872549857,-0.659432756460028,-0.6594328210373741,-0.6594328825816979,-0.6594329400805953,-0.6594329934708708,-0.6594330446148016,-0.6594330920479468,-0.6594331370535823,-0.6594331797040288,-0.659433219336639,-0.6594332568254019,-0.6594332920419574,-0.6594333252679524,-0.6594333563123398,-0.6594333859707842,-0.6594334137260867,-0.6594334397462737,-0.6594334599810892,-0.6594334878351045,-0.6594335096861609,-0.6594335298664362,-0.6594335494432564,-0.6594335678149345,-0.6594335850062326,-0.6594336012488152,-0.6594336166134576,-0.6594336311141609,-0.6594336448659764,-0.6594336574381534,-0.6594336698131438,-0.6594336811182197,-0.6594336917088284,-0.6594337021367228,-0.6594337117294717,-0.659433718444115,-0.6594337293936414,-0.6594337371873455,-0.6594337450947616,-0.6594337522680112,-0.6594337589855058,-0.6594337652648035,-0.6594337713071468,-0.6594337769908818,-0.6594337787721628,-0.6594337875130251,-0.6594337922668534,-0.6594337967284726,-0.6594338008380486,-0.6594338049941427,-0.6594338087215181,-0.6594337597243335,-0.659433815813285,-0.6594338189256301,-0.6594337893538051,-0.6594338248002836,-0.6594338083683152,-0.6594338300260315,-0.659433832427041,-0.659433834591557,-0.6594338368019904,-0.6594338387960282,-0.659433840604142,-0.6594338425103421,-0.6594338437637568,-0.6594338457197066,-0.65943384685807,-0.6594338469813643,-0.6594338307015626,-0.6594338145100211,-0.6594337986844777,-0.6594337830277458,-0.659433767636994,-0.659433752383492,-0.6594337327902763,-0.6594337208615041,-0.6594337082996172,-0.6594336509888705,-0.6594336802081328,-0.6594336665274897,-0.6594336530705154,-0.6594336400432812,-0.6594336271656198,-0.6594336143442865,-0.6594336019784057,-0.6594335899667432,-0.6594335781137178,-0.6594335665486993,-0.6594335633137262,-0.6594335638933421,-0.6594335618331776,-0.6594335612403718]}