{"parameters":[[500,-0.01,1.0e-6],[500,-0.001,1.0e-8],[200,-0.0001,1.0e-8],[200,-1.0e-5,1.0e-8]],"runtime":84184.023871006,"energies":[-0.6656928413142018,-0.6685412413790578,-0.66996763814763,-0.6707223065270582,-0.6711405026962913,-0.671381892195125,-0.6715276513710078,-0.6716201499810108,-0.6716826641951074,-0.6717257618272416,-0.6717570535974227,-0.6717803146808916,-0.6717990752696912,-0.6718138816059634,-0.6718267845702918,-0.6718378157062734,-0.6718467481259485,-0.6718549320675089,-0.6718615349489416,-0.6718680392048525,-0.6718734596563707,-0.6718778432947119,-0.6718816771604739,-0.6718859689607539,-0.6718879686843752,-0.6718903443762989,-0.6718922425223137,-0.6718935767441403,-0.6718945948825735,-0.6718951848404682,-0.6718947388897818,-0.6718952400754186,-0.6718954526207561,-0.6718955116513374,-0.6718958190011268,-0.6718968921576682,-0.6718982687346284,-0.6718988193274325,-0.6718997830709311,-0.6719000075948607,-0.6719007973907554,-0.671902116106881,-0.6719025398702929,-0.6719037745472468,-0.6719052053451652,-0.6719055086905571,-0.6719061504750983,-0.6719062815724242,-0.671907230309797,-0.6719077150022355,-0.6719079922004794,-0.6719081673717058,-0.6719094369547328,-0.6719105517923567,-0.671911339446035,-0.6719121427446044,-0.6719129579057683,-0.6719129921225343,-0.6719130547538119,-0.6719145639969855,-0.6719151968316439,-0.6719157210751477,-0.6719155051133433,-0.671916274275287,-0.6719163922098613,-0.6719177078942069,-0.6719174426294522,-0.6719175624660116,-0.6719190090063509,-0.6719186446069724,-0.6719198531083036,-0.6719198489844447,-0.6719196175388416,-0.6719206873003576,-0.6719207953064827,-0.6719210440315119,-0.6719211634001813,-0.6719214265253829,-0.6719218909719993,-0.6719218260545524,-0.6719223002294586,-0.6719230237026212,-0.6719230164277051,-0.6719232150708176,-0.671922685466347,-0.6719229169097496,-0.6719233639657379,-0.6719232832995072,-0.671923597265823,-0.6719231783384003,-0.6719229817772453,-0.6719229808506982,-0.6719231610666528,-0.6719241479206273,-0.6719237557854276,-0.6719235077642878,-0.6719240783659567,-0.6719238384273082,-0.6719245439280671,-0.671924863795416,-0.6719249693600358,-0.6719254572044489,-0.6719242863708352,-0.6719245409386172,-0.6719241977863373,-0.6719248856034259,-0.6719244236305445,-0.6719245415288354,-0.6719249714703168,-0.6719249107525882,-0.6719248712639467,-0.6719253624534549,-0.671924373287769,-0.6719253824797542,-0.6719242396304574,-0.6719253010558143,-0.6719251304790368,-0.6719249697523639,-0.6719245302855942,-0.6719251665707677,-0.6719241745117295,-0.6719247928382029,-0.6719252341112448,-0.6719248648832575,-0.6719246156933371,-0.6719249838708585,-0.6719250013179131,-0.671924394276733,-0.671924867181575,-0.6719253227599515,-0.6719245653064457,-0.6719249013329935,-0.6719246447754047,-0.6719245354447245,-0.671925090610757,-0.6719248518651737,-0.6719249171566388,-0.6719250885073484,-0.6719251101059269,-0.6719245128340385,-0.6719245508316931],"final_energy":-0.6687528247331873}