{"parameters":[[1000,-0.001,1.0e-8],[200,-0.0001,1.0e-9]],"runtime":162301.016157441,"energies":[-0.6687712783586306,-0.668947599426317,-0.6690894373021448,-0.6692054585764896,-0.6693007383287575,-0.669379946756223,-0.6694476260303912,-0.6695050689340031,-0.6695530142738401,-0.6695958432742973,-0.669631312196476,-0.6696349157210602,-0.6696377807391276]}