{"parameters":[[1000,-0.01,1.0e-8],[1000,-0.001,1.0e-9]],"runtime":419544.910693568,"energies":[-0.66874696092911,-0.6687400546183728,-0.6687443147387676,-0.668741791810495,-0.6687435428256123,-0.6687398554694509,-0.668741058925695,-0.6687403760604,-0.6687395858003973,-0.6687393152295399,-0.6687399112279907,-0.6687493741468522,-0.668753993080965,-0.6687586286541982,-0.668756625983117,-0.668759562467646,-0.6687578230112268,-0.6687629336562698,-0.6687613172211123,-0.6687590493968472,-0.6687599887174258]}