{"parameters":[[1000,-0.01,1.0e-8],[1000,-0.001,1.0e-9]],"runtime":11636.96200414,"energies":[-0.6633816789524372,-0.6633271746177685,-0.663371773465466,-0.6633627811145201,-0.6634078132719801,-0.6633991722767144,-0.6633856187443576,-0.6634343721561495,-0.6634175871461035,-0.6633752290942212,-0.6634030149980588,-0.6634133436809861,-0.6634204639539962,-0.6634287884677343,-0.6634381012215137,-0.6634463952141212,-0.6634517119408206,-0.6634531877210006,-0.6634500969243078,-0.6634412175358472,-0.663429191090359]}