{"parameters":[[500,-0.01,1.0e-6],[500,-0.001,1.0e-8],[200,-0.0001,1.0e-8],[200,-1.0e-5,1.0e-8]],"runtime":4746.746025095,"energies":[-0.6601169329087071,-0.6626886988614985,-0.6641968149526735,-0.6651708420355121,-0.6658287926207207,-0.6662786665283846,-0.6665905498350937,-0.666811344273902,-0.6669667770253409,-0.6670756414534562,-0.6671501770903878,-0.6672016213738118,-0.6672347689402772,-0.6672553569813484,-0.6672682482069647,-0.6672761898358072,-0.6672797528509979,-0.6672829272107647,-0.6672863735511084,-0.6672915370145392,-0.6672965001580855,-0.6672997340576089,-0.6673015249548808,-0.6672995899839445,-0.667297089667128,-0.6672954590365043,-0.6672941983922254,-0.667294921836733,-0.6672954367064902,-0.6672951720246777,-0.6672923621050041,-0.6672895780272892,-0.6672886909966229,-0.6672891341607701,-0.6672921656108367,-0.6672927835322899,-0.6672933227939851,-0.6672923325885124,-0.6672901768450189,-0.6672888731936455,-0.6672864316453455,-0.6672845727145207,-0.6672821902141961,-0.6672792353688624,-0.6672764754646117,-0.6672739838432168,-0.6672713510834214,-0.6672691284125841,-0.6672674329120623,-0.6672648301260873,-0.6672612349258754,-0.6672627378006304,-0.6672630644860909,-0.6672627846321258,-0.6672637782824142,-0.6672645730514702,-0.6672648044678012,-0.6672659473191683,-0.6672656136233966,-0.667267109468271,-0.6672668687965698,-0.6672670294198958,-0.6672676632119191,-0.6672672217405928,-0.6672682098878051,-0.667268323350284,-0.6672687588227979,-0.6672685166787046,-0.6672689320165618,-0.6672692538116631,-0.6672692497704238,-0.6672697711591344,-0.6672694596670596,-0.6672696201887811,-0.6672701763525808,-0.6672694935073279,-0.6672698396973378,-0.6672694867716937,-0.6672703827683036,-0.6672700905740861,-0.6672700404278449,-0.667270698680072,-0.6672698569637847,-0.667270673146799,-0.6672695692948104,-0.6672707505339099,-0.6672700098514555,-0.6672697295352771,-0.6672705080313515,-0.6672700772316299,-0.6672702736926622,-0.6672694953201577,-0.6672700894739413,-0.6672705662963727,-0.6672702763535209,-0.6672698796217768,-0.6672695488910705,-0.6672693929852844,-0.667269868474355,-0.6672707141014919,-0.6672695771486971,-0.6672699760519956,-0.6672702831277741,-0.6672696887622808,-0.6672705900665042,-0.6672700002745955,-0.6672699884330867,-0.6672699333630067,-0.6672700262117642,-0.6672699098571382,-0.6672700176507997,-0.6672702327464558,-0.6672702210217163,-0.6672700650036484,-0.667270444398416,-0.6672700660912358,-0.667270374445459,-0.6672700508799312,-0.667271123116766,-0.6672703988124769,-0.6672703510840895,-0.6672704976519002,-0.6672701674149495,-0.6672703600601692,-0.6672702550272359,-0.6672703528389806,-0.6672699590817612,-0.6672701217561015,-0.6672700940444412,-0.667270036181585,-0.6672703872138385,-0.6672701893260158,-0.6672706533784571,-0.6672700157868314,-0.6672703046454986,-0.6672703038193589,-0.667270252667425,-0.6672703064516685,-0.6672700472546678,-0.6672701982032019,-0.6672701142737264],"final_energy":-0.6636892493046629}