{"parameters":[[1000,-0.01,1.0e-8],[10000,-0.001,1.0e-9]],"runtime":1806.208373361,"energies":[-0.6592336261589136,-0.6594361529944257,-0.6594473189743848,-0.659448029296479,-0.6594480747372575,-0.6594480775760421,-0.6594480778209413,-0.6594480778414973,-0.6594480777844203,-0.6594480777999435,-0.6594480778247733,-0.659450163867408,-0.6594504712111532,-0.6594499925081401,-0.6594492349350142,-0.6594484383532506,-0.6594477106899037,-0.6594470897482432,-0.6594465801750153,-0.6594461720162634,-0.6594458502779525,-0.6594455994113311,-0.6594454051895593,-0.6594452558061559,-0.6594451411942583,-0.6594450535401317,-0.6594449866428069,-0.6594449355881279,-0.6594448968428739,-0.659444867318834,-0.6594448448694696,-0.6594448278093421,-0.659444814850427,-0.6594448050069232,-0.6594447975363302,-0.6594447918603092,-0.6594447875515678,-0.6594447842444545,-0.6594447818020748,-0.6594447798805492,-0.6594447784897922,-0.6594447774008876,-0.6594447765760327,-0.6594447759567089,-0.6594447754784329,-0.6594447751176638,-0.6594447748423329,-0.6594447746386601,-0.659444774482846,-0.6594447743679712,-0.6594447742764049,-0.6594447741979106,-0.6594447741523369]}