{"parameters":[[500,-0.01,1.0e-6],[500,-0.001,1.0e-8],[200,-0.0001,1.0e-8],[200,-1.0e-5,1.0e-8]],"runtime":873047.7606119,"energies":[-0.6719370856061663,-0.6721802228076901,-0.6723405569441516,-0.6724491374672587,-0.6725227566780312,-0.672572575411327,-0.6726067297911872,-0.6726297182281404,-0.6726450766252161,-0.672655142823867,-0.672661236600016,-0.6726650039603108,-0.6726671605771339,-0.6726691007915719,-0.6726685797025965,-0.672667568666379,-0.6726664143515526,-0.6726661553928351,-0.6726642410135876,-0.6726618341481737,-0.6726603995059496,-0.672659687528021,-0.6726576625971182,-0.672657055314378,-0.6726562065599477,-0.672654411630299,-0.6726537320094754,-0.6726530677736715,-0.6726517561429499,-0.6726508648508893,-0.6726509614801461,-0.6726493251860922,-0.6726490646900027,-0.6726491154691052,-0.6726485585425351,-0.6726481115427418,-0.6726473309178896,-0.6726469297867707,-0.6726478739274937,-0.6726467803464394,-0.6726463801120037,-0.6726465613340831,-0.6726460252532341,-0.6726459104309979,-0.6726459365672353,-0.6726453352505573,-0.672645738739512,-0.6726461802238746,-0.6726456240131908,-0.6726455098779551,-0.6726474114727086,-0.672648092796351,-0.6726491987644946,-0.672650286968559,-0.672650900524933,-0.6726507284786742,-0.6726533026572705,-0.6726538831684503,-0.6726531220874251,-0.6726536519963652,-0.6726544045401834,-0.6726556339728949,-0.6726561891666332,-0.6726568035028141,-0.6726567826958012,-0.6726573159720644,-0.6726574637530458,-0.672657822739392,-0.6726585924317499,-0.6726580146104513,-0.6726583162573165,-0.6726588823881783,-0.6726596785152059,-0.67265953102101,-0.6726595099174205,-0.6726595164729747,-0.6726598538593295,-0.6726606923579234,-0.6726602492845293,-0.6726614166445892,-0.6726621965424031,-0.6726609767380607,-0.6726605069814882,-0.672661453975697,-0.6726614267385107,-0.6726614752169462,-0.672660941542385,-0.6726624113497617,-0.6726621714078529,-0.6726612291835474,-0.6726613703010522,-0.6726614821793231,-0.6726618877159898,-0.6726621814529445,-0.672662030467151,-0.6726623597295693,-0.6726619375519909,-0.6726625338146559,-0.672662828709226,-0.6726623401873009,-0.6726622513713549,-0.6726625702486106,-0.6726622681975669,-0.6726615672437025,-0.6726632240878784,-0.6726623432014747,-0.6726627677378793,-0.6726620501132248,-0.6726624021000951,-0.6726626966275421,-0.6726627847850127,-0.6726624089345727,-0.6726627589065405,-0.6726618111468539,-0.6726620903520933,-0.6726623497327837,-0.6726623982843081,-0.6726622436314603,-0.672662102368794,-0.6726619850966391,-0.6726624850653684,-0.672662350362408,-0.6726623213603389,-0.6726622828101675,-0.6726619853443379,-0.6726609062231179,-0.6726624665436014,-0.6726619206745368,-0.6726619353860467,-0.6726621541655251,-0.6726626569646459,-0.6726624305531997,-0.672662811375788,-0.6726626089697406,-0.6726625218166903,-0.6726620428617247,-0.6726628290272134,-0.6726624333393736,-0.6726621502198833],"final_energy":-0.6692052541802279}