{"parameters":[[200,-0.01,1.0e-6],[1000,-0.001,1.0e-8],[200,-0.0001,1.0e-8],[200,-1.0e-5,1.0e-8]],"runtime":12546.999609768,"energies":[-0.6596849135926156,-0.6620559120301577,-0.6633818620773212,-0.6641906254699427,-0.6646986164492523,-0.6650176421659686,-0.665212499015203,-0.6653245991314307,-0.6653813192935343,-0.6654010873817701,-0.6653967959930389,-0.6653782872948617,-0.6653516639586178,-0.6653205882822694,-0.6652864719296323,-0.6652504667475703,-0.6652138092270128,-0.6651786235037074,-0.6651451362192483,-0.6651152545821398,-0.6650881635544471,-0.6650864874068625,-0.6650846978338509,-0.6650830810751822,-0.6650811596100111,-0.6650797837491197,-0.6650776921339729,-0.6650761499800489,-0.6650743491797817,-0.6650723171512157,-0.665070297639148,-0.6650686514963283,-0.6650666005456733,-0.6650646297649387,-0.6650628978785824,-0.665061024133417,-0.6650591478760305,-0.6650573200605856,-0.6650555206550578,-0.6650535966721571,-0.6650516496619633,-0.6650498619251874,-0.6650479090236798,-0.6650461503408736,-0.6650444056597036,-0.6650425646744884,-0.6650406669656139,-0.6650391147419015,-0.6650372968732359,-0.6650351934482704,-0.6650338725148572,-0.6650320289221895,-0.6650303269289839,-0.6650286273124094,-0.665026974111661,-0.6650254752217155,-0.6650238518676297,-0.665022162373662,-0.6650205967876601,-0.6650190566690877,-0.6650173541370059,-0.6650159952344105,-0.6650144329081865,-0.6650128299374607,-0.6650112023490636,-0.6650098260598463,-0.6650085200177008,-0.6650069260083166,-0.6650053341288205,-0.6650040066374021,-0.6650025034167453,-0.6650012385690505,-0.6649996477299078,-0.6649983664370634,-0.6649968979531053,-0.6649953699596152,-0.6649943874979782,-0.6649929712840548,-0.664991443765397,-0.6649905620668336,-0.6649891435932176,-0.6649878968866816,-0.6649864539666421,-0.6649850947242723,-0.6649841213151703,-0.6649827307702643,-0.6649817719593201,-0.6649803670858593,-0.6649793178177731,-0.6649776986369469,-0.6649765338698955,-0.6649754137361157,-0.6649739719295357,-0.6649732457824402,-0.6649720330444829,-0.6649706616992606,-0.6649696620969044,-0.664968913665923,-0.6649676594455312,-0.6649664688390581,-0.6649653994163236,-0.6649643032173467,-0.664963541052255,-0.6649623526711298,-0.664961249252944,-0.6649603538477629,-0.6649594104593196,-0.6649583860448203,-0.6649573779702453,-0.6649566072776812,-0.6649555325026012,-0.664954865948217,-0.6649538862268546,-0.6649531049222765,-0.6649522019040421,-0.6649514565286653,-0.6649505907724705,-0.664949854586823,-0.6649491426967515,-0.6649483484199189,-0.6649474024847362,-0.6649474445224928,-0.6649475624863183,-0.6649472473649186,-0.664947069004874,-0.6649473668798103,-0.6649472899293584,-0.6649468744538806,-0.6649468927246491,-0.6649468733665416,-0.6649467947943236,-0.6649464775040616,-0.6649468703566989,-0.6649464640997548,-0.6649466605996638,-0.664946585299948,-0.6649463859056596,-0.6649462555256092,-0.6649463018977237,-0.6649462132003263,-0.6649460778611882,-0.6649462606772399,-0.6649460621947207,-0.6649458987999082,-0.6649460675570548,-0.6649461153934888,-0.6649460441089051,-0.664946294783735,-0.6649462563203007,-0.6649460379456579,-0.6649460688390214,-0.6649458745202271,-0.6649461633238241,-0.66494597156677,-0.664946033361036,-0.6649458805718724,-0.6649460334220249,-0.6649461042289075,-0.6649459120678817,-0.6649461255771348,-0.6649460066941247],"final_energy":-0.6635905728125828}