{"parameters":[[5000,-0.001,1.0e-8],[1000,-0.0001,1.0e-9],[200,-1.0e-5,1.0e-9]],"runtime":50667.996810853,"energies":[-0.6590624142996374,-0.6590862629987889,-0.6591020925548748,-0.6591121025566979,-0.6591181318176097,-0.6591216100819548,-0.6591235965778247,-0.6591248390557158,-0.6591258505224987,-0.6591269641366463,-0.6591283704866762,-0.6591301522951403,-0.6591323168733235,-0.6591348245093759,-0.6591376063193946,-0.6591405842955642,-0.659143691403776,-0.6591468893422194,-0.6591501771231087,-0.6591535853320775,-0.659157157611194,-0.659160913525675,-0.6591648243530439,-0.6591688404551269,-0.6591735487147018,-0.6591811347138705,-0.6591948858856191,-0.6592166407427201,-0.6592456673323681,-0.6592784947250494,-0.6593105025064531,-0.6593384494244929,-0.6593612351622737,-0.6593791271553632,-0.659392900372413,-0.6594033916913677,-0.6594113498177151,-0.6594173823279929,-0.6594219616769404,-0.6594254483550409,-0.6594281143274896,-0.6594301634607209,-0.6594317479929956,-0.6594329815871202,-0.659433948933115,-0.6594347134216353,-0.65943532252965,-0.6594358119112458,-0.6594362084671456,-0.6594365325551809,-0.6594367996721381,-0.6594370216667057,-0.6594372076400867,-0.6594373646558979,-0.659437498197687,-0.6594376125731459,-0.6594377111867532,-0.659437796736699,-0.6594378713897812,-0.6594379368955311,-0.6594379946824218,-0.6594380459113165,-0.6594380915390481,-0.6594381323615163,-0.6594381690428285,-0.6594382021021269,-0.6594382320897688,-0.6594382593588562,-0.6594382842517852,-0.6594383070530108,-0.6594383280092156,-0.6594383473356005,-0.6594383652212017,-0.6594383818231446,-0.6594383972774153,-0.6594384117049048,-0.659438425216268,-0.6594384379027622,-0.659438449839665,-0.6594384610964256,-0.6594384717344205,-0.6594384818210328,-0.6594384913891782,-0.6594385004896138,-0.6594385091580733,-0.6594385174280345,-0.6594385253350791,-0.659438532906534,-0.659438540138842,-0.6594385470875073,-0.6594385537595435,-0.6594385601608832,-0.6594385663465605,-0.6594385722927173,-0.6594385780183869,-0.6594385835391462,-0.659438588867204,-0.6594385940087192,-0.6594385989744256,-0.6594386037754917,-0.6594386084163593,-0.6594386048534061,-0.6594386012698052,-0.6594385976866902,-0.6594385941004648,-0.6594385905168485,-0.6594385869338042,-0.6594385833555692,-0.6594385797604745,-0.6594385762198496,-0.6594385726610297,-0.6594385691138381,-0.6594385655766595,-0.6594385620423011,-0.659438558535811,-0.6594385549898946,-0.6594385515515748,-0.6594385480798907,-0.6594385446283544,-0.659438541192849,-0.6594385377730618,-0.6594385373829166,-0.6594385369937725,-0.6594385366024248,-0.6594385362133391]}