{"parameters":[[500,-0.01,1.0e-6],[500,-0.001,1.0e-8],[200,-0.0001,1.0e-8],[200,-1.0e-5,1.0e-8]],"runtime":8662.092427478,"energies":[-0.6598220677842025,-0.6622578554058802,-0.6636407116544555,-0.6645012352316068,-0.6650585709769402,-0.6654235801022577,-0.6656595671107337,-0.6658063336661822,-0.6658947866938769,-0.6659449235573542,-0.6659676646884467,-0.6659726873645593,-0.6659681632372463,-0.6659568105956921,-0.6659406676241217,-0.665920789911508,-0.6658979877495519,-0.66587352243288,-0.6658513597645015,-0.6658298624522327,-0.6658107887523038,-0.6657943502875878,-0.665781189007667,-0.6657696074470592,-0.6657592963348875,-0.6657516123736933,-0.6657450432349468,-0.6657383200323733,-0.6657314136390153,-0.6657252247254272,-0.6657190186748075,-0.6657146901743888,-0.6657103954281025,-0.665706099610555,-0.6657026276182896,-0.6656990993364005,-0.6656979177247859,-0.6656957485650165,-0.6656946524697387,-0.6656915250744083,-0.6656882886552233,-0.6656858833269235,-0.6656841199881388,-0.6656826734867165,-0.6656808037928239,-0.6656777017110741,-0.6656741558492171,-0.6656719190651759,-0.6656706417156848,-0.6656702947393163,-0.6656714587437618,-0.665672661190094,-0.6656734388084675,-0.6656747428891654,-0.6656759505022576,-0.6656767650581148,-0.6656778364717826,-0.6656785105474452,-0.6656796202775792,-0.6656806238879829,-0.6656808093447936,-0.6656819387805673,-0.6656828743855052,-0.6656834698590168,-0.6656842354062484,-0.6656849159394138,-0.6656856331560026,-0.6656864533066216,-0.6656871538653015,-0.6656873900890781,-0.6656876788992221,-0.6656877995574777,-0.6656884844677478,-0.665688509479183,-0.6656889066596761,-0.6656889450372774,-0.6656888583170952,-0.6656895123474104,-0.6656895108498202,-0.665689892320581,-0.6656898384373449,-0.6656900735686404,-0.6656904469245379,-0.6656905334125467,-0.6656906227396511,-0.6656908033848412,-0.6656907662062561,-0.6656910747295272,-0.6656917607942756,-0.6656915060063009,-0.6656922069288949,-0.6656920009447751,-0.6656917236262263,-0.6656918678277123,-0.6656919453430745,-0.6656917098457107,-0.6656919296165678,-0.6656915441508076,-0.6656918877174769,-0.6656917446215589,-0.6656918225884378,-0.6656919569080296,-0.6656917292859896,-0.6656919835693547,-0.6656918022474657,-0.6656918748992852,-0.6656916773496551,-0.6656921247887735,-0.6656922137694483,-0.6656916927477002,-0.6656919626660032,-0.6656920218776756,-0.6656920131346735,-0.6656920008696652,-0.6656920722990289,-0.6656921360283581,-0.6656921374572851,-0.6656922938548651,-0.665692307267438,-0.6656922266694791,-0.6656922557301325,-0.6656917393856723,-0.6656919458104603,-0.6656918713149773,-0.6656922233729701,-0.6656922696425629,-0.6656920388950995,-0.6656920113253029,-0.6656920350843425,-0.6656922284065889,-0.6656919685498031,-0.6656921763298611,-0.6656924311219409,-0.6656917407734761,-0.665692094594205,-0.6656920545858833,-0.6656923191814333,-0.665692146913407,-0.6656921213029792,-0.6656921503349593,-0.6656920970805889],"final_energy":-0.6635631575592443}