{"parameters":[[500,-0.01,1.0e-6],[500,-0.001,1.0e-8],[200,-0.0001,1.0e-8],[200,-1.0e-5,1.0e-8]],"runtime":51017.245954548,"energies":[-0.6672713715216708,-0.6702848527341351,-0.6718419959737756,-0.6726921071224957,-0.6731788028724872,-0.6734691117155056,-0.6736500739747147,-0.6737690499808742,-0.6738516686744981,-0.673910792335742,-0.6739563264160805,-0.6739928910270672,-0.6740208408718437,-0.6740436856477223,-0.6740630888497366,-0.6740787877614883,-0.6740916954944242,-0.6741023293288406,-0.6741094363323099,-0.6741160446247445,-0.6741222078747424,-0.674126898144598,-0.6741310458633551,-0.6741341784974623,-0.674137508048027,-0.6741383838660253,-0.6741393662144479,-0.674139997685232,-0.6741419495871215,-0.6741420714576107,-0.6741431578916526,-0.6741441339269122,-0.6741450588026724,-0.6741453518524162,-0.674144104151201,-0.6741441612621712,-0.6741438682163362,-0.674144752353253,-0.6741442080747869,-0.6741448076847716,-0.6741452982348393,-0.6741459752990662,-0.6741482217847936,-0.6741493419563613,-0.6741503557008172,-0.6741506249397156,-0.6741527332178089,-0.6741532320846549,-0.6741539914856103,-0.6741543655377235,-0.6741549893383143,-0.674155738917631,-0.6741564301142513,-0.6741569536606291,-0.6741577958634244,-0.6741583618290863,-0.6741582569186462,-0.6741588020415169,-0.6741599405635949,-0.6741600986511229,-0.6741602856787874,-0.6741609141207106,-0.6741613771621231,-0.6741615674814807,-0.6741612622368168,-0.6741617751130593,-0.6741614708047665,-0.6741626694782286,-0.6741619224460135,-0.6741622617106469,-0.6741625716785349,-0.6741619587453496,-0.6741620608186144,-0.6741624786626039,-0.6741633349372211,-0.6741636225027099,-0.6741635514532853,-0.6741650651488251,-0.6741653857833697,-0.6741653555374127,-0.6741663617957686,-0.6741660600374595,-0.6741658518141088,-0.6741676994179004,-0.6741678778784119,-0.6741685821725504,-0.6741685057675867,-0.6741685489449485,-0.6741693617499868,-0.6741701829742621,-0.6741700601446634,-0.6741692553066612,-0.6741700908301477,-0.6741704874957029,-0.6741706917290826,-0.6741698966953948,-0.6741699549027637,-0.6741707785809528,-0.6741700265497608,-0.6741696600354623,-0.6741708932186121,-0.6741704526042172,-0.6741702638984753,-0.6741704527045121,-0.6741707764584709,-0.6741700240991666,-0.674170891451269,-0.6741705653235417,-0.6741710105575689,-0.67417124364917,-0.6741703675736022,-0.6741708930711828,-0.6741704879896573,-0.6741710691363152,-0.6741709108297056,-0.6741707543297368,-0.6741708702704181,-0.6741709343242137,-0.6741705396525796,-0.6741704085305988,-0.6741710648912195,-0.6741709258416364,-0.6741705088986828,-0.6741707930408004,-0.6741703882797458,-0.6741699809809999,-0.6741707618848766,-0.6741707429904836,-0.6741707355499504,-0.6741706996925677],"final_energy":-0.6687963920308462}