{"parameters":[[20000,-0.001,1.0e-8],[2000,-0.0001,1.0e-9],[500,-1.0e-5,1.0e-9]],"runtime":11640.734283697,"energies":[-0.6592327517915177,-0.6592839679692616,-0.6593217280833581,-0.659349738014518,-0.659370614692768,-0.6593862321830686,-0.6593979485545334,-0.6594067573558792,-0.6594133915100383,-0.6594183938787765,-0.6594221695574519,-0.6594250214536919,-0.6594271767761719,-0.6594288063059479,-0.6594300388100612,-0.659430971160835,-0.6594316766059232,-0.6594322104368096,-0.6594326144515462,-0.6594329201927801,-0.6594331516767029,-0.6594333268931554,-0.6594334595196212,-0.6594335599160307,-0.6594336359162942,-0.6594336934519873,-0.6594337369677011,-0.6594337699776424,-0.6594337949091177,-0.659433813836792,-0.6594338267801882,-0.6594338389726069,-0.6594338471713208,-0.6594338531554705,-0.6594338580330816,-0.6594338616370977,-0.6594338643130356,-0.659433866155069,-0.6594338678810667,-0.6594338690808015,-0.6594338699611915,-0.659433870120141,-0.6594338711432608,-0.6594338709009453,-0.6594338544501421,-0.659433838218102,-0.6594338222115864,-0.6594338064326554,-0.6594337909044348,-0.6594337756206052,-0.6594337604684689,-0.6594337457921297,-0.6594337312516834,-0.6594337169674613,-0.6594337029473684,-0.6594336889891734,-0.6594336756348014,-0.659433660102763,-0.6594336494146144,-0.6594336360220102,-0.6594336240306738,-0.6594336119451922,-0.6594335999845211,-0.6594335883493693,-0.6594335869876263,-0.6594335856085309,-0.6594335842676082,-0.6594335829112817]}