{"parameters":[[5000,-0.001,1.0e-8],[200,-0.0001,1.0e-9],[200,-1.0e-5,1.0e-9]],"runtime":19956.653538703,"energies":[-0.6632759602412175,-0.6639272162932957,-0.6642637265222207,-0.6644209932383984,-0.6644755353946826,-0.6644710782740585,-0.6644344178617587,-0.6643804114086157,-0.6643179544570058,-0.6642539516603898,-0.6641901128152585,-0.6641277626814029,-0.6640684374650782,-0.6640127707280491,-0.6639616854777648,-0.6639153948820842,-0.6638730600472257,-0.6638340327495815,-0.6637984329315353,-0.6637664812858814,-0.6637382240425242,-0.6637134853696759,-0.6636906282874363,-0.6636694150815876,-0.6636503198205577,-0.6636335090408615,-0.6636184862346938,-0.6636061014685094,-0.6635931974026268,-0.6635795681888021,-0.6635673848201046,-0.6635554174054694,-0.6635450873119322,-0.6635369034947582,-0.6635309045397307,-0.6635250123761791,-0.6635194438820872,-0.6635140765631866,-0.6635099322744303,-0.6635066386438347,-0.6635046721082309,-0.6635030390075911,-0.6635007862439827,-0.6634975126472431,-0.6634938882959459,-0.6634899531654168,-0.6634852551976586,-0.6634827666057662,-0.6634826196858526,-0.663482458406217,-0.6634803762036563,-0.6634805766946429,-0.6634805746851513,-0.663480285882618,-0.663480372292333]}