{"parameters":[[5000,-0.001,1.0e-8],[200,-0.0001,1.0e-9],[200,-1.0e-5,1.0e-9]],"runtime":243668.654296312,"energies":[-0.6674971702492232,-0.6677624648105772,-0.6679655688345593,-0.6681236177026926,-0.6682482938179457,-0.6683465615189579,-0.6684270411248673,-0.6684912808618085,-0.6685449877140442,-0.6685879226733316,-0.6686235252506132,-0.668653427997061,-0.6686793250591535,-0.6686989702469011,-0.6687175117919009,-0.6687319590759814,-0.6687454442119068,-0.6687546596143128,-0.6687639514811976,-0.6687726046289479,-0.6687802345433644,-0.6687855347817022,-0.6687911035298119,-0.6687955380766026,-0.6687988934791038,-0.6688013447039673,-0.6688048670439316,-0.6688065648400968,-0.6688089280337832,-0.6688113662849714,-0.6688133727710873,-0.6688136871885173,-0.6688160423809484,-0.6688155635335007,-0.6688184260186475,-0.6688187916999573,-0.6688184463423605,-0.6688188176592227,-0.6688201170730907,-0.6688208102116326,-0.6688200718425391,-0.6688210890415206,-0.6688227162387724,-0.6688219022706813,-0.6688228630821113,-0.668821549865805,-0.6688229891818804,-0.6688225381816779,-0.6688227724679305,-0.6688232775203604,-0.6688238193897933,-0.6688231034824655,-0.6688235932446902,-0.6688230169056795,-0.668822369775414]}