{"Ds":[2,4],"energies":[[-0.661030303614802,-0.65944256215781,-0.6594424982055759,-0.659442497462116,-0.6594424974615004,-0.6594424974615003,-0.6594424974615004,-0.6594424974615004,-0.6594424974615004,-0.6594424974615002,-0.6594424974615003,-0.6594424974615001],[-0.663662345750086,-0.6682437841508263,-0.6687134800060155,-0.6687431313690999,-0.6687457455978518,-0.6687460185789657,-0.6687460341750803,-0.6687460350334573,-0.6687460355143092,-0.6687460355795158,-0.6687460359098253,-0.6687460353969525]],"ks":[3,5,7,9,11,13,15,17,19,21,23,25]}