{"parameters":[[100,-0.001,1.0e-8]],"runtime":487615.990690548,"energies":[-0.6699375089246884,-0.6699454642415804]}