{"parameters":[[1000,-0.01,1.0e-8],[1000,-0.001,1.0e-9]],"runtime":31747.902609942,"energies":[-0.6635958205442867,-0.6691405955461406,-0.6692220512962082,-0.6692335501051405,-0.66923712771155,-0.6692396897928601,-0.6692328138884135,-0.6692365834102929,-0.6692339691835603,-0.6692364972920332,-0.6692417382830174,-0.6692492665561244,-0.6692536369775646,-0.6692600974682739,-0.6692581181466268,-0.6692592108967272,-0.6692624970654626,-0.669261917129679,-0.6692653978526383,-0.6692628183878753,-0.6692651247942037]}