{"Ds":[2,3,4],"energies":[[-0.6594424886615787,-0.659442488746681,-0.6594424887466817,-0.659442488746681],[-0.6642741824683065,-0.6642743034419735,-0.6642744302412467,-0.6642742919044455],[-0.6687356250037352,-0.6687361115503695,-0.6687343144779604,-0.6687358387905329]],"ks":[3,5,7,9]}