{"parameters":[[500,-0.001,1.0e-8],[200,-0.0001,1.0e-9],[200,-1.0e-5,1.0e-9]],"runtime":320496.245916707,"energies":[-0.6683064011293186,-0.668346286762415,-0.668382211500552,-0.6684142924475255,-0.6684435081291936,-0.6684692773766447,-0.6684933504140504,-0.6685146265985384,-0.6685339070554296,-0.6685516606565516,-0.6685678574004705,-0.6685693840184511,-0.6685703699405574,-0.6685724105378806,-0.6685734048585058,-0.6685732988972188,-0.6685739755681026,-0.6685737976155681,-0.668574032275721]}