{"Ds":[2,3,4,5,6],"ts":[0.20135450380000003,0.8794644714000001,11.2024194958,150.8683995376,1474.3782694544]}