{"times":[403.318474312,20.444345395,15.418760493,15.796619266,15.265757801,14.9220198,15.635293328,15.051605001,14.773266986,15.566439061],"energies":[-0.6358502954382511,-0.6359625389225866,-0.6360553962499903,-0.6361331468591199,-0.6361997402935314,-0.6362580921852391,-0.6363103646583659,-0.6363581305511283,-0.6364026197351601,-0.6364446030113527,-0.6364847723320909]}