{"times":[754.833948293,753.318976974,785.091757064,806.634659368,808.952841679,823.093873275,829.887318535,838.236176904,848.260133675,841.336852764],"energies":[-0.6478265690908144,-0.6459222548716664,-0.6466959025964677,-0.6473220990546759,-0.6478458943595768,-0.6482777907727311,-0.6486432972140787,-0.6489625665110356,-0.6492389441254847,-0.6494808254316442,-0.649703645111789]}