{"times":[75.208069758,74.197850218,70.699764293,72.596829787,73.897810016,72.482616874,73.385248349,73.601493664,74.398349338,70.803494662],"energies":[-0.6454299651465703,-0.6460866835594052,-0.6465701186142881,-0.6469406330125708,-0.6472285504994297,-0.6474524563203709,-0.6476260397692838,-0.6477599492687612,-0.6478630319270056,-0.647941702805646,-0.6480009928327157]}