{"times":[428.645417538,78.049234582,77.794463872,77.907624965,77.623926326,77.625303696,79.799019595,76.517671431,76.783600837,77.653320195],"energies":[-0.6358502954382557,-0.6359625388669136,-0.6360553957918138,-0.6361331465161506,-0.6361997396289343,-0.6362580916287018,-0.6363103643087089,-0.6363581270702263,-0.6364025929820603,-0.6364446008556109,-0.6364847629335724]}