{"times":[650.863622863,649.179905335,672.348996734,676.336208336,681.514573244,683.63020712,686.611634703,695.739077143,698.446137966,696.63750881],"energies":[-0.647826556585057,-0.6459249201119576,-0.6466912050536321,-0.6473242917698294,-0.6478476992005092,-0.6482871691158948,-0.6486541481545051,-0.6489739100297764,-0.6492515760814487,-0.649491736162308,-0.6497017398591148]}