{"times":[390.080792113,27.00068359,26.774911793,26.810354177,26.534105688,25.796068399,24.915823202,24.610463925,23.756541306,23.724007886],"energies":[-0.635850295438252,-0.6359625386524139,-0.6360553956945141,-0.6361331459741479,-0.6361997391895394,-0.6362580910610497,-0.6363103638068759,-0.6363581273892505,-0.6364026067427466,-0.6364445946770066,-0.63648475976856]}